-0.00089999998454 ,4.0
-0.000897999969311,4.0
-0.00089600001229 ,4.0
-0.000893999997061,4.0
-0.000891999981832,4.0
-0.000889999966603,4.0
-0.000888000009581,4.0
-0.000885999994352,4.0
-0.000883999979123,4.0
-0.000881999963894,4.0
-0.000880000006873,4.0
-0.000877999991644,4.0
-0.000875999976415,4.0
-0.000873999961186,4.0
-0.000872000004165,4.0
-0.000869999988936,4.0
-0.000867999973707,4.0
-0.000865999958478,4.0
-0.000864000001457,4.0
-0.000861999986228,4.0
-0.000859999970999,4.0
-0.00085799995577 ,4.0
-0.000855999998748,4.0
-0.000853999983519,4.0
-0.00085199996829 ,4.0
-0.000850000011269,4.0
-0.00084799999604 ,4.0
-0.000845999980811,4.0
-0.000843999965582,4.0
-0.000842000008561,4.0
-0.000839999993332,4.0
-0.000837999978103,3.60000014
-0.000835999962874,4.0
-0.000834000005852,4.0
-0.000831999990623,4.0
-0.000829999975394,4.0
-0.000827999960165,4.0
-0.000826000003144,4.0
-0.000823999987915,4.0
-0.000821999972686,4.0
-0.000819999957457,4.0
-0.000818000000436,3.60000014
-0.000815999985207,3.60000014
-0.000813999969978,3.60000014
-0.000812000012957,4.0
-0.000809999997728,4.0
-0.000807999982499,4.0
-0.00080599996727 ,4.0
-0.000804000010248,4.0
-0.000801999995019,4.0
-0.00079999997979 ,4.0
-0.000797999964561,4.0
-0.00079600000754 ,4.0
-0.000793999992311,4.0
-0.000791999977082,4.0
-0.000789999961853,4.0
-0.000788000004832,4.0
-0.000785999989603,4.0
-0.000783999974374,4.0
-0.000781999959145,4.0
-0.000780000002123,4.0
-0.000777999986894,4.0
-0.000775999971665,4.0
-0.000773999956436,4.0
-0.000771999999415,4.0
-0.000769999984186,3.60000014
-0.000767999968957,4.0
-0.000766000011936,4.0
-0.000763999996707,3.60000014
-0.000761999981478,4.0
-0.000759999966249,4.0
-0.000758000009228,4.0
-0.000755999993999,4.0
-0.00075399997877 ,4.0
-0.000751999963541,4.0
-0.000750000006519,4.0
-0.00074799999129 ,4.0
-0.000745999976061,4.0
-0.000743999960832,4.0
-0.000742000003811,4.0
-0.000739999988582,4.0
-0.000737999973353,4.0
-0.000735999958124,4.0
-0.000734000001103,4.0
-0.000731999985874,4.0
-0.000729999970645,4.0
-0.000728000013623,4.0
-0.000725999998394,4.0
-0.000723999983165,4.0
-0.000721999967936,4.0
-0.000720000010915,4.0
-0.000717999995686,4.0
-0.000715999980457,4.0
-0.000713999965228,4.0
-0.000712000008207,4.0
-0.000709999992978,4.0
-0.000707999977749,4.0
-0.00070599996252 ,3.60000014
-0.000704000005499,4.0
-0.00070199999027 ,4.0
-0.000699999975041,4.0
-0.000697999959812,4.0
-0.00069600000279 ,4.0
-0.000693999987561,3.60000014
-0.000691999972332,4.0
-0.000689999957103,4.0
-0.000688000000082,4.0
-0.000685999984853,4.0
-0.000683999969624,4.0
-0.000682000012603,4.0
-0.000679999997374,3.60000014
-0.000677999982145,4.0
-0.000675999966916,4.0
-0.000674000009894,4.0
-0.000671999994665,4.0
-0.000669999979436,4.0
-0.000667999964207,4.0
-0.000666000007186,4.0
-0.000663999991957,4.0
-0.000661999976728,4.0
-0.000659999961499,3.60000014
-0.000658000004478,4.0
-0.000655999989249,4.0
-0.00065399997402 ,4.0
-0.000651999958791,4.0
-0.00065000000177 ,4.0
-0.000647999986541,3.60000014
-0.000645999971312,4.0
-0.00064400001429 ,4.0
-0.000641999999061,3.60000014
-0.000639999983832,3.60000014
-0.000637999968603,3.60000014
-0.000636000011582,4.0
-0.000633999996353,3.60000014
-0.000631999981124,4.0
-0.000629999965895,4.0
-0.000628000008874,4.0
-0.000625999993645,3.60000014
-0.000623999978416,3.60000014
-0.000621999963187,3.60000014
-0.000620000006165,4.0
-0.000617999990936,3.60000014
-0.000615999975707,4.0
-0.000613999960478,3.60000014
-0.000612000003457,4.0
-0.000609999988228,3.60000014
-0.000607999972999,3.60000014
-0.00060599995777 ,3.60000014
-0.000604000000749,3.60000014
-0.00060199998552 ,3.60000014
-0.000599999970291,3.60000014
-0.000598000013269,3.60000014
-0.00059599999804 ,3.60000014
-0.000593999982812,4.0
-0.000591999967583,4.0
-0.000590000010561,3.60000014
-0.000587999995332,3.60000014
-0.000585999980103,3.60000014
-0.000583999964874,3.60000014
-0.000582000007853,3.60000014
-0.000579999992624,3.60000014
-0.000577999977395,3.60000014
-0.000575999962166,3.60000014
-0.000574000005145,4.0
-0.000571999989916,4.0
-0.000569999974687,4.0
-0.000567999959458,4.0
-0.000566000002436,4.0
-0.000563999987207,3.60000014
-0.000561999971978,3.60000014
-0.000559999956749,3.60000014
-0.000557999999728,3.60000014
-0.000555999984499,3.60000014
-0.00055399996927 ,3.60000014
-0.000552000012249,3.60000014
-0.00054999999702 ,3.60000014
-0.000547999981791,3.60000014
-0.000545999966562,3.60000014
-0.00054400000954 ,3.60000014
-0.000541999994311,3.60000014
-0.000539999979082,3.60000014
-0.000537999963854,4.0
-0.000536000006832,3.60000014
-0.000533999991603,4.0
-0.000531999976374,3.60000014
-0.000529999961145,4.0
-0.000528000004124,3.60000014
-0.000525999988895,3.60000014
-0.000523999973666,3.60000014
-0.000521999958437,3.60000014
-0.000520000001416,3.60000014
-0.000517999986187,3.60000014
-0.000515999970958,3.60000014
-0.000514000013936,3.60000014
-0.000511999998707,3.60000014
-0.000509999983478,3.60000014
-0.000507999968249,3.60000014
-0.000506000011228,3.60000014
-0.000503999995999,3.60000014
-0.00050199998077 ,3.60000014
-0.000499999965541,4.0
-0.00049800000852 ,4.0
-0.000495999993291,3.60000014
-0.000493999978062,3.60000014
-0.000491999962833,4.0
-0.000490000005811,3.60000014
-0.000487999990582,3.60000014
-0.000485999975353,3.60000014
-0.000483999989228,3.60000014
-0.000481999973999,3.60000014
-0.000479999987874,3.60000014
-0.000477999972645,4.0
-0.00047599998652 ,3.60000014
-0.000473999971291,4.0
-0.000471999985166,4.0
-0.000469999999041,4.0
-0.000467999983812,3.60000014
-0.000465999997687,3.60000014
-0.000463999982458,3.60000014
-0.000461999996332,4.0
-0.000459999981103,4.0
-0.000457999994978,3.60000014
-0.000455999979749,3.60000014
-0.000453999993624,3.60000014
-0.000451999978395,3.60000014
-0.00044999999227 ,3.60000014
-0.000447999977041,3.60000014
-0.000445999990916,4.0
-0.000443999975687,4.0
-0.000441999989562,3.60000014
-0.000439999974333,3.60000014
-0.000437999988208,3.60000014
-0.000435999972979,3.60000014
-0.000433999986853,3.60000014
-0.000431999971624,3.60000014
-0.000429999985499,3.60000014
-0.000427999999374,3.60000014
-0.000425999984145,3.60000014
-0.00042399999802 ,3.60000014
-0.000421999982791,3.60000014
-0.000419999996666,3.60000014
-0.000417999981437,3.60000014
-0.000415999995312,4.0
-0.000413999980083,4.0
-0.000411999993958,4.0
-0.000409999978729,3.60000014
-0.000407999992603,4.0
-0.000405999977374,3.60000014
-0.000403999991249,4.0
-0.00040199997602 ,4.0
-0.0003999999899  ,3.60000014
-0.00039799997467 ,4.0
-0.00039599998854 ,4.0
-0.00039399997331 ,3.60000014
-0.00039199998719 ,4.0
-0.00038999997196 ,4.0
-0.00038799998583 ,4.0
-0.00038599999971 ,4.0
-0.00038399998448 ,3.60000014
-0.00038199999835 ,3.60000014
-0.00037999998312 ,4.0
-0.000377999997   ,4.0
-0.00037599998177 ,3.60000014
-0.00037399999565 ,4.0
-0.00037199998042 ,4.0
-0.00036999999429 ,4.0
-0.00036799997906 ,4.0
-0.00036599999294 ,3.60000014
-0.00036399997771 ,3.60000014
-0.00036199999158 ,4.0
-0.00035999997635 ,4.0
-0.00035799999023 ,4.0
-0.000355999975   ,4.0
-0.00035399998887 ,3.60000014
-0.00035199997365 ,4.0
-0.00034999998752 ,3.60000014
-0.00034799997229 ,3.60000014
-0.00034599998617 ,4.0
-0.00034400000004 ,3.60000014
-0.00034199998481 ,3.60000014
-0.00033999999869 ,3.60000014
-0.00033799998346 ,4.0
-0.00033599999733 ,3.60000014
-0.0003339999821  ,4.0
-0.00033199999598 ,4.0
-0.00032999998075 ,3.60000014
-0.00032799999462 ,3.60000014
-0.0003259999794  ,3.60000014
-0.00032399999327 ,4.0
-0.00032199997804 ,3.60000014
-0.00031999999192 ,4.0
-0.00031799997669 ,3.60000014
-0.00031599999056 ,3.60000014
-0.00031399997533 ,3.60000014
-0.00031199998921 ,3.60000014
-0.00030999997398 ,4.0
-0.00030799998785 ,4.0
-0.00030599997262 ,4.0
-0.0003039999865  ,3.60000014
-0.00030200000037 ,4.0
-0.00029999998515 ,4.0
-0.00029799999902 ,4.0
-0.00029599998379 ,4.0
-0.00029399999767 ,4.0
-0.00029199998244 ,4.0
-0.00028999999631 ,3.60000014
-0.00028799998108 ,4.0
-0.00028599999496 ,4.0
-0.00028399997973 ,4.0
-0.0002819999936  ,4.0
-0.00027999997837 ,3.60000014
-0.00027799999225 ,3.60000014
-0.00027599997702 ,4.0
-0.0002739999909  ,3.60000014
-0.00027199997567 ,4.0
-0.00026999998954 ,4.0
-0.00026799997431 ,4.0
-0.00026599998819 ,4.0
-0.00026399997296 ,3.60000014
-0.00026199998683 ,4.0
-0.00026000000071 ,3.60000014
-0.00025799998548 ,4.0
-0.00025599999935 ,4.0
-0.00025399998412 ,3.60000014
-0.000251999998   ,3.60000014
-0.00024999998277 ,3.60000014
-0.00024799999665 ,3.60000014
-0.00024599998142 ,4.0
-0.00024399998074 ,4.0
-0.00024199998006 ,4.0
-0.00023999997939 ,4.0
-0.00023799999326 ,4.0
-0.00023599999258 ,4.0
-0.00023399999191 ,3.60000014
-0.00023199999123 ,3.60000014
-0.00022999999055 ,3.60000014
-0.00022799998987 ,4.0
-0.0002259999892  ,4.0
-0.00022399998852 ,4.0
-0.00022199998784 ,4.0
-0.00021999998717 ,4.0
-0.00021799998649 ,4.0
-0.00021599998581 ,4.0
-0.00021399998514 ,4.0
-0.00021199998446 ,3.60000014
-0.00020999998378 ,3.60000014
-0.0002079999831  ,3.60000014
-0.00020599998243 ,4.0
-0.00020399998175 ,3.60000014
-0.00020199998107 ,4.0
-0.0001999999804  ,4.0
-0.00019799997972 ,4.0
-0.00019599997904 ,3.60000014
-0.00019399999292 ,3.60000014
-0.00019199999224 ,3.60000014
-0.00018999999156 ,4.0
-0.00018799999089 ,4.0
-0.00018599999021 ,3.60000014
-0.00018399998953 ,4.0
-0.00018199998885 ,4.0
-0.00017999998818 ,4.0
-0.0001779999875  ,4.0
-0.00017599998682 ,4.0
-0.00017399998615 ,4.0
-0.00017199998547 ,3.60000014
-0.00016999998479 ,3.60000014
-0.00016799998411 ,3.60000014
-0.00016599998344 ,3.60000014
-0.00016399998276 ,4.0
-0.00016199998208 ,4.0
-0.00015999998141 ,4.0
-0.00015799998073 ,4.0
-0.00015599998005 ,4.0
-0.00015399997937 ,3.60000014
-0.00015199999325 ,3.60000014
-0.00014999999257 ,4.0
-0.0001479999919  ,4.0
-0.0001459999912  ,4.0
-0.0001439999905  ,4.0
-0.0001419999899  ,4.0
-0.0001399999892  ,4.0
-0.0001379999885  ,4.0
-0.0001359999878  ,4.0
-0.0001339999872  ,4.0
-0.0001319999865  ,4.0
-0.0001299999858  ,4.0
-0.0001279999851  ,4.0
-0.0001259999844  ,4.0
-0.0001239999838  ,4.0
-0.0001219999831  ,4.0
-0.0001199999897  ,4.0
-0.000117999989   ,4.0
-0.0001159999883  ,3.60000014
-0.0001139999877  ,3.60000014
-0.000111999987   ,3.60000014
-0.0001099999863  ,4.0
-0.0001079999856  ,4.0
-0.000105999985   ,4.0
-0.0001039999843  ,4.0
-0.0001019999836  ,4.0
-9.9999990198e-05 ,4.0
-9.7999989521e-05 ,4.0
-9.5999988844e-05 ,4.0
-9.3999988167e-05 ,3.60000014
-9.199998749e-05  ,4.0
-8.9999986812e-05 ,4.0
-8.7999986135e-05 ,4.0
-8.5999985458e-05 ,4.0
-8.3999984781e-05 ,4.0
-8.1999984104e-05 ,4.0
-7.9999983427e-05 ,4.0
-7.7999990026e-05 ,4.0
-7.5999989349e-05 ,4.0
-7.3999988672e-05 ,4.0
-7.1999987995e-05 ,3.60000014
-6.9999987318e-05 ,4.0
-6.7999986641e-05 ,4.0
-6.5999985964e-05 ,4.0
-6.3999985287e-05 ,4.0
-6.1999984609e-05 ,4.0
-5.999998757e-05  ,4.0
-5.7999986893e-05 ,3.60000014
-5.5999986216e-05 ,3.60000014
-5.399998554e-05  ,4.0
-5.19999885e-05   ,4.0
-4.999998782e-05  ,4.0
-4.799998715e-05  ,4.0
-4.599998647e-05  ,4.0
-4.399998579e-05  ,4.0
-4.199998511e-05  ,3.60000014
-3.999998808e-05  ,4.0
-3.79999874e-05   ,4.0
-3.599998672e-05  ,4.0
-3.399998604e-05  ,4.0
-3.199998537e-05  ,4.0
-2.999998651e-05  ,3.60000014
-2.799998765e-05  ,4.0
-2.599998697e-05  ,4.0
-2.39999863e-05   ,4.0
-2.199998744e-05  ,3.60000014
-1.99999868e-05   ,4.0
-1.79999861e-05   ,4.0
-1.59999872e-05   ,3.60000014
-1.39999865e-05   ,3.60000014
-1.19999868e-05   ,4.0
-9.999987014e-06  ,4.0
-7.999986337e-06  ,4.0
-5.99998657e-06   ,3.60000014
-3.9999868e-06    ,4.0
-1.9999868e-06    ,3.60000014
1.31877e-11       ,4.0
2.0000132e-06     ,4.0
4.00001318e-06    ,3.60000014
6.00001295e-06    ,3.60000014
8.000013622e-06   ,3.60000014
1.00000134e-05    ,3.60000014
1.20000132e-05    ,3.60000014
1.40000129e-05    ,3.60000014
1.60000127e-05    ,3.60000014
1.80000134e-05    ,3.60000014
2.0000014e-05     ,3.60000014
2.20000129e-05    ,3.60000014
2.400001358e-05   ,3.60000014
2.600001244e-05   ,3.20000005
2.800001312e-05   ,3.20000005
3.000001379e-05   ,3.60000014
3.200001447e-05   ,3.60000014
3.400001151e-05   ,3.20000005
3.600001219e-05   ,3.60000014
3.800001286e-05   ,4.0
4.000001354e-05   ,4.80000019
4.200001422e-05   ,6.0
4.40000149e-05    ,6.80000019
4.600001193e-05   ,7.599999905
4.800001261e-05   ,8.400000572
5.000001329e-05   ,9.199999809
5.200001397e-05   ,10.4000006
5.400001464e-05   ,11.1999998
5.6000011682e-05  ,12.0
5.8000012359e-05  ,12.8000002
6.0000013036e-05  ,13.6000004
6.2000013713e-05  ,14.4000006
6.400001439e-05   ,15.1999998
6.6000015067e-05  ,16.0
6.8000015744e-05  ,16.8000011
7.0000016422e-05  ,17.6000004
7.2000009823e-05  ,18.3999996
7.40000105e-05    ,19.2000008
7.6000011177e-05  ,20.0
7.8000011854e-05  ,20.80000114
8.0000012531e-05  ,21.60000038
8.2000013208e-05  ,22.39999962
8.4000013885e-05  ,23.20000076
8.6000014562e-05  ,24.0
8.8000015239e-05  ,24.39999962
9.0000015916e-05  ,25.20000076
9.2000016593e-05  ,26.0
9.4000009994e-05  ,26.80000114
9.6000010672e-05  ,27.60000038
9.8000011349e-05  ,28.0
0.000100000012    ,28.80000114
0.0001020000127   ,29.20000076
0.0001040000134   ,30.0
0.0001060000141   ,30.80000114
0.0001080000147   ,31.60000038
0.0001100000154   ,32.0
0.0001120000161   ,33.20000076
0.0001140000095   ,33.60000229
0.0001160000102   ,34.40000153
0.0001180000108   ,34.79999924
0.0001200000115   ,35.60000229
0.0001220000122   ,36.40000153
0.0001240000129   ,37.20000076
0.0001260000136   ,38.0
0.0001280000142   ,38.40000153
0.0001300000149   ,39.20000076
0.0001320000156   ,39.60000229
0.0001340000163   ,40.0
0.0001360000169   ,40.79999924
0.0001380000176   ,41.20000076
0.0001400000183   ,42.0
0.000142000019    ,42.40000153
0.0001440000196   ,42.79999924
0.0001460000058   ,43.60000229
0.0001480000064   ,44.0
0.00015000000712  ,44.79999924
0.0001520000078   ,45.20000076
0.00015400000848  ,45.60000229
0.00015600000916  ,46.0
0.00015800000983  ,46.40000153
0.00016000001051  ,47.20000076
0.00016200001119  ,47.60000229
0.00016400001186  ,48.0
0.00016600001254  ,48.40000153
0.00016800001322  ,48.79999924
0.0001700000139   ,48.79999924
0.00017200001457  ,49.60000229
0.00017400001525  ,50.40000153
0.00017600001593  ,50.40000153
0.0001780000166   ,50.79999924
0.00018000001728  ,51.20000076
0.00018200001796  ,51.60000229
0.00018400001863  ,52.0
0.00018600001931  ,52.40000153
0.00018800000544  ,52.40000153
0.00019000000611  ,52.79999924
0.00019200000679  ,52.79999924
0.00019400000747  ,53.60000229
0.00019600000815  ,54.0
0.00019800000882  ,54.0
0.0002000000095   ,54.40000153
0.00020200001018  ,54.799999237
0.00020400001085  ,54.799999237
0.00020600001153  ,55.200000763
0.00020800001221  ,55.200000763
0.00021000001288  ,55.600002289
0.00021200001356  ,55.600002289
0.00021400001424  ,56.400001526
0.00021600001492  ,56.0
0.00021800001559  ,56.400001526
0.00022000001627  ,56.799999237
0.00022200001695  ,56.799999237
0.00022400001762  ,57.200000763
0.0002260000183   ,57.200000763
0.00022800001898  ,57.200000763
0.00023000001966  ,57.200000763
0.00023200000578  ,57.600002289
0.00023400000646  ,57.600002289
0.00023600000713  ,58.0
0.00023800000781  ,58.0
0.00024000000849  ,58.400001526
0.00024200000917  ,58.400001526
0.00024400000984  ,58.400001526
0.00024600001052  ,58.799999237
0.00024800002575  ,58.400001526
0.00025000001187  ,58.799999237
0.000251999998    ,58.799999237
0.00025400001323  ,58.799999237
0.00025599999935  ,58.799999237
0.00025800001458  ,58.799999237
0.00026000000071  ,59.200000763
0.00026200001594  ,59.200000763
0.00026400000206  ,59.200000763
0.00026600001729  ,59.200000763
0.00026800000342  ,59.200000763
0.00027000001865  ,59.200000763
0.00027200000477  ,59.200000763
0.00027400002     ,59.200000763
0.00027600000612  ,59.200000763
0.00027800002135  ,59.200000763
0.00028000000748  ,59.200000763
0.00028200002271  ,59.200000763
0.00028400000883  ,59.200000763
0.00028600002406  ,59.200000763
0.00028800001019  ,59.200000763
0.00029000002542  ,59.200000763
0.00029200001154  ,59.200000763
0.00029400002677  ,59.200000763
0.0002960000129   ,59.200000763
0.00029799999902  ,58.799999237
0.00030000001425  ,58.799999237
0.00030200000037  ,58.799999237
0.0003040000156   ,58.799999237
0.00030600000173  ,58.400001526
0.00030800001696  ,58.400001526
0.00031000000308  ,58.400001526
0.00031200001831  ,58.799999237
0.00031400000444  ,58.400001526
0.00031600001967  ,58.400001526
0.00031800000579  ,58.400001526
0.00032000002102  ,58.0
0.00032200000715  ,58.0
0.00032400002237  ,58.0
0.0003260000085   ,58.0
0.00032800002373  ,57.600002289
0.00033000000985  ,57.200000763
0.00033200002508  ,57.200000763
0.00033400001121  ,57.200000763
0.00033600002644  ,57.200000763
0.00033800001256  ,57.200000763
0.00033999999869  ,56.799999237
0.00034200001392  ,56.799999237
0.00034400000004  ,56.400001526
0.00034600001527  ,56.400001526
0.0003480000014   ,56.400001526
0.00035000001662  ,56.0
0.00035200000275  ,56.400001526
0.00035400001798  ,56.0
0.0003560000041   ,56.0
0.00035800001933  ,55.600002289
0.00036000000546  ,55.200000763
0.00036200002069  ,55.200000763
0.00036400000681  ,55.200000763
0.00036600002204  ,55.200000763
0.00036800000817  ,54.799999237
0.00037000002339  ,54.799999237
0.00037200000952  ,54.40000153
0.00037400002475  ,54.40000153
0.00037600001087  ,54.40000153
0.0003780000261   ,54.40000153
0.00038000001223  ,54.40000153
0.00038199999835  ,54.0
0.00038400001358  ,54.0
0.00038599999971  ,53.20000076
0.00038800001494  ,53.60000229
0.00039000000106  ,53.20000076
0.00039200001629  ,53.20000076
0.00039400000242  ,52.79999924
0.00039600001764  ,52.79999924
0.00039800000377  ,52.40000153
0.000400000019    ,52.40000153
0.00040200000512  ,52.0
0.000404000020353 ,52.0
0.000406000006478 ,52.0
0.000408000021707 ,51.60000229
0.000410000007832 ,51.60000229
0.000412000023061 ,51.60000229
0.000414000009187 ,51.60000229
0.000416000024416 ,51.20000076
0.000418000010541 ,51.20000076
0.00042000002577  ,50.79999924
0.000422000011895 ,50.79999924
0.00042399999802  ,50.40000153
0.000426000013249 ,50.40000153
0.000427999999374 ,50.0
0.000430000014603 ,50.0
0.000432000000728 ,49.60000229
0.000434000015957 ,49.60000229
0.000436000002082 ,49.20000076
0.000438000017311 ,49.20000076
0.000440000003437 ,49.20000076
0.000442000018666 ,48.79999924
0.000444000004791 ,48.40000153
0.00044600002002  ,48.40000153
0.000448000006145 ,48.40000153
0.000450000021374 ,48.40000153
0.000452000007499 ,48.0
0.000454000022728 ,47.60000229
0.000456000008853 ,47.60000229
0.000458000024082 ,47.20000076
0.000460000010207 ,47.20000076
0.000462000025436 ,47.20000076
0.000464000011561 ,46.79999924
0.000465999997687 ,46.79999924
0.000468000012916 ,46.40000153
0.000469999999041 ,46.40000153
0.00047200001427  ,46.40000153
0.000474000000395 ,46.0
0.000476000015624 ,45.60000229
0.000478000001749 ,45.60000229
0.000480000016978 ,45.20000076
0.000482000003103 ,45.20000076
0.000484000018332 ,45.20000076
0.000486000004457 ,44.79999924
0.000488000019686 ,44.79999924
0.000490000005811 ,44.79999924
0.00049200002104  ,44.0
0.000494000036269 ,44.0
0.000495999993291 ,43.60000229
0.00049800000852  ,43.60000229
0.000500000023749 ,43.60000229
0.000502000038978 ,43.20000076
0.000503999995999 ,43.20000076
0.000506000011228 ,42.79999924
0.000508000026457 ,42.79999924
0.000509999983478 ,42.79999924
0.000511999998707 ,42.40000153
0.000514000013936 ,42.0
0.000516000029165 ,42.0
0.000517999986187 ,42.0
0.000520000001416 ,41.60000229
0.000522000016645 ,41.60000229
0.000524000031874 ,41.60000229
0.000525999988895 ,41.60000229
0.000528000004124 ,40.79999924
0.000530000019353 ,40.79999924
0.000532000034582 ,40.79999924
0.000533999991603 ,40.40000153
0.000536000006832 ,40.40000153
0.000538000022061 ,40.0
0.00054000003729  ,40.0
0.000541999994311 ,39.60000229
0.00054400000954  ,39.60000229
0.000546000024769 ,39.60000229
0.000548000039998 ,39.20000076
0.00054999999702  ,38.79999924
0.000552000012249 ,38.79999924
0.000554000027478 ,38.79999924
0.000555999984499 ,38.40000153
0.000557999999728 ,38.0
0.000560000014957 ,38.0
0.000562000030186 ,38.0
0.000563999987207 ,38.0
0.000566000002436 ,37.60000229
0.000568000017665 ,37.20000076
0.000570000032894 ,37.20000076
0.000571999989916 ,37.20000076
0.000574000005145 ,36.79999924
0.000576000020374 ,36.79999924
0.000578000035603 ,36.40000153
0.000579999992624 ,36.0
0.000582000007853 ,36.0
0.000584000023082 ,36.0
0.000586000038311 ,35.60000229
0.000587999995332 ,35.60000229
0.000590000010561 ,35.20000076
0.00059200002579  ,35.20000076
0.000593999982812 ,34.79999924
0.00059599999804  ,34.79999924
0.000598000013269 ,34.79999924
0.000600000028498 ,34.79999924
0.00060199998552  ,34.40000153
0.000604000000749 ,34.0
0.000606000015978 ,34.0
0.000608000031207 ,34.0
0.000609999988228 ,33.60000229
0.000612000003457 ,33.20000076
0.000614000018686 ,33.20000076
0.000616000033915 ,32.79999924
0.000617999990936 ,33.20000076
0.000620000006165 ,32.79999924
0.000622000021394 ,32.79999924
0.000624000036623 ,32.79999924
0.000625999993645 ,32.40000153
0.000628000008874 ,32.0
0.000630000024103 ,32.0
0.000632000039332 ,31.60000038
0.000633999996353 ,31.60000038
0.000636000011582 ,31.60000038
0.000638000026811 ,31.20000076
0.000639999983832 ,31.20000076
0.000641999999061 ,31.20000076
0.00064400001429  ,30.80000114
0.000646000029519 ,30.80000114
0.000647999986541 ,30.80000114
0.00065000000177  ,30.39999962
0.000652000016998 ,30.39999962
0.000654000032227 ,30.0
0.000655999989249 ,30.0
0.000658000004478 ,29.60000038
0.000660000019707 ,30.0
0.000662000034936 ,29.60000038
0.000663999991957 ,29.20000076
0.000666000007186 ,29.20000076
0.000668000022415 ,29.20000076
0.000670000037644 ,28.80000114
0.000671999994665 ,28.80000114
0.000674000009894 ,28.39999962
0.000676000025123 ,28.39999962
0.000678000040352 ,28.39999962
0.000679999997374 ,28.0
0.000682000012603 ,28.0
0.000684000027832 ,28.0
0.000685999984853 ,28.0
0.000688000000082 ,27.60000038
0.000690000015311 ,27.60000038
0.00069200003054  ,27.60000038
0.000693999987561 ,27.20000076
0.00069600000279  ,27.20000076
0.000698000018019 ,27.20000076
0.000700000033248 ,26.80000114
0.00070199999027  ,26.80000114
0.000704000005499 ,26.80000114
0.000706000020728 ,26.80000114
0.000708000035957 ,26.80000114
0.000709999992978 ,26.39999962
0.000712000008207 ,26.39999962
0.000714000023436 ,26.0
0.000716000038665 ,26.0
0.000717999995686 ,26.0
0.000720000010915 ,26.0
0.000722000026144 ,26.0
0.000723999983165 ,25.60000038
0.000725999998394 ,25.60000038
0.000728000013623 ,25.20000076
0.000730000028852 ,25.20000076
0.000731999985874 ,25.20000076
0.000734000001103 ,25.20000076
0.000736000016332 ,24.80000114
0.000738000031561 ,24.80000114
0.000739999988582 ,24.80000114
0.000742000003811 ,24.80000114
0.00074400001904  ,24.39999962
0.000746000034269 ,24.39999962
0.00074799999129  ,24.39999962
0.000750000006519 ,24.39999962
0.000752000021748 ,24.39999962
0.000754000036977 ,24.39999962
0.000755999993999 ,24.0
0.000758000009228 ,24.0
0.000760000024457 ,24.0
0.000762000039686 ,24.0
0.000763999996707 ,24.0
0.000766000011936 ,23.60000038
0.000768000027165 ,23.20000076
0.000769999984186 ,23.60000038
0.000771999999415 ,23.20000076
0.000774000014644 ,23.20000076
0.000776000029873 ,23.20000076
0.000777999986894 ,22.80000114
0.000780000002123 ,22.80000114
0.000782000017352 ,22.80000114
0.000784000032581 ,22.80000114
0.000785999989603 ,22.80000114
0.000788000004832 ,22.80000114
0.000790000020061 ,22.39999962
0.00079200003529  ,22.39999962
0.000793999992311 ,22.39999962
0.00079600000754  ,22.39999962
0.000798000022769 ,22.39999962
0.000800000037998 ,22.39999962
0.000801999995019 ,22.39999962
0.000804000010248 ,22.0
0.000806000025477 ,22.0
0.000807999982499 ,21.60000038
0.000809999997728 ,22.0
0.000812000012957 ,21.60000038
0.000814000028186 ,21.60000038
0.000815999985207 ,21.60000038
0.000818000000436 ,21.60000038
0.000820000015665 ,21.20000076
0.000822000030894 ,21.20000076
0.000823999987915 ,21.20000076
0.000826000003144 ,21.20000076
0.000828000018373 ,21.20000076
0.000830000033602 ,20.80000114
0.000831999990623 ,21.20000076
0.000834000005852 ,20.80000114
0.000836000021081 ,20.80000114
0.00083800003631  ,20.80000114
0.000839999993332 ,20.80000114
0.000842000008561 ,20.80000114
0.00084400002379  ,20.80000114
0.000846000039019 ,20.39999962
0.00084799999604  ,20.39999962
0.000850000011269 ,20.39999962
0.000852000026498 ,20.39999962
0.000853999983519 ,20.39999962
0.000855999998748 ,20.39999962
0.000858000013977 ,20.39999962
0.000860000029206 ,20.39999962
0.000861999986228 ,20.39999962
0.000864000001457 ,20.0
0.000866000016686 ,20.0
0.000868000031915 ,20.0
0.000869999988936 ,19.6000004
0.000872000004165 ,19.6000004
0.000874000019394 ,20.0
0.000876000034623 ,20.0
0.000877999991644 ,19.6000004
0.000880000006873 ,19.6000004
0.000882000022102 ,19.6000004
0.000884000037331 ,19.6000004
0.000885999994352 ,19.6000004
0.000888000009581 ,19.2000008
0.00089000002481  ,19.2000008
0.000892000040039 ,19.2000008
0.000893999997061 ,19.2000008
0.00089600001229  ,19.2000008
0.000898000027519 ,19.2000008
0.00089999998454  ,19.2000008
0.000901999999769 ,18.8000011
0.000904000014998 ,18.8000011
0.000906000030227 ,18.8000011
0.000907999987248 ,18.8000011
0.000910000002477 ,18.8000011
0.000912000017706 ,18.3999996
0.000914000032935 ,18.3999996
0.000915999989957 ,18.3999996
0.000918000005186 ,18.3999996
0.000920000020415 ,18.3999996
0.000922000035644 ,18.3999996
0.000923999992665 ,18.3999996
0.000926000007894 ,18.3999996
0.000928000023123 ,18.3999996
0.000930000038352 ,18.0
0.000931999995373 ,18.0
0.000934000010602 ,18.0
0.000936000025831 ,18.0
0.000937999982852 ,18.0
0.000939999998081 ,18.0
0.00094200001331  ,18.0
0.000944000028539 ,18.0
0.000945999985561 ,17.6000004
0.00094800000079  ,17.6000004
0.000950000016019 ,17.6000004
0.000952000031248 ,17.6000004
0.000953999988269 ,17.6000004
0.000956000003498 ,17.6000004
0.000958000018727 ,17.2000008
0.000960000033956 ,17.6000004
0.000961999990977 ,17.2000008
0.000964000006206 ,17.2000008
0.000966000021435 ,17.2000008
0.000968000036664 ,17.2000008
0.000969999993686 ,17.2000008
0.000972000008915 ,17.2000008
0.000974000024144 ,16.8000011
0.000976000039373 ,16.8000011
0.000977999996394 ,17.2000008
0.000980000011623 ,16.8000011
0.000982000026852 ,16.8000011
0.000984000042081 ,16.8000011
0.00098600005731  ,16.8000011
0.000987999956124 ,16.3999996
0.000989999971353 ,16.3999996
0.000991999986582 ,16.3999996
0.00099400000181  ,16.3999996
0.000996000017039 ,16.3999996
0.000998000032268 ,16.3999996
0.001             ,16.3999996
0.0010020001      ,16.3999996
0.001004          ,16.3999996
0.001006          ,16.3999996
0.001008          ,16.3999996
0.00101           ,16.3999996
0.001012          ,16.3999996
0.001014          ,16.0
0.0010160001      ,16.0
0.0010180001      ,16.0
0.00102           ,15.6000004
0.001022          ,15.6000004
0.001024          ,16.0
0.001026          ,15.6000004
0.001028          ,15.6000004
0.00103           ,16.0
0.0010320001      ,15.6000004
0.001034          ,15.6000004
0.001036          ,15.6000004
0.001038          ,15.6000004
0.00104           ,15.6000004
0.001042          ,15.6000004
0.001044          ,15.6000004
0.001046          ,15.1999998
0.0010480001      ,15.1999998
0.00105           ,15.1999998
0.001052          ,15.1999998
0.001054          ,15.1999998
0.001056          ,14.8000002
0.001058          ,15.1999998
0.00106           ,15.1999998
0.0010620001      ,15.1999998
0.001064          ,15.1999998
0.001066          ,15.1999998
0.001068          ,14.8000002
0.00107           ,15.1999998
0.001072          ,15.1999998
0.001074          ,14.8000002
0.001076          ,14.8000002
0.0010780001      ,14.8000002
0.00108           ,14.8000002
0.001082          ,14.8000002
0.001084          ,14.8000002
0.001086          ,14.8000002
0.001088          ,14.8000002
0.00109           ,14.4000006
0.001092          ,14.4000006
0.0010940001      ,14.4000006
0.001096          ,14.4000006
0.001098          ,14.4000006
0.0011            ,14.4000006
0.001102          ,14.4000006
0.001104          ,14.4000006
0.001106          ,14.4000006
0.0011080001      ,14.4000006
0.00111           ,14.0
0.001112          ,14.4000006
0.001114          ,14.4000006
0.001116          ,14.0
0.001118          ,14.0
0.00112           ,14.0
0.001122          ,14.0
0.0011240001      ,14.0
0.001126          ,14.0
0.001128          ,14.0
0.00113           ,14.0
0.001132          ,14.0
0.001134          ,14.0
0.001136          ,14.0
0.0011380001      ,14.0
0.0011400001      ,13.6000004
0.001142          ,14.0
0.001144          ,14.0
0.001146          ,14.0
0.001148          ,14.0
0.00115           ,14.0
0.001152          ,13.6000004
0.0011540001      ,13.6000004
0.001156          ,13.6000004
0.001158          ,13.6000004
0.00116           ,13.6000004
0.001162          ,13.6000004
0.001164          ,13.6000004
0.001166          ,13.6000004
0.001168          ,13.6000004
0.0011700001      ,13.1999998
0.001172          ,13.6000004
0.001174          ,13.6000004
0.001176          ,13.1999998
0.001178          ,13.1999998
0.00118           ,13.1999998
0.001182          ,13.1999998
0.0011840001      ,12.8000002
0.0011860001      ,12.8000002
0.001188          ,12.8000002
0.00119           ,12.8000002
0.001192          ,12.8000002
0.001194          ,12.8000002
0.001196          ,12.8000002
0.001198          ,12.8000002
0.0012000001      ,12.8000002
0.001202          ,12.8000002
0.001204          ,12.8000002
0.001206          ,12.8000002
0.001208          ,12.8000002
0.00121           ,12.4000006
0.001212          ,12.8000002
0.001214          ,12.8000002
0.0012160001      ,12.8000002
0.001218          ,12.8000002
0.00122           ,12.8000002
0.001222          ,12.4000006
0.001224          ,12.4000006
0.001226          ,12.4000006
0.001228          ,12.4000006
0.0012300001      ,12.4000006
0.0012320001      ,12.0
0.001234          ,12.0
0.001236          ,12.0
0.001238          ,12.0
0.00124           ,12.0
0.001242          ,12.0
0.001244          ,12.0
0.0012460001      ,12.0
0.001248          ,12.0
0.00125           ,12.0
0.001252          ,12.0
0.001254          ,11.6000004
0.001256          ,11.6000004
0.001258          ,11.6000004
0.00126           ,12.0
0.0012620001      ,12.0
0.001264          ,11.6000004
0.001266          ,12.0
0.001268          ,11.6000004
0.00127           ,11.6000004
0.001272          ,11.6000004
0.001274          ,11.6000004
0.0012760001      ,11.6000004
0.001278          ,11.6000004
0.00128           ,11.6000004
0.001282          ,11.6000004
0.001284          ,11.6000004
0.001286          ,11.6000004
0.001288          ,11.1999998
0.00129           ,11.1999998
0.0012920001      ,11.1999998
0.001294          ,11.1999998
0.001296          ,11.1999998
0.001298          ,11.1999998
0.0013            ,11.1999998
0.001302          ,11.1999998
0.001304          ,11.1999998
0.001306          ,11.1999998
0.0013080001      ,10.8000002
0.00131           ,11.1999998
0.001312          ,11.1999998
0.001314          ,10.8000002
0.001316          ,10.8000002
0.001318          ,10.8000002
0.00132           ,10.8000002
0.0013220001      ,10.8000002
0.001324          ,10.8000002
0.001326          ,10.8000002
0.001328          ,10.8000002
0.00133           ,10.8000002
0.001332          ,10.8000002
0.001334          ,10.8000002
0.001336          ,10.8000002
0.0013380001      ,10.8000002
0.00134           ,10.8000002
0.001342          ,10.8000002
0.001344          ,10.8000002
0.001346          ,10.8000002
0.001348          ,10.8000002
0.00135           ,10.8000002
0.0013520001      ,10.4000006
0.0013540001      ,10.8000002
0.001356          ,10.4000006
0.001358          ,10.4000006
0.00136           ,10.8000002
0.001362          ,10.4000006
0.001364          ,10.4000006
0.001366          ,10.4000006
0.0013680001      ,10.4000006
0.00137           ,10.4000006
0.001372          ,10.4000006
0.001374          ,10.4000006
0.001376          ,10.4000006
0.001378          ,10.0
0.00138           ,10.0
0.001382          ,10.4000006
0.0013840001      ,10.4000006
0.001386          ,10.0
0.001388          ,10.4000006
0.00139           ,10.0
0.001392          ,10.0
0.001394          ,10.0
0.001396          ,10.0
0.0013980001      ,10.4000006
0.0014000001      ,10.0
0.001402          ,10.0
0.001404          ,10.0
0.001406          ,10.0
0.001408          ,10.0
0.00141           ,10.0
0.001412          ,10.0
0.0014140001      ,10.0
0.001416          ,10.0
0.001418          ,10.0
0.00142           ,10.0
0.001422          ,10.0
0.001424          ,10.0
0.001426          ,10.0
0.001428          ,9.600000381
0.0014300001      ,9.600000381
0.001432          ,9.600000381
0.001434          ,9.600000381
0.001436          ,9.600000381
0.001438          ,9.600000381
0.00144           ,10.0
0.001442          ,9.600000381
0.0014440001      ,9.600000381
0.0014460001      ,9.600000381
0.001448          ,9.600000381
0.00145           ,9.600000381
0.001452          ,9.600000381
0.001454          ,9.600000381
0.001456          ,9.600000381
0.001458          ,9.600000381
0.0014600001      ,9.600000381
0.001462          ,9.600000381
0.001464          ,9.600000381
0.001466          ,9.600000381
0.001468          ,9.199999809
0.00147           ,9.199999809
0.001472          ,9.199999809
0.001474          ,9.199999809
0.0014760001      ,9.199999809
0.001478          ,9.199999809
0.00148           ,9.600000381
0.001482          ,9.199999809
0.001484          ,9.199999809
0.001486          ,9.199999809
0.001488          ,9.199999809
0.0014900001      ,9.199999809
0.001492          ,9.199999809
0.001494          ,9.199999809
0.001496          ,8.800000191
0.001498          ,8.800000191
0.0015            ,8.800000191
0.001502          ,8.800000191
0.001504          ,9.199999809
0.0015060001      ,8.800000191
0.001508          ,8.800000191
0.00151           ,8.800000191
0.001512          ,8.800000191
0.001514          ,8.800000191
0.001516          ,8.800000191
0.001518          ,8.800000191
0.00152           ,8.800000191
0.0015220001      ,8.800000191
0.001524          ,8.800000191
0.001526          ,8.800000191
0.001528          ,8.400000572
0.00153           ,8.400000572
0.001532          ,8.800000191
0.001534          ,8.400000572
0.0015360001      ,8.400000572
0.001538          ,8.400000572
0.00154           ,8.400000572
0.001542          ,8.800000191
0.001544          ,8.400000572
0.001546          ,8.400000572
0.001548          ,8.400000572
0.00155           ,8.400000572
0.0015520001      ,8.400000572
0.001554          ,8.400000572
0.001556          ,8.400000572
0.001558          ,8.400000572
0.00156           ,8.400000572
0.001562          ,8.400000572
0.001564          ,8.400000572
0.001566          ,8.0
0.0015680001      ,8.400000572
0.00157           ,8.400000572
0.001572          ,8.0
0.001574          ,8.400000572
0.001576          ,8.0
0.001578          ,8.0
0.00158           ,8.400000572
0.0015820001      ,8.0
0.001584          ,8.0
0.001586          ,8.0
0.001588          ,8.0
0.00159           ,8.0
0.001592          ,8.400000572
0.001594          ,8.0
0.001596          ,8.0
0.0015980001      ,7.599999905
0.0016            ,7.599999905
0.001602          ,8.0
0.001604          ,7.599999905
0.001606          ,8.0
0.001608          ,7.599999905
0.00161           ,8.0
0.0016120001      ,8.0
0.0016140001      ,8.0
0.001616          ,7.599999905
0.001618          ,7.599999905
0.00162           ,8.0
0.001622          ,7.599999905
0.001624          ,7.599999905
0.001626          ,7.599999905
0.0016280001      ,7.599999905
0.00163           ,7.599999905
0.001632          ,7.599999905
0.001634          ,7.599999905
0.001636          ,7.599999905
0.001638          ,7.599999905
0.00164           ,7.599999905
0.001642          ,7.599999905
0.0016440001      ,7.599999905
0.001646          ,7.599999905
0.001648          ,7.599999905
0.00165           ,7.599999905
0.001652          ,7.599999905
0.001654          ,7.599999905
0.001656          ,7.599999905
0.0016580001      ,7.599999905
0.0016600001      ,7.599999905
0.001662          ,7.599999905
0.001664          ,7.599999905
0.001666          ,7.599999905
0.001668          ,7.599999905
0.00167           ,7.20000029
0.001672          ,7.599999905
0.0016740001      ,7.20000029
0.001676          ,7.20000029
0.001678          ,7.599999905
0.00168           ,7.20000029
0.001682          ,7.20000029
0.001684          ,7.20000029
0.001686          ,7.20000029
0.001688          ,7.20000029
0.0016900001      ,7.20000029
0.001692          ,7.20000029
0.001694          ,7.20000029
0.001696          ,7.20000029
0.001698          ,7.20000029
0.0017            ,7.20000029
0.001702          ,7.20000029
0.0017040001      ,7.20000029
0.001706          ,7.20000029
0.001708          ,6.80000019
0.00171           ,6.80000019
0.001712          ,6.80000019
0.001714          ,6.80000019
0.001716          ,6.80000019
0.001718          ,7.20000029
0.0017200001      ,6.80000019
0.001722          ,6.80000019
0.001724          ,6.80000019
0.001726          ,7.20000029
0.001728          ,6.80000019
0.00173           ,6.80000019
0.001732          ,6.80000019
0.001734          ,6.80000019
0.0017360001      ,6.80000019
0.001738          ,6.80000019
0.00174           ,6.80000019
0.001742          ,6.80000019
0.001744          ,6.80000019
0.001746          ,6.80000019
0.001748          ,6.80000019
0.0017500001      ,6.80000019
0.001752          ,6.4000001
0.001754          ,6.80000019
0.001756          ,6.80000019
0.001758          ,6.4000001
0.00176           ,6.4000001
0.001762          ,6.4000001
0.001764          ,6.4000001
0.0017660001      ,6.4000001
0.001768          ,6.4000001
0.00177           ,6.4000001
0.001772          ,6.4000001
0.001774          ,6.4000001
0.001776          ,6.4000001
0.001778          ,6.4000001
0.00178           ,6.4000001
0.0017820001      ,6.4000001
0.001784          ,6.4000001
0.001786          ,6.4000001
0.001788          ,6.4000001
0.00179           ,6.4000001
0.001792          ,6.4000001
0.001794          ,6.0
0.0017960001      ,6.4000001
0.001798          ,6.4000001
0.0018            ,6.4000001
0.001802          ,6.4000001
0.001804          ,6.4000001
0.001806          ,6.4000001
0.001808          ,6.4000001
0.00181           ,6.0
0.0018120001      ,6.0
0.001814          ,6.4000001
0.001816          ,6.0
0.001818          ,6.4000001
0.00182           ,6.0
0.001822          ,6.0
0.001824          ,6.4000001
0.0018260001      ,6.0
0.0018280001      ,6.0
0.00183           ,6.0
0.001832          ,6.0
0.001834          ,6.0
0.001836          ,6.0
0.001838          ,6.0
0.00184           ,6.0
0.0018420001      ,6.0
0.001844          ,6.0
0.001846          ,6.0
0.001848          ,6.0
0.00185           ,6.0
0.001852          ,6.0
0.001854          ,6.0
0.001856          ,6.0
0.0018580001      ,6.0
0.00186           ,6.0
0.001862          ,6.0
0.001864          ,6.0
0.001866          ,6.0
0.001868          ,6.0
0.00187           ,6.0
0.0018720001      ,6.0
0.001874          ,6.0
0.001876          ,6.0
0.001878          ,6.0
0.00188           ,6.0
0.001882          ,6.0
0.001884          ,6.0
0.001886          ,6.0
0.0018880001      ,5.5999999
0.00189           ,6.0
0.001892          ,5.5999999
0.001894          ,5.5999999
0.001896          ,5.5999999
0.001898          ,5.5999999
0.0019            ,5.5999999
0.001902          ,6.0
0.0019040001      ,5.5999999
0.001906          ,5.5999999
0.001908          ,5.5999999
0.00191           ,5.5999999
0.001912          ,5.5999999
0.001914          ,5.5999999
0.001916          ,5.5999999
0.0019180001      ,5.5999999
0.00192           ,5.5999999
0.001922          ,5.5999999
0.001924          ,5.5999999
0.001926          ,5.5999999
0.001928          ,5.5999999
0.00193           ,5.20000029
0.001932          ,5.5999999
0.0019340001      ,5.20000029
0.001936          ,5.5999999
0.001938          ,5.5999999
0.00194           ,5.5999999
0.001942          ,5.5999999
0.001944          ,5.20000029
0.001946          ,5.20000029
0.001948          ,5.5999999
0.0019500001      ,5.20000029
0.001952          ,5.20000029
0.001954          ,5.5999999
0.001956          ,5.20000029
0.001958          ,5.5999999
0.00196           ,5.5999999
0.001962          ,5.20000029
0.0019640001      ,5.20000029
0.0019660001      ,5.20000029
0.0019680001      ,5.5999999
0.0019700001      ,5.20000029
0.0019720001      ,5.5999999
0.0019739999      ,5.5999999
0.0019759999      ,5.20000029
0.0019779999      ,5.20000029
0.0019799999      ,5.5999999
0.001982          ,5.20000029
0.001984          ,5.20000029
0.001986          ,5.20000029
0.001988          ,5.5999999
0.00199           ,5.20000029
0.001992          ,5.20000029
0.001994          ,5.5999999
0.0019960001      ,5.5999999
0.0019980001      ,5.20000029
0.0020000001      ,5.20000029
0.0020020001      ,5.20000029
0.0020039999      ,5.20000029
0.0020059999      ,5.20000029
0.0020079999      ,5.20000029
0.0020099999      ,5.5999999
0.002012          ,5.20000029
0.002014          ,5.20000029
0.002016          ,5.20000029
0.002018          ,5.20000029
0.00202           ,5.20000029
0.002022          ,5.20000029
0.002024          ,5.20000029
0.0020260001      ,5.20000029
0.0020280001      ,5.20000029
0.0020300001      ,5.20000029
0.0020320001      ,5.20000029
0.0020340001      ,5.20000029
0.0020359999      ,5.20000029
0.0020379999      ,5.20000029
0.0020399999      ,5.20000029
0.0020419999      ,5.20000029
0.002044          ,5.20000029
0.002046          ,5.20000029
0.002048          ,5.20000029
0.00205           ,5.20000029
0.002052          ,5.20000029
0.002054          ,5.20000029
0.0020560001      ,5.20000029
0.0020580001      ,5.20000029
0.0020600001      ,5.20000029
0.0020620001      ,5.20000029
0.0020640001      ,5.20000029
0.0020659999      ,5.20000029
0.0020679999      ,5.20000029
0.0020699999      ,5.20000029
0.0020719999      ,5.20000029
0.002074          ,5.5999999
0.002076          ,5.20000029
0.002078          ,5.20000029
0.00208           ,5.20000029
0.002082          ,5.20000029
0.002084          ,5.20000029
0.0020860001      ,4.80000019
0.0020880001      ,5.20000029
0.0020900001      ,5.20000029
0.0020920001      ,5.20000029
0.0020940001      ,5.20000029
0.0020959999      ,5.20000029
0.0020979999      ,5.20000029
0.0020999999      ,5.20000029
0.0021019999      ,5.20000029
0.002104          ,5.20000029
0.002106          ,5.20000029
0.002108          ,5.20000029
0.00211           ,5.20000029
0.002112          ,5.20000029
0.002114          ,5.20000029
0.002116          ,5.20000029
0.0021180001      ,5.20000029
0.0021200001      ,4.80000019
0.0021220001      ,4.80000019
0.0021240001      ,5.20000029
0.0021260001      ,5.20000029
0.0021279999      ,4.80000019
0.0021299999      ,5.20000029
0.0021319999      ,4.80000019
0.002134          ,4.80000019
0.002136          ,4.80000019
0.002138          ,4.80000019
0.00214           ,4.80000019
0.002142          ,4.80000019
0.002144          ,4.80000019
0.002146          ,4.80000019
0.0021480001      ,4.80000019
0.0021500001      ,4.80000019
0.0021520001      ,4.80000019
0.0021540001      ,4.80000019
0.0021560001      ,4.80000019
0.0021579999      ,4.80000019
0.0021599999      ,4.80000019
0.0021619999      ,4.80000019
0.0021639999      ,4.80000019
0.002166          ,4.80000019
0.002168          ,4.80000019
0.00217           ,4.80000019
0.002172          ,4.80000019
0.002174          ,4.80000019
0.002176          ,4.80000019
0.0021780001      ,4.80000019
0.0021800001      ,4.80000019
0.0021820001      ,4.80000019
0.0021840001      ,4.80000019
0.0021860001      ,4.80000019
0.0021879999      ,4.80000019
0.0021899999      ,4.80000019
0.0021919999      ,4.80000019
0.0021939999      ,4.80000019
0.002196          ,4.80000019
0.002198          ,4.80000019
0.0022            ,4.80000019
0.002202          ,4.80000019
0.002204          ,4.80000019
0.002206          ,4.80000019
0.002208          ,5.20000029
0.0022100001      ,4.80000019
0.0022120001      ,4.80000019
0.0022140001      ,4.80000019
0.0022160001      ,4.80000019
0.0022179999      ,4.80000019
0.0022199999      ,4.80000019
0.0022219999      ,4.80000019
0.0022239999      ,4.80000019
0.002226          ,4.80000019
0.002228          ,4.80000019
0.00223           ,4.80000019
0.002232          ,4.80000019
0.002234          ,5.20000029
0.002236          ,4.80000019
0.002238          ,4.80000019
0.0022400001      ,4.80000019
0.0022420001      ,4.80000019
0.0022440001      ,4.80000019
0.0022460001      ,4.80000019
0.0022480001      ,5.20000029
0.0022499999      ,5.20000029
0.0022519999      ,4.80000019
0.0022539999      ,4.80000019
0.0022559999      ,4.80000019
0.002258          ,4.80000019
0.00226           ,4.80000019
0.002262          ,4.80000019
0.002264          ,4.80000019
0.002266          ,4.80000019
0.002268          ,4.80000019
0.0022700001      ,4.80000019
0.0022720001      ,4.80000019
0.0022740001      ,5.20000029
0.0022760001      ,4.80000019
0.0022780001      ,4.80000019
0.0022799999      ,5.20000029
0.0022819999      ,4.80000019
0.0022839999      ,4.80000019
0.0022859999      ,4.80000019
0.002288          ,4.80000019
0.00229           ,4.80000019
0.002292          ,4.80000019
0.002294          ,4.80000019
0.002296          ,4.80000019
0.002298          ,4.80000019
0.0023000001      ,4.80000019
0.0023020001      ,4.80000019
0.0023040001      ,4.80000019
0.0023060001      ,4.80000019
0.0023080001      ,4.80000019
0.0023099999      ,5.20000029
0.0023119999      ,5.20000029
0.0023139999      ,5.20000029
0.0023159999      ,4.80000019
0.002318          ,4.80000019
0.00232           ,4.80000019
0.002322          ,4.80000019
0.002324          ,4.80000019
0.002326          ,4.80000019
0.002328          ,4.80000019
0.00233           ,4.80000019
0.0023320001      ,4.80000019
0.0023340001      ,4.80000019
0.0023360001      ,4.80000019
0.0023380001      ,4.80000019
0.0023400001      ,4.80000019
0.0023419999      ,4.80000019
0.0023439999      ,4.80000019
0.0023459999      ,4.80000019
0.002348          ,4.80000019
0.00235           ,4.80000019
0.002352          ,4.80000019
0.002354          ,4.80000019
0.002356          ,4.80000019
0.002358          ,4.80000019
0.00236           ,4.80000019
0.0023620001      ,4.80000019
0.0023640001      ,4.80000019
0.0023660001      ,4.80000019
0.0023680001      ,4.80000019
0.0023700001      ,4.80000019
0.0023719999      ,4.80000019
0.0023739999      ,4.80000019
0.0023759999      ,4.80000019
0.0023779999      ,4.80000019
0.00238           ,4.80000019
0.002382          ,4.80000019
0.002384          ,4.80000019
0.002386          ,5.20000029
0.002388          ,4.80000019
0.00239           ,4.80000019
0.0023920001      ,4.80000019
0.0023940001      ,4.80000019
0.0023960001      ,4.80000019
0.0023980001      ,5.20000029
0.0024000001      ,4.80000019
0.0024019999      ,4.80000019
0.0024039999      ,4.80000019
0.0024059999      ,4.80000019
0.0024079999      ,4.80000019
0.00241           ,4.80000019
0.002412          ,4.80000019
0.002414          ,5.20000029
0.002416          ,4.80000019
0.002418          ,5.20000029
0.00242           ,4.80000019
0.002422          ,4.80000019
0.0024240001      ,4.80000019
0.0024260001      ,4.80000019
0.0024280001      ,4.80000019
0.0024300001      ,4.80000019
0.0024319999      ,4.80000019
0.0024339999      ,4.80000019
0.0024359999      ,4.80000019
0.0024379999      ,4.80000019
0.00244           ,4.80000019
0.002442          ,4.80000019
0.002444          ,4.80000019
0.002446          ,5.20000029
0.002448          ,4.80000019
0.00245           ,4.80000019
0.002452          ,5.20000029
0.0024540001      ,4.80000019
0.0024560001      ,4.80000019
0.0024580001      ,4.80000019
0.0024600001      ,5.20000029
0.0024620001      ,4.80000019
0.0024639999      ,5.20000029
0.0024659999      ,4.80000019
0.0024679999      ,4.80000019
0.0024699999      ,4.80000019
0.002472          ,4.80000019
0.002474          ,4.80000019
0.002476          ,4.80000019
0.002478          ,4.80000019
0.00248           ,4.80000019
0.002482          ,4.80000019
0.0024840001      ,4.80000019
0.0024860001      ,4.80000019
0.0024880001      ,4.80000019
0.0024900001      ,4.80000019
0.0024920001      ,4.80000019
0.0024939999      ,4.80000019
0.0024959999      ,4.80000019
0.0024979999      ,4.80000019
0.0024999999      ,4.80000019
0.002502          ,4.80000019
0.002504          ,4.80000019
0.002506          ,4.80000019
0.002508          ,4.80000019
0.00251           ,4.80000019
0.002512          ,4.80000019
0.0025140001      ,4.80000019
0.0025160001      ,4.80000019
0.0025180001      ,4.80000019
0.0025200001      ,4.80000019
0.0025220001      ,4.80000019
0.0025239999      ,4.80000019
0.0025259999      ,4.80000019
0.0025279999      ,4.80000019
0.0025299999      ,4.80000019
0.002532          ,4.80000019
0.002534          ,4.80000019
0.002536          ,4.80000019
0.002538          ,4.80000019
0.00254           ,4.80000019
0.002542          ,4.4000001
0.002544          ,4.80000019
0.0025460001      ,4.80000019
0.0025480001      ,4.80000019
0.0025500001      ,4.80000019
0.0025520001      ,4.80000019
0.0025540001      ,4.80000019
0.0025559999      ,4.80000019
0.0025579999      ,4.80000019
0.0025599999      ,4.80000019
0.002562          ,4.80000019
0.002564          ,4.80000019
0.002566          ,4.80000019
0.002568          ,4.80000019
0.00257           ,4.80000019
0.002572          ,4.80000019
0.002574          ,4.80000019
0.0025760001      ,4.80000019
0.0025780001      ,4.80000019
0.0025800001      ,4.80000019
0.0025820001      ,4.80000019
0.0025840001      ,4.80000019
0.0025859999      ,4.80000019
0.0025879999      ,4.4000001
0.0025899999      ,4.80000019
0.0025919999      ,4.80000019
0.002594          ,4.80000019
0.002596          ,4.80000019
0.002598          ,4.4000001
0.0026            ,4.80000019
0.002602          ,4.80000019
0.002604          ,4.80000019
0.0026060001      ,4.80000019
0.0026080001      ,4.80000019
0.0026100001      ,4.80000019
0.0026120001      ,4.80000019
0.0026140001      ,4.80000019
0.0026159999      ,4.80000019
0.0026179999      ,4.4000001
0.0026199999      ,4.80000019
0.0026219999      ,4.4000001
0.002624          ,4.4000001
0.002626          ,4.80000019
0.002628          ,4.80000019
0.00263           ,4.80000019
0.002632          ,4.80000019
0.002634          ,4.80000019
0.002636          ,4.80000019
0.0026380001      ,4.4000001
0.0026400001      ,4.80000019
0.0026420001      ,4.80000019
0.0026440001      ,4.80000019
0.0026459999      ,4.4000001
0.0026479999      ,4.80000019
0.0026499999      ,4.80000019
0.0026519999      ,4.80000019
0.002654          ,4.80000019
0.002656          ,4.4000001
0.002658          ,4.4000001
0.00266           ,4.80000019
0.002662          ,4.80000019
0.002664          ,4.4000001
0.002666          ,4.4000001
0.0026680001      ,4.80000019
0.0026700001      ,4.80000019
0.0026720001      ,4.80000019
0.0026740001      ,4.80000019
0.0026760001      ,4.80000019
0.0026779999      ,4.80000019
0.0026799999      ,4.80000019
0.0026819999      ,4.4000001
0.0026839999      ,4.80000019
0.002686          ,4.4000001
0.002688          ,4.4000001
0.00269           ,4.80000019
0.002692          ,4.80000019
0.002694          ,4.80000019
0.002696          ,4.4000001
0.0026980001      ,4.80000019
0.0027000001      ,4.4000001
0.0027020001      ,4.4000001
0.0027040001      ,4.4000001
0.0027060001      ,4.80000019
0.0027079999      ,4.80000019
0.0027099999      ,4.4000001
0.0027119999      ,4.4000001
0.0027139999      ,4.4000001
0.002716          ,4.4000001
0.002718          ,4.4000001
0.00271999999     ,4.80000019
0.002722          ,4.4000001
0.00272400002     ,4.4000001
0.00272600004     ,4.4000001
0.00272800005     ,4.4000001
0.00273000007     ,4.4000001
0.00273200008     ,4.4000001
0.0027340001      ,4.4000001
0.00273600011     ,4.4000001
0.00273799989     ,4.80000019
0.00273999991     ,4.4000001
0.00274199992     ,4.4000001
0.00274399994     ,4.4000001
0.00274599995     ,4.4000001
0.00274799997     ,4.4000001
0.00274999999     ,4.4000001
0.002752          ,4.4000001
0.00275400002     ,4.4000001
0.00275600003     ,4.4000001
0.00275800005     ,4.4000001
0.00276000006     ,4.4000001
0.00276200008     ,4.4000001
0.00276400009     ,4.4000001
0.00276600011     ,4.4000001
0.00276800012     ,4.4000001
0.0027699999      ,4.4000001
0.00277199992     ,4.4000001
0.00277399994     ,4.4000001
0.00277599995     ,4.4000001
0.00277799997     ,4.4000001
0.00277999998     ,4.4000001
0.002782          ,4.0
0.00278400001     ,4.4000001
0.00278600003     ,4.4000001
0.00278800004     ,4.4000001
0.00279000006     ,4.4000001
0.00279200007     ,4.4000001
0.00279400009     ,4.4000001
0.0027960001      ,4.4000001
0.00279800012     ,4.4000001
0.0027999999      ,4.4000001
0.00280199992     ,4.4000001
0.00280399993     ,4.4000001
0.00280599995     ,4.4000001
0.00280799996     ,4.4000001
0.00280999998     ,4.4000001
0.00281199999     ,4.4000001
0.00281400001     ,4.80000019
0.00281600002     ,4.4000001
0.00281800004     ,4.4000001
0.00282000005     ,4.4000001
0.00282200007     ,4.4000001
0.00282400008     ,4.4000001
0.0028260001      ,4.4000001
0.00282800011     ,4.4000001
0.0028299999      ,4.4000001
0.00283199991     ,4.4000001
0.00283399993     ,4.4000001
0.00283599994     ,4.4000001
0.00283799996     ,4.4000001
0.00283999997     ,4.0
0.00284199999     ,4.4000001
0.002844          ,4.4000001
0.00284600002     ,4.4000001
0.00284800003     ,4.4000001
0.00285000005     ,4.4000001
0.00285200006     ,4.4000001
0.00285400008     ,4.4000001
0.00285600009     ,4.4000001
0.00285800011     ,4.4000001
0.00285999989     ,4.4000001
0.00286199991     ,4.4000001
0.00286399992     ,4.0
0.00286599994     ,4.4000001
0.00286799995     ,4.0
0.00286999997     ,4.0
0.00287199998     ,4.0
0.002874          ,4.0
0.00287600001     ,4.4000001
0.00287800003     ,4.4000001
0.00288000004     ,4.0
0.00288200006     ,4.4000001
0.00288400007     ,4.4000001
0.00288600009     ,4.0
0.0028880001      ,4.4000001
0.00289000012     ,4.0
0.0028919999      ,4.4000001
0.00289399992     ,4.4000001
0.00289599993     ,4.4000001
0.00289799995     ,4.0
0.00289999996     ,4.4000001
0.00290199998     ,4.4000001
0.00290399999     ,4.0
0.00290600001     ,4.0
0.00290800002     ,4.0
0.00291000004     ,4.4000001
0.00291200005     ,4.4000001
0.00291400007     ,4.0
0.00291600008     ,4.0
0.0029180001      ,4.0
0.00292000012     ,4.4000001
0.0029219999      ,4.4000001
0.00292399991     ,4.4000001
0.00292599993     ,4.4000001
0.00292799994     ,4.4000001
0.00292999996     ,4.0
0.00293199997     ,4.4000001
0.00293399999     ,4.0
0.002936          ,4.0
0.00293800002     ,4.4000001
0.00294000003     ,4.4000001
0.00294200005     ,4.0
0.00294400007     ,4.0
0.00294600008     ,4.0
0.0029480001      ,4.0
0.00295000011     ,4.0
0.00295199989     ,4.0
0.00295399991     ,4.0
0.00295599992     ,4.0
0.00295799994     ,4.0
0.00295999995     ,4.0
0.00296199997     ,4.0
0.00296399998     ,4.0
0.002966          ,4.0
0.00296800002     ,4.4000001
0.00297000003     ,4.0
0.00297200005     ,4.0
0.00297400006     ,4.0
0.00297600008     ,4.0
0.00297800009     ,4.0
0.00298000011     ,4.0
0.00298200012     ,4.0
0.0029839999      ,4.0
0.00298599992     ,4.4000001
0.00298799993     ,4.0
0.00298999995     ,4.0
0.00299199997     ,4.0
0.00299399998     ,4.0
0.002996          ,4.0
0.00299800001     ,4.0
0.00300000003     ,4.0
0.00300200004     ,4.0
0.00300400006     ,4.0
0.00300600007     ,4.0
0.00300800009     ,4.0
0.0030100001      ,4.0
0.00301200012     ,4.0
0.0030139999      ,4.0
0.00301599992     ,4.0
0.00301799993     ,4.0
0.00301999995     ,4.0
0.00302199996     ,4.0
0.00302399998     ,4.0
0.00302599999     ,4.4000001
0.00302800001     ,4.0
0.00303000002     ,4.0
0.00303200004     ,4.0
0.00303400005     ,4.0
0.00303600007     ,4.0
0.00303800008     ,4.0
0.0030400001      ,4.4000001
0.00304200011     ,4.4000001
0.0030439999      ,4.4000001
0.00304599991     ,4.0
0.00304799993     ,4.4000001
0.00304999994     ,4.0
0.00305199996     ,4.0
0.00305399997     ,4.0
0.00305599999     ,4.0
0.003058          ,4.0
0.00306000002     ,4.0
0.00306200003     ,4.0
0.00306400005     ,4.0
0.00306600006     ,4.0
0.00306800008     ,4.0
0.00307000009     ,4.0
0.00307200011     ,4.0
0.00307399989     ,4.0
0.00307599991     ,4.0
0.00307799992     ,4.0
0.00307999994     ,4.4000001
0.00308199995     ,4.0
0.00308399997     ,4.0
0.00308599998     ,4.0
0.003088          ,4.4000001
0.00309000001     ,4.4000001
0.00309200003     ,4.4000001
0.00309400004     ,4.0
0.00309600006     ,4.0
0.00309800007     ,4.0
0.00310000009     ,4.0
0.0031020001      ,4.0
0.00310400012     ,4.0
0.0031059999      ,4.0
0.00310799992     ,4.0
0.00310999993     ,4.0
0.00311199995     ,4.0
0.00311399996     ,4.0
0.00311599998     ,4.0
0.00311799999     ,4.0
0.00312000001     ,4.0
0.00312200002     ,4.0
0.00312400004     ,4.0
0.00312600005     ,4.0
0.00312800007     ,4.4000001
0.00313000008     ,4.0
0.0031320001      ,4.0
0.00313400012     ,4.4000001
0.0031359999      ,4.0
0.00313799991     ,4.0
0.00313999993     ,4.0
0.00314199994     ,4.0
0.00314399996     ,4.0
0.00314599997     ,4.0
0.00314799999     ,4.0
0.00315           ,4.0
0.00315200002     ,4.0
0.00315400003     ,4.0
0.00315600005     ,4.0
0.00315800007     ,4.0
0.00316000008     ,4.0
0.0031620001      ,4.0
0.00316400011     ,4.0
0.00316599989     ,4.0
0.00316799991     ,4.0
0.00316999992     ,4.0
0.00317199994     ,4.0
0.00317399995     ,4.0
0.00317599997     ,4.0
0.00317799998     ,4.0
0.00318           ,4.0
0.00318200001     ,4.0
0.00318400003     ,4.0
0.00318600005     ,4.0
0.00318800006     ,4.0
0.00319000008     ,4.0
0.00319200009     ,4.0
0.00319400011     ,4.0
0.00319600012     ,4.0
0.0031979999      ,4.0
0.00319999992     ,4.0
0.00320199993     ,4.0
0.00320399995     ,4.0
0.00320599996     ,4.0
0.00320799998     ,4.0
0.00321           ,4.0
0.00321200001     ,4.0
0.00321400003     ,4.0
0.00321600004     ,4.0
0.00321800006     ,4.0
0.00322000007     ,4.0
0.00322200009     ,4.0
0.0032240001      ,4.0
0.00322600012     ,4.0
0.0032279999      ,4.0
0.00322999991     ,4.0
0.00323199993     ,4.0
0.00323399995     ,4.0
0.00323599996     ,4.0
0.00323799998     ,4.0
0.00323999999     ,4.0
0.00324200001     ,4.0
0.00324400002     ,4.0
0.00324600004     ,4.0
0.00324800005     ,4.0
0.00325000007     ,4.0
0.00325200008     ,4.0
0.0032540001      ,4.0
0.00325600011     ,4.0
0.0032579999      ,4.0
0.00325999991     ,4.0
0.00326199993     ,4.0
0.00326399994     ,4.0
0.00326599996     ,4.0
0.00326799997     ,4.0
0.00326999999     ,4.0
0.003272          ,4.0
0.00327400002     ,4.0
0.00327600003     ,4.0
0.00327800005     ,4.0
0.00328000006     ,4.0
0.00328200008     ,4.0
0.00328400009     ,4.0
0.00328600011     ,4.0
0.00328799989     ,4.0
0.00328999991     ,4.0
0.00329199992     ,4.0
0.00329399994     ,4.0
0.00329599995     ,4.0
0.00329799997     ,4.0
0.00329999998     ,4.0
0.003302          ,4.0
0.00330400001     ,4.0
0.00330600003     ,4.0
0.00330800004     ,4.0
0.00331000006     ,4.0
0.00331200007     ,4.0
0.00331400009     ,4.0
0.0033160001      ,4.0
0.00331800012     ,4.0
0.0033199999      ,4.0
0.00332199992     ,4.0
0.00332399993     ,4.0
0.00332599995     ,4.0
0.00332799996     ,4.0
0.00332999998     ,4.0
0.00333199999     ,4.0
0.00333400001     ,4.0
0.00333600002     ,4.0
0.00333800004     ,4.0
0.00334000005     ,4.0
0.00334200007     ,4.0
0.00334400008     ,4.0
0.0033460001      ,4.0
0.00334800011     ,4.0
0.0033499999      ,4.0
0.00335199991     ,4.0
0.00335399993     ,4.0
0.00335599994     ,4.0
0.00335799996     ,4.0
0.00335999997     ,4.0
0.00336199999     ,4.0
0.003364          ,4.0
0.00336600002     ,4.0
0.00336800003     ,4.0
0.00337000005     ,4.0
0.00337200006     ,4.0
0.00337400008     ,4.0
0.0033760001      ,4.0
0.00337800011     ,4.0
0.00337999989     ,4.0
0.00338199991     ,4.0
0.00338399992     ,4.0
0.00338599994     ,4.0
0.00338799995     ,4.0
0.00338999997     ,4.0
0.00339199998     ,4.0
0.003394          ,4.0
0.00339600001     ,4.0
0.00339800003     ,4.0
0.00340000005     ,4.0
0.00340200006     ,4.0
0.00340400008     ,4.0
0.00340600009     ,4.0
0.00340800011     ,4.0
0.00340999989     ,4.0
0.0034119999      ,4.0
0.00341399992     ,4.0
0.00341599993     ,4.0
0.00341799995     ,4.0
0.00341999996     ,4.0
0.00342199998     ,4.0
0.00342399999     ,4.0
0.00342600001     ,4.0
0.00342800003     ,4.0
0.00343000004     ,4.0
0.00343200006     ,4.0
0.00343400007     ,4.0
0.00343600009     ,4.0
0.0034380001      ,4.0
0.00344000012     ,4.0
0.0034419999      ,4.0
0.00344399991     ,4.0
0.00344599993     ,4.0
0.00344799994     ,4.0
0.00344999996     ,4.0
0.00345199998     ,4.0
0.00345399999     ,4.0
0.00345600001     ,4.0
0.00345800002     ,4.0
0.00346000004     ,4.0
0.00346200005     ,4.0
0.00346400007     ,4.0
0.00346600008     ,4.0
0.0034680001      ,4.0
0.00347000011     ,4.0
0.00347199989     ,4.0
0.00347399991     ,4.0
0.00347599993     ,4.0
0.00347799994     ,4.0
0.00347999996     ,4.0
0.00348199997     ,4.0
0.00348399999     ,4.0
0.003486          ,4.0
0.00348800002     ,4.0
0.00349000003     ,4.0
0.00349200005     ,4.0
0.00349400006     ,4.0
0.00349600008     ,4.0
0.00349800009     ,4.0
0.00350000011     ,4.0
0.00350199989     ,4.0
0.00350399991     ,4.0
0.00350599992     ,4.0
0.00350799994     ,4.0
0.00350999995     ,4.0
0.00351199997     ,3.60000014
0.00351399998     ,4.0
0.003516          ,4.0
0.00351800001     ,4.0
0.00352000003     ,4.0
0.00352200004     ,4.0
0.00352400006     ,4.0
0.00352600007     ,4.0
0.00352800009     ,4.0
0.0035300001      ,4.0
0.00353200012     ,4.0
0.0035339999      ,4.0
0.00353599992     ,4.0
0.00353799993     ,4.0
0.00353999995     ,4.0
0.00354199996     ,4.0
0.00354399998     ,4.0
0.00354599999     ,4.0
0.00354800001     ,4.0
0.00355000002     ,4.0
0.00355200004     ,4.0
0.00355400005     ,4.0
0.00355600007     ,4.0
0.00355800008     ,3.60000014
0.0035600001      ,4.0
0.00356200011     ,4.0
0.0035639999      ,4.0
0.00356599991     ,4.0
0.00356799993     ,4.0
0.00356999994     ,4.0
0.00357199996     ,4.0
0.00357399997     ,4.0
0.00357599999     ,4.0
0.003578          ,4.0
0.00358000002     ,4.0
0.00358200003     ,4.0
0.00358400005     ,4.0
0.00358600006     ,4.0
0.00358800008     ,4.0
0.00359000009     ,3.60000014
0.00359200011     ,4.0
0.00359399989     ,4.0
0.00359599991     ,4.0
0.00359799992     ,4.0
0.00359999994     ,4.0
0.00360199995     ,3.60000014
0.00360399997     ,4.0
0.00360599998     ,4.0
0.003608          ,4.0
0.00361000001     ,4.0
0.00361200003     ,4.0
0.00361400004     ,4.0
0.00361600006     ,4.0
0.00361800008     ,3.60000014
0.00362000009     ,4.0
0.00362200011     ,4.0
0.00362399989     ,4.0
0.0036259999      ,4.0
0.00362799992     ,4.0
0.00362999993     ,4.0
0.00363199995     ,4.0
0.00363399996     ,4.0
0.00363599998     ,4.0
0.00363799999     ,4.0
0.00364000001     ,4.0
0.00364200003     ,4.0
0.00364400004     ,4.0
0.00364600006     ,4.0
0.00364800007     ,4.0
0.00365000009     ,4.0
0.0036520001      ,3.60000014
0.00365400012     ,3.60000014
0.0036559999      ,4.0
0.00365799991     ,4.0
0.00365999993     ,4.0
0.00366199994     ,4.0
0.00366399996     ,4.0
0.00366599998     ,4.0
0.00366799999     ,4.0
0.00367000001     ,4.0
0.00367200002     ,4.0
0.00367400004     ,4.0
0.00367600005     ,4.0
0.00367800007     ,4.0
0.00368000008     ,4.0
0.0036820001      ,4.0
0.00368400011     ,4.0
0.00368599989     ,4.0
0.00368799991     ,4.0
0.00368999992     ,4.0
0.00369199994     ,4.0
0.00369399996     ,4.0
0.00369599997     ,3.60000014
0.00369799999     ,4.0
0.0037            ,4.0
0.00370200002     ,4.0
0.00370400003     ,4.0
0.00370600005     ,4.0
0.00370800006     ,4.0
0.00371000008     ,4.0
0.00371200009     ,4.0
0.00371400011     ,4.0
0.00371599989     ,4.0
0.00371799991     ,4.0
0.00371999992     ,4.0
0.00372199994     ,4.0
0.00372399995     ,4.0
0.00372599997     ,4.0
0.00372799998     ,3.60000014
0.00373           ,4.0
0.00373200001     ,3.60000014
0.00373400003     ,4.0
0.00373600004     ,3.60000014
0.00373800006     ,4.0
0.00374000007     ,4.0
0.00374200009     ,3.60000014
0.0037440001      ,4.0
0.00374600012     ,4.0
0.0037479999      ,4.0
0.00374999992     ,3.60000014
0.00375199993     ,3.60000014
0.00375399995     ,4.0
0.00375599996     ,4.0
0.00375799998     ,4.0
0.00375999999     ,4.0
0.00376200001     ,4.0
0.00376400002     ,4.0
0.00376600004     ,4.0
0.00376800005     ,4.0
0.00377000007     ,3.60000014
0.00377200008     ,4.0
0.0037740001      ,4.0
0.00377600011     ,4.0
0.0037779999      ,3.60000014
0.00377999991     ,4.0
0.00378199993     ,4.0
0.00378399994     ,4.0
0.00378599996     ,4.0
0.00378799997     ,4.0
0.00378999999     ,3.60000014
0.003792          ,4.0
0.00379400002     ,4.0
0.00379600003     ,4.0
0.00379800005     ,4.0
0.00380000006     ,4.0
0.00380200008     ,4.0
0.00380400009     ,4.0
0.00380600011     ,4.0
0.00380799989     ,4.0
0.00380999991     ,4.0
0.00381199992     ,4.0
0.00381399994     ,4.0
0.00381599995     ,4.0
0.00381799997     ,4.0
0.00381999998     ,3.60000014
0.003822          ,4.0
0.00382400001     ,4.0
0.00382600003     ,4.0
0.00382800004     ,4.0
0.00383000006     ,4.0
0.00383200007     ,4.0
0.00383400009     ,4.0
0.00383600011     ,4.0
0.00383799989     ,4.0
0.0038399999      ,4.0
0.00384199992     ,4.0
0.00384399993     ,4.0
0.00384599995     ,4.0
0.00384799996     ,4.0
0.00384999998     ,4.0
0.00385199999     ,4.0
0.00385400001     ,4.0
0.00385600002     ,4.0
0.00385800004     ,4.0
0.00386000006     ,4.0
0.00386200007     ,4.0
0.00386400009     ,4.0
0.0038660001      ,4.0
0.00386800012     ,4.0
0.0038699999      ,3.60000014
0.00387199991     ,4.0
0.00387399993     ,4.0
0.00387599994     ,4.0
0.00387799996     ,4.0
0.00387999997     ,4.0
0.00388199999     ,4.0
0.00388400001     ,4.0
0.00388600002     ,3.60000014
0.00388800004     ,4.0
0.00389000005     ,3.60000014
0.00389200007     ,3.60000014
0.00389400008     ,4.0
0.0038960001      ,3.60000014
0.00389800011     ,4.0
0.00389999989     ,4.0
0.00390199991     ,4.0
0.00390399992     ,3.60000014
0.00390599994     ,3.60000014
0.00390799996     ,3.60000014
0.00390999997     ,4.0
0.00391199999     ,3.60000014
0.003914          ,3.60000014
0.00391600002     ,3.60000014
0.00391800003     ,3.60000014
0.00392000005     ,4.0
0.00392200006     ,4.0
0.00392400008     ,4.0
0.00392600009     ,4.0
0.00392800011     ,4.0
0.00393000012     ,4.0
0.00393200014     ,4.0
0.00393400015     ,4.0
0.00393600017     ,4.0
0.00393800018     ,4.0
0.0039400002      ,4.0
0.00394200021     ,4.0
0.00394400023     ,4.0
0.00394599978     ,3.60000014
0.00394799979     ,4.0
0.00394999981     ,4.0
0.00395199982     ,3.60000014
0.00395399984     ,4.0
0.00395599985     ,4.0
0.00395799987     ,4.0
0.00395999989     ,3.60000014
0.0039619999      ,3.60000014
0.00396399992     ,3.60000014
0.00396599993     ,4.0
0.00396799995     ,4.0
0.00396999996     ,3.60000014
0.00397199998     ,4.0
0.00397399999     ,4.0
0.00397600001     ,3.60000014
0.00397800002     ,4.0
0.00398000004     ,3.60000014
0.00398200005     ,3.60000014
0.00398400007     ,3.60000014
0.00398600008     ,4.0
0.0039880001      ,4.0
0.00399000011     ,3.60000014
0.00399200013     ,4.0
0.00399400014     ,3.60000014
0.00399600016     ,4.0
0.00399800017     ,3.60000014
0.00400000019     ,4.0
0.00400200021     ,4.0
0.00400400022     ,4.0
0.00400600024     ,4.0
0.00400799979     ,4.0
0.0040099998      ,4.0
0.00401199982     ,4.0
0.00401399983     ,4.0
0.00401599985     ,3.60000014
0.00401799986     ,4.0
0.00401999988     ,4.0
0.00402199989     ,4.0
0.00402399991     ,4.0
0.00402599992     ,3.60000014
0.00402799994     ,3.60000014
0.00402999995     ,4.0
0.00403199997     ,3.60000014
0.00403399998     ,4.0
0.004036          ,4.0
0.00403800001     ,3.60000014
0.00404000003     ,3.60000014
0.00404200004     ,4.0
0.00404400006     ,4.0
0.00404600007     ,3.60000014
0.00404800009     ,4.0
0.00405000011     ,4.0
0.00405200012     ,4.0
0.00405400014     ,3.60000014
0.00405600015     ,4.0
0.00405800017     ,4.0
0.00406000018     ,3.60000014
0.0040620002      ,4.0
0.00406400021     ,4.0
0.00406600023     ,4.0
0.00406799978     ,4.0
0.00406999979     ,4.0
0.00407199981     ,4.0
0.00407399982     ,4.0
0.00407599984     ,3.60000014
0.00407799985     ,4.0
0.00407999987     ,3.60000014
0.00408199988     ,4.0
0.0040839999      ,4.0
0.00408599991     ,4.0
0.00408799993     ,4.0
0.00408999994     ,3.60000014
0.00409199996     ,4.0
0.00409399997     ,4.0
0.00409599999     ,3.60000014
0.004098          ,4.0
