-0.009999999776        ,2.0
-0.009959999472        ,2.0
-0.009920000099        ,2.0
-0.009879999794        ,2.0
-0.009839999488999999  ,2.0
-0.009800000116        ,2.0
-0.009759999812        ,1.6
-0.009719999507000001  ,2.0
-0.009680000134        ,1.6
-0.009639999828999999  ,2.0
-0.009599999525        ,2.0
-0.009560000151        ,1.6
-0.009519999847        ,1.6
-0.009479999542        ,1.6
-0.009440000169        ,1.6
-0.009399999864000001  ,2.0
-0.00935999956         ,2.0
-0.009320000187        ,2.0
-0.009279999882        ,1.6
-0.009239999577        ,1.6
-0.009200000204        ,2.0
-0.0091599999          ,1.6
-0.009119999595        ,2.0
-0.009080000222        ,2.0
-0.009039999917        ,2.0
-0.008999999613        ,1.6
-0.008960000239        ,1.6
-0.008919999935        ,1.6
-0.00887999963         ,2.0
-0.008840000257        ,1.6
-0.008799999952        ,1.6
-0.008759999648        ,1.6
-0.008719999342999999  ,2.0
-0.00867999997         ,1.6
-0.008639999665        ,1.6
-0.008599999361000001  ,1.6
-0.008559999987        ,1.6
-0.008519999682999999  ,2.0
-0.008479999378        ,1.6
-0.008440000005        ,2.0
-0.008399999699999999  ,2.0
-0.008359999396        ,1.6
-0.008320000023        ,1.6
-0.008279999718000001  ,1.6
-0.008239999413        ,1.6
-0.008200000039999999  ,1.6
-0.008159999736        ,1.6
-0.008119999431        ,1.6
-0.008080000058000001  ,2.0
-0.008039999753        ,1.6
-0.007999999449        ,2.0
-0.007960000075        ,1.6
-0.007919999771        ,1.6
-0.007879999466        ,1.6
-0.007840000093        ,1.6
-0.0077999997880000005 ,1.6
-0.007759999949        ,2.0
-0.007719999645        ,2.0
-0.007679999806        ,2.0
-0.007639999967        ,1.6
-0.0075999996620000005 ,2.0
-0.007559999824        ,2.0
-0.007519999985        ,1.6
-0.00747999968         ,1.6
-0.007439999841        ,1.6
-0.007400000002        ,1.6
-0.0073599997          ,1.6
-0.007319999860000001  ,1.6
-0.00728000002         ,1.6
-0.007239999719999999  ,1.6
-0.00719999988         ,1.6
-0.0071600000399999995 ,1.6
-0.00711999973         ,1.6
-0.007079999889999999  ,1.6
-0.00704000005         ,1.6
-0.006999999749999999  ,1.6
-0.00695999991         ,1.6
-0.00692000007         ,1.6
-0.00687999977         ,1.6
-0.00683999993         ,1.6
-0.00679999962         ,1.6
-0.00675999979         ,2.0
-0.00671999995         ,2.0
-0.006679999640000001  ,2.0
-0.0066399998          ,1.6
-0.00659999996         ,1.6
-0.00655999966         ,1.6
-0.00651999982         ,2.0
-0.006479999980000001  ,1.6
-0.00643999968         ,2.0
-0.006399999840000001  ,1.6
-0.00636               ,1.6
-0.0063199996900000005 ,1.6
-0.0062799998600000006 ,1.6
-0.00624000002         ,2.0
-0.00619999971         ,2.0
-0.006159999869999999  ,2.0
-0.00612000003         ,2.0
-0.00607999973         ,1.6
-0.00603999989         ,1.6
-0.00600000005         ,1.6
-0.00595999975         ,2.0
-0.00591999991         ,2.0
-0.0058800000699999995 ,2.0
-0.00583999977         ,1.6
-0.00579999993         ,1.6
-0.00576000009         ,2.0
-0.00571999978         ,1.6
-0.0056799999399999995 ,1.6
-0.0056400001000000005 ,1.6
-0.0055999998          ,2.0
-0.00555999996         ,1.6
-0.00552000012         ,2.0
-0.0054799998199999995 ,1.6
-0.0054399999800000005 ,1.6
-0.00539999967         ,2.0
-0.005359999840000001  ,1.6
-0.00532               ,2.0
-0.00527999969         ,2.0
-0.00523999985         ,2.0
-0.00520000001         ,2.0
-0.00515999971         ,2.0
-0.00511999987         ,1.6
-0.00508000003         ,1.6
-0.0050399997299999996 ,2.0
-0.00499999989         ,2.0
-0.00496000005         ,1.6
-0.00491999974         ,1.6
-0.00487999991         ,2.0
-0.004840000069999999  ,2.0
-0.0047999997600000005 ,2.0
-0.004759999920000001  ,2.0
-0.00472000008         ,1.6
-0.00467999978         ,2.0
-0.00463999994         ,2.0
-0.0046000001          ,1.6
-0.0045599998          ,1.6
-0.00451999996         ,2.0
-0.00448000012         ,1.6
-0.00443999982         ,1.6
-0.00439999998         ,2.0
-0.0043600001400000005 ,1.6
-0.00431999983         ,1.6
-0.00427999999         ,1.6
-0.00423999969         ,1.6
-0.0041999998499999995 ,1.6
-0.00416000001         ,1.6
-0.00411999971         ,1.6
-0.00407999987         ,1.6
-0.00404000003         ,2.0
-0.00399999972         ,2.0
-0.00395999989         ,1.6
-0.00392000005         ,2.0
-0.00387999997         ,2.0
-0.0038399999          ,2.0
-0.0037999998300000002 ,1.6
-0.00375999999         ,2.0
-0.00371999992         ,1.6
-0.00367999985         ,1.6
-0.00364000001         ,1.6
-0.00359999994         ,1.6
-0.0035599998700000003 ,1.6
-0.0035200000300000004 ,1.6
-0.0034799999599999997 ,1.6
-0.00343999988         ,1.6
-0.00340000005         ,2.0
-0.00335999997         ,1.6
-0.0033199999          ,2.0
-0.00327999983         ,1.6
-0.0032399999900000003 ,1.6
-0.0031999999200000005 ,1.6
-0.0031599998499999998 ,1.6
-0.00312000001         ,1.6
-0.00307999994         ,1.6
-0.00303999986         ,1.6
-0.0030000000300000004 ,1.6
-0.00295999995         ,1.6
-0.0029199998800000003 ,2.0
-0.00288000004         ,1.6
-0.0028399999699999998 ,1.6
-0.0027999999          ,2.0
-0.00276000006         ,2.0
-0.0027199999900000002 ,1.6
-0.0026799999          ,2.0
-0.0026400001          ,1.6
-0.0026                ,2.0
-0.0025599998999999997 ,2.0
-0.0025199999          ,1.6
-0.00248               ,1.6
-0.00244               ,1.6
-0.0023999998999999998 ,2.0
-0.00236               ,2.0
-0.00232               ,1.6
-0.0022799999          ,2.0
-0.0022400001000000003 ,2.0
-0.0022                ,2.0
-0.0021599999          ,2.0
-0.0021200001          ,2.0
-0.00208               ,2.0
-0.0020399999          ,2.0
-0.0019999999          ,1.6
-0.00196               ,1.6
-0.00192               ,2.0
-0.00188               ,2.0
-0.00184               ,2.0
-0.0018                ,1.6
-0.00176               ,1.6
-0.0017199999          ,2.0
-0.00168               ,2.0
-0.00164               ,2.0
-0.0016                ,1.6
-0.00156               ,2.0
-0.0015199998999999998 ,2.0
-0.00148               ,1.6
-0.00144               ,2.0
-0.0014                ,1.6
-0.00136               ,1.6
-0.00132               ,1.6
-0.00128               ,2.0
-0.00124               ,1.6
-0.0012000001          ,1.6
-0.00116               ,1.6
-0.00112               ,1.6
-0.00108               ,1.6
-0.00104               ,1.6
-0.001                 ,1.6
-0.000959999976        ,1.6
-0.00092000002         ,1.6
-0.000880000007        ,2.0
-0.000839999993        ,1.6
-0.0008000000380000001 ,2.0
-0.000760000024        ,1.6
-0.0007200000109999999 ,1.6
-0.000679999997        ,1.6
-0.000639999984        ,1.6
-0.000600000028        ,2.0
-0.000560000015        ,1.6
-0.000520000001        ,1.6
-0.000480000017        ,1.6
-0.000440000033        ,1.6
-0.00040000001900000005,2.0
-0.000360000005        ,1.6
-0.000320000021        ,1.6
-0.000280000037        ,2.0
-0.000240000023        ,1.6
-0.00020000002400000002,1.6
-0.000160000025        ,1.6
-0.000120000026        ,1.6
-8.0000027e-05         ,1.6
-4.0000028e-05         ,2.0
-2.8999999999999997e-11,1.6
3.999997e-05           ,16.3999996
7.9999969e-05          ,28.80000114
0.00011999996800000001 ,38.40000153
0.000159999967         ,45.20000076
0.00019999996599999998 ,49.60000229
0.000239999965         ,51.60000229
0.000279999978         ,52.0
0.000319999963         ,51.20000076
0.000359999947         ,49.20000076
0.00039999996099999996 ,46.0
0.000439999974         ,42.79999924
0.000479999959         ,39.60000229
0.000519999943         ,36.0
0.000559999957         ,32.0
0.0005999999700000001  ,29.20000076
0.000639999984         ,26.0
0.000679999939         ,24.0
0.0007199999529999999  ,22.0
0.000759999966         ,20.80000114
0.0007999999219999999  ,20.39999962
0.000839999935         ,19.6000004
0.000879999949         ,19.2000008
0.000919999962         ,19.2000008
0.000959999976         ,18.8000011
0.001                  ,18.8000011
0.00104                ,18.3999996
0.00108                ,18.0
0.0011199999           ,17.6000004
0.00116                ,16.8000011
0.0011999999           ,16.3999996
0.0012399999           ,16.0
0.00128                ,15.1999998
0.0013199999           ,14.8000002
0.0013599998999999998  ,14.0
0.0014                 ,13.1999998
0.0014399998999999998  ,12.8000002
0.00148                ,12.0
0.0015199998999999998  ,11.1999998
0.0015599999           ,10.4000006
0.0016                 ,9.600000381000001
0.0016399999           ,9.199999809
0.00168                ,8.400000572
0.0017199999           ,7.599999905
0.0017599998999999998  ,7.20000029
0.0018                 ,6.4000001
0.0018399998999999998  ,6.0
0.0018799999           ,5.20000029
0.00192                ,4.80000019
0.00196                ,4.4000001
0.0019999999           ,4.4000001
0.0020399999           ,4.4000001
0.00208                ,3.60000014
0.0021199998000000003  ,4.0
0.0021599999           ,4.4000001
0.0022                 ,5.20000029
0.0022399998           ,6.0
0.0022799999           ,6.0
0.00232                ,6.0
0.0023599998           ,6.4000001
0.0023999998999999998  ,6.0
0.00244                ,6.0
0.0024799998           ,6.0
0.0025199999           ,5.5999999
0.0025599998999999997  ,5.5999999
0.0026                 ,5.5999999
0.0026399998           ,5.20000029
0.0026799999           ,5.20000029
0.0027199999900000002  ,5.20000029
0.00275999983          ,5.20000029
0.0027999999           ,5.5999999
0.0028399999699999998  ,5.5999999
0.00287999981          ,6.4000001
0.0029199998800000003  ,6.4000001
0.00295999995          ,6.80000019
0.00299999979          ,7.20000029
0.00303999986          ,7.599999905
0.00307999994          ,8.400000572
0.00312000001          ,8.800000191
0.0031599998499999998  ,9.600000381000001
0.0031999999200000005  ,10.0
0.0032399999900000003  ,10.8000002
0.00327999983          ,11.1999998
0.0033199999           ,11.6000004
0.00335999997          ,11.6000004
0.00339999981          ,11.6000004
0.00343999988          ,11.6000004
0.0034799999599999997  ,10.8000002
0.00351999979          ,10.0
0.0035599998700000003  ,9.600000381000001
0.00359999994          ,8.800000191
0.00363999978          ,8.800000191
0.00367999985          ,9.199999809
0.00371999992          ,9.600000381000001
0.0037599997600000004  ,10.8000002
0.0037999998300000002  ,12.8000002
0.0038399999           ,15.1999998
0.00387999997          ,18.3999996
0.00392000005          ,22.80000114
0.00395999989          ,27.60000038
0.00399999972          ,33.20000076
0.00404000003          ,39.60000229
0.00407999987          ,46.40000153
0.00411999971          ,53.20000076
0.00416000001          ,59.600002288999995
0.0041999998499999995  ,65.200004578
0.00423999969          ,70.0
0.00427999999          ,73.200004578
0.00431999983          ,75.599998474
0.00435999967          ,76.0
0.00439999998          ,75.599998474
0.00443999982          ,73.599998474
0.00447999965          ,70.0
0.00451999996          ,66.0
0.0045599998           ,61.600002288999995
0.00459999964          ,56.799999237
0.00463999994          ,52.0
0.00467999978          ,47.60000229
0.00471999962          ,42.79999924
0.004759999920000001   ,38.40000153
0.0047999997600000005  ,34.0
0.004840000069999999   ,30.39999962
0.00487999991          ,27.60000038
0.00491999974          ,25.20000076
0.00496000005          ,23.60000038
0.00499999989          ,22.39999962
0.0050399997299999996  ,21.20000076
0.00508000003          ,20.39999962
0.00511999987          ,19.6000004
0.00515999971          ,19.2000008
0.00520000001          ,18.0
0.00523999985          ,17.6000004
0.00527999969          ,17.6000004
0.00532                ,16.8000011
0.005359999840000001   ,16.3999996
0.00539999967          ,15.6000004
0.0054399999800000005  ,14.8000002
0.0054799998199999995  ,14.4000006
0.00551999966          ,13.6000004
0.00555999996          ,12.8000002
0.0055999998           ,12.0
0.005639999640000001   ,11.6000004
0.0056799999399999995  ,10.8000002
0.00571999978          ,10.0
0.00575999962          ,9.600000381000001
0.00579999993          ,8.800000191
0.00583999977          ,7.599999905
0.0058799996           ,7.20000029
0.00591999991          ,6.80000019
0.00595999975          ,6.0
0.00600000005          ,5.5999999
0.00603999989          ,5.20000029
0.00607999973          ,4.80000019
0.00612000003          ,4.4000001
0.006159999869999999   ,4.0
0.00619999971          ,4.0
0.00624000002          ,3.60000014
0.0062799998600000006  ,3.60000014
0.0063199996900000005  ,3.60000014
0.00636                ,4.80000019
0.006399999840000001   ,5.5999999
0.00643999968          ,6.4000001
0.006479999980000001   ,6.80000019
0.00651999982          ,7.20000029
0.00655999966          ,6.80000019
0.00659999996          ,6.4000001
0.0066399998           ,6.0
0.006679999640000001   ,5.5999999
0.00671999995          ,5.20000029
0.00675999979          ,4.80000019
0.00679999962          ,4.4000001
0.00683999993          ,4.4000001
0.00687999977          ,4.4000001
0.00691999961          ,4.4000001
0.00695999991          ,4.4000001
0.006999999749999999   ,4.80000019
0.00703999959          ,5.20000029
0.007079999889999999   ,5.5999999
0.00711999973          ,6.0
0.0071599995700000005  ,6.4000001
0.00719999988          ,6.80000019
0.007239999719999999   ,7.599999905
0.007279999549999999   ,8.0
0.007319999860000001   ,8.800000191
0.0073599997           ,8.800000191
0.007400000002         ,9.600000381000001
0.007439999841         ,10.4000006
0.00747999968          ,10.8000002
0.007519999985         ,11.1999998
0.007559999824         ,11.6000004
0.0075999996620000005  ,11.6000004
0.007639999967         ,11.1999998
0.007679999806         ,11.1999998
0.007719999645         ,10.8000002
0.007759999949         ,10.0
0.0077999997880000005  ,8.800000191
0.007840000093         ,8.800000191
0.007879999466         ,8.800000191
0.007919999771         ,9.199999809
0.007960000075         ,9.600000381000001
0.007999999449         ,11.1999998
0.008039999753         ,13.1999998
0.008080000058000001   ,15.6000004
0.008119999431         ,19.2000008
0.008159999736         ,23.60000038
0.008200000039999999   ,28.0
0.008239999413         ,33.20000076
0.008279999718000001   ,38.79999924
0.008320000023         ,44.79999924
0.008359999396         ,50.0
0.008399999699999999   ,54.799999237
0.008440000005         ,58.400001526000004
0.008479999378         ,61.200000763
0.008519999682999999   ,62.799999237
0.008559999987         ,63.200000763
0.008599999361000001   ,62.799999237
0.008639999665         ,61.200000763
0.00867999997          ,58.400001526000004
0.008719999342999999   ,54.799999237
0.008759999648         ,51.20000076
0.008799999952         ,47.20000076
0.008839999325999999   ,43.20000076
0.00887999963          ,38.79999924
0.008919999935         ,35.20000076
0.008959999308         ,31.60000038
0.008999999613         ,28.0
0.009039999917         ,25.20000076
0.00907999929          ,22.80000114
0.009119999595         ,20.80000114
0.0091599999           ,19.6000004
0.009199999273         ,18.3999996
0.009239999577         ,17.2000008
0.009279999882         ,16.3999996
0.009320000187         ,15.6000004
0.00935999956          ,15.1999998
0.009399999864000001   ,14.4000006
0.009440000169         ,14.0
0.009479999542         ,13.6000004
0.009519999847         ,13.1999998
0.009560000151         ,12.8000002
0.009599999525         ,12.4000006
0.009639999828999999   ,11.6000004
0.009680000134         ,10.8000002
0.009719999507000001   ,10.8000002
0.009759999812         ,10.4000006
0.009800000116         ,9.600000381000001
0.009839999488999999   ,9.199999809
0.009879999794         ,8.400000572
0.009920000099         ,7.599999905
0.009959999472         ,7.599999905
0.009999999776         ,6.80000019
0.0100400001           ,6.4000001
0.010079999499999999   ,5.5999999
0.0101199998           ,5.20000029
0.0101600001           ,4.80000019
0.0101999994           ,4.80000019
0.0102399997           ,4.80000019
0.01028                ,4.80000019
0.0103199994           ,4.80000019
0.010359999699999999   ,4.80000019
0.0104                 ,4.80000019
0.0104399994           ,5.20000029
0.0104799997           ,4.80000019
0.01052                ,5.20000029
0.010559999399999999   ,6.80000019
0.0105999997           ,7.599999905
0.01064                ,8.400000572
0.0106799994           ,8.800000191
0.0107199997           ,9.199999809
0.01076                ,8.800000191
0.0107999993           ,8.800000191
0.0108399997           ,8.0
0.01088                ,8.0
0.0109199993           ,7.20000029
0.010959999599999999   ,6.80000019
0.0109999999           ,6.4000001
0.011039999299999999   ,6.0
0.0110799996           ,6.0
0.0111199999           ,5.5999999
0.011159999299999999   ,5.20000029
0.0111999996           ,5.20000029
0.0112399999           ,4.80000019
0.0112799993           ,5.20000029
0.0113199996           ,4.80000019
0.0113599999           ,4.80000019
0.0113999993           ,4.80000019
0.0114399996           ,5.20000029
0.0114799999           ,5.20000029
0.011519999199999999   ,5.5999999
0.0115599995           ,6.0
0.0115999999           ,6.4000001
0.011639999199999999   ,6.4000001
0.0116799995           ,6.80000019
0.0117199998           ,6.80000019
0.011760000100000001   ,7.20000029
0.0117999995           ,7.599999905
0.0118399998           ,7.599999905
0.0118800001           ,7.599999905
0.0119199995           ,6.80000019
0.0119599998           ,6.80000019
0.0120000001           ,6.4000001
0.012039999499999999   ,6.4000001
0.0120799998           ,6.4000001
0.0121200001           ,6.80000019
0.0121599995           ,7.599999905
0.0121999998           ,8.400000572
0.0122400001           ,9.600000381000001
0.0122799994           ,12.0
0.0123199997           ,14.4000006
0.0123600001           ,17.6000004
0.0123999994           ,21.20000076
0.0124399997           ,25.20000076
0.01248                ,29.20000076
0.012519999399999999   ,33.20000076
0.0125599997           ,37.20000076
0.0126                 ,40.79999924
0.012639999399999999   ,43.60000229
0.0126799997           ,45.60000229
0.01272                ,46.79999924
0.0127599994           ,46.79999924
0.0127999997           ,46.40000153
0.01284                ,44.79999924
0.0128799994           ,42.79999924
0.0129199997           ,40.40000153
0.01296                ,37.20000076
0.012999999299999999   ,34.40000153
0.0130399996           ,31.20000076
0.0130799999           ,28.0
0.013119999299999999   ,25.60000038
0.0131599996           ,23.20000076
0.0131999999           ,20.80000114
0.0132399993           ,19.2000008
0.0132799996           ,17.6000004
0.0133199999           ,16.0
0.0133599993           ,15.1999998
0.0133999996           ,14.0
0.0134399999           ,13.6000004
0.0134799993           ,13.1999998
0.013519999599999999   ,12.8000002
0.0135599999           ,12.4000006
0.013599999199999999   ,12.0
0.0136399996           ,11.6000004
0.0136799999           ,11.1999998
0.0137199992           ,10.8000002
0.0137599995           ,10.4000006
0.0137999998           ,10.4000006
0.0138399992           ,9.600000381000001
0.0138799995           ,9.199999809
0.0139199998           ,9.199999809
0.0139599992           ,8.400000572
0.013999999499999999   ,8.0
0.0140399998           ,7.599999905
0.014079999199999998   ,6.80000019
0.0141199995           ,6.80000019
0.0141599998           ,6.0
0.014199999199999999   ,5.5999999
0.0142399995           ,5.20000029
0.0142799998           ,4.80000019
0.0143199991           ,4.80000019
0.0143599994           ,4.80000019
0.0143999998           ,4.80000019
0.0144400001           ,4.80000019
0.014479999399999999   ,4.80000019
0.0145199997           ,5.20000029
0.01456                ,5.5999999
0.014599999399999999   ,5.5999999
0.0146399997           ,6.0
0.01468                ,6.0
0.0147199994           ,6.0
0.0147599997           ,7.20000029
0.0148                 ,8.400000572
0.0148399994           ,9.600000381000001
0.0148799997           ,9.600000381000001
0.01492                ,10.0
0.0149599994           ,10.0
0.014999999699999999   ,9.600000381000001
0.01504                ,9.199999809
0.015079999299999999   ,8.400000572
0.0151199996           ,7.599999905
0.01516                ,7.20000029
0.0151999993           ,6.80000019
0.0152399996           ,6.0
0.0152799999           ,5.5999999
0.0153199993           ,4.80000019
0.0153599996           ,4.80000019
0.0153999999           ,4.80000019
0.0154399993           ,4.80000019
0.015479999599999999   ,4.80000019
0.0155199999           ,4.80000019
0.015559999299999999   ,5.20000029
0.0155999996           ,5.5999999
0.0156399999           ,5.5999999
0.0156800002           ,6.0
0.0157200005           ,6.4000001
0.0157599989           ,6.80000019
0.015799999199999998   ,6.80000019
0.0158399995           ,7.20000029
0.0158799998           ,7.599999905
0.0159200002           ,7.599999905
0.0159600005           ,7.599999905
0.0159999989           ,8.0
0.0160399992           ,8.0
0.0160799995           ,8.0
0.0161199998           ,7.599999905
0.0161600001           ,7.599999905
0.0162000004           ,7.20000029
0.0162399989           ,7.20000029
0.0162799992           ,6.80000019
0.016319999499999998   ,6.80000019
0.0163599998           ,7.20000029
0.0164000001           ,7.599999905
0.0164400004           ,8.400000572
0.0164799988           ,9.600000381000001
0.0165199991           ,11.6000004
0.0165599994           ,13.6000004
0.0165999997           ,16.3999996
0.01664                ,19.2000008
0.0166800003           ,22.0
0.0167199988           ,25.20000076
0.0167599991           ,28.0
0.016799999399999998   ,30.80000114
0.0168399997           ,33.20000076
0.01688                ,34.79999924
0.0169200003           ,35.60000229
0.016959998799999997   ,36.0
0.0169999991           ,35.60000229
0.0170399994           ,34.79999924
0.0170799997           ,33.20000076
0.01712                ,31.20000076
0.0171600003           ,29.20000076
0.0171999987           ,26.80000114
0.017239999            ,24.80000114
0.017279999299999998   ,22.39999962
0.0173199996           ,20.39999962
0.0173599999           ,18.3999996
0.0174000002           ,16.8000011
0.0174399987           ,15.1999998
0.017479999            ,14.0
0.0175199993           ,12.8000002
0.0175599996           ,11.6000004
0.0175999999           ,10.8000002
0.0176400002           ,10.4000006
0.0176799987           ,9.600000381000001
0.017719999            ,9.199999809
0.0177599993           ,8.800000191
0.017799999599999998   ,8.400000572
0.0178399999           ,7.599999905
0.0178800002           ,7.599999905
0.0179199986           ,7.20000029
0.0179599989           ,7.20000029
0.0179999992           ,6.80000019
0.0180399995           ,6.4000001
0.0180799998           ,6.0
0.0181200001           ,6.0
0.0181600004           ,5.5999999
0.0181999989           ,5.5999999
0.0182399992           ,5.20000029
0.018279999499999998   ,4.80000019
0.0183199998           ,4.80000019
0.0183600001           ,4.4000001
0.0184000004           ,4.0
0.018439998899999997   ,4.0
0.0184799992           ,4.0
0.0185199995           ,3.60000014
0.0185599998           ,3.60000014
0.0186000001           ,3.20000005
0.0186400004           ,3.60000014
0.0186799988           ,4.0
0.0187199991           ,4.0
0.018759999399999998   ,4.4000001
0.0187999997           ,5.20000029
0.01884                ,5.5999999
0.0188800003           ,5.20000029
0.018919998799999997   ,5.5999999
0.0189599991           ,6.80000019
0.0189999994           ,7.599999905
0.0190399997           ,8.800000191
0.01908                ,8.800000191
0.0191200003           ,9.199999809
0.0191599987           ,9.199999809
0.019199999            ,9.199999809
0.0192399994           ,8.800000191
0.019279999699999998   ,8.0
0.01932                ,7.599999905
0.0193600003           ,7.20000029
0.0193999987           ,6.80000019
0.019439999            ,6.4000001
0.0194799993           ,5.5999999
0.0195199996           ,5.20000029
0.0195599999           ,5.20000029
0.0196000002           ,4.80000019
0.0196399987           ,4.4000001
0.019679999            ,4.0
0.0197199993           ,4.0
0.019759999599999998   ,3.60000014
0.0197999999           ,3.60000014
0.0198400002           ,3.60000014
0.0198799986           ,3.60000014
0.0199199989           ,3.60000014
0.0199599992           ,3.60000014
0.0199999996           ,3.60000014
0.0200399999           ,4.0
0.0200800002           ,4.0
0.0201199986           ,4.0
0.02015999891          ,4.0
0.02019999921          ,4.0
0.02023999952          ,4.4000001
0.020279999820000002   ,4.4000001
0.02032000013          ,4.4000001
0.02035999857          ,4.4000001
0.02039999887          ,4.4000001
0.02043999918          ,4.4000001
0.02047999948          ,4.4000001
0.02051999979          ,4.80000019
0.020560000090000002   ,5.20000029
0.02059999853          ,6.0
0.02063999884          ,6.80000019
0.020679999140000002   ,7.599999905
0.020719999450000002   ,9.199999809
0.02075999975          ,10.8000002
0.02080000006          ,12.8000002
0.02084000036          ,14.4000006
0.0208799988           ,16.8000011
0.02091999911          ,19.2000008
0.020959999410000003   ,21.20000076
0.02099999972          ,22.80000114
0.021040000019999998   ,24.39999962
0.021080000329999998   ,25.20000076
0.02111999877          ,26.0
0.02115999907          ,26.0
0.02119999938          ,25.60000038
0.02123999968          ,24.80000114
0.02127999999          ,24.0
0.021320000290000002   ,22.80000114
0.021359998730000003   ,20.80000114
0.02139999904          ,19.2000008
0.021439999339999998   ,17.6000004
0.021479999649999998   ,16.0
0.02151999995          ,14.4000006
0.02156000026          ,13.1999998
0.0215999987           ,12.0
0.021639999            ,11.1999998
0.02167999931          ,10.4000006
0.021719999610000002   ,9.600000381000001
0.021759999920000002   ,9.199999809
0.021800000219999997   ,8.800000191
0.02183999866          ,8.0
0.021879998969999998   ,8.0
0.02191999927          ,7.599999905
0.02195999958          ,7.599999905
0.02199999988          ,7.20000029
0.02204000019          ,6.80000019
0.02207999863          ,6.80000019
0.022119998930000002   ,6.80000019
0.022159999240000002   ,6.4000001
0.022199999539999998   ,6.4000001
0.022239999849999997   ,6.0
0.02228000015          ,6.0
0.02231999859          ,5.5999999
0.0223599989           ,5.5999999
0.0223999992           ,5.20000029
0.02243999951          ,5.20000029
0.02247999981          ,4.80000019
0.02252000012          ,4.80000019
0.022559998560000002   ,4.0
0.022599998859999998   ,4.0
0.022639999169999998   ,4.0
0.02267999947          ,4.0
0.02271999978          ,3.60000014
0.02276000008          ,3.60000014
0.02279999852          ,4.4000001
0.02283999883          ,4.4000001
0.022879999130000002   ,4.80000019
0.02291999944          ,4.80000019
0.02295999974          ,5.5999999
0.023000000040000003   ,6.0
0.023039998489999998   ,6.4000001
0.02307999879          ,6.4000001
0.0231199991           ,6.4000001
0.0231599994           ,7.599999905
0.0231999997           ,8.800000191
0.02324000001          ,9.600000381000001
0.023279998450000002   ,10.0
0.023319998760000002   ,10.0
0.02335999906          ,10.0
0.02339999937          ,9.600000381000001
0.023439999670000003   ,8.800000191
0.02347999997          ,8.800000191
0.023520000279999998   ,7.599999905
0.02355999872          ,7.20000029
0.02359999903          ,6.80000019
0.02363999933          ,6.0
0.02367999963          ,5.5999999
0.02371999994          ,4.80000019
0.023760000240000002   ,4.80000019
0.02379999869          ,4.4000001
0.023839998990000003   ,4.4000001
0.02387999929          ,4.0
0.0239199996           ,4.4000001
0.0239599999           ,4.4000001
0.02400000021          ,4.4000001
0.02403999865          ,4.4000001
0.02407999896          ,4.4000001
0.02411999926          ,4.80000019
0.02415999956          ,4.80000019
0.024199999870000002   ,4.80000019
0.02424000017          ,4.80000019
0.024279998620000003   ,5.20000029
0.02431999892          ,5.5999999
0.024359999219999998   ,5.5999999
0.02439999953          ,5.5999999
0.02443999983          ,5.5999999
0.02448000014          ,5.20000029
0.02451999858          ,5.20000029
0.02455999888          ,5.20000029
0.024599999190000003   ,5.20000029
0.02463999949          ,5.20000029
0.0246799998           ,5.5999999
0.024720000099999997   ,5.20000029
0.02475999855          ,5.20000029
0.024799998849999998   ,6.0
0.02483999915          ,6.4000001
0.02487999946          ,6.80000019
0.02491999976          ,7.599999905
0.024960000070000002   ,9.199999809
0.02499999851          ,10.0
0.025039998810000002   ,11.6000004
0.02507999912          ,13.1999998
0.025119999419999997   ,14.8000002
0.025159999730000004   ,16.3999996
0.02520000003          ,17.6000004
0.02523999847          ,19.2000008
0.02527999878          ,20.0
0.02531999908          ,20.39999962
0.02535999939          ,20.39999962
0.02539999969          ,20.39999962
0.02544                ,20.0
0.025479998440000002   ,19.2000008
0.025519998739999997   ,18.0
0.025559999049999997   ,16.8000011
0.02559999935          ,15.6000004
0.02563999966          ,14.4000006
0.025679999959999998   ,13.1999998
0.0257199984           ,12.0
0.02575999871          ,10.8000002
0.02579999901          ,10.4000006
0.02583999932          ,9.199999809
0.025879999619999997   ,8.400000572
0.025919999929999996   ,8.0
0.025960000230000002   ,7.599999905
0.02599999867          ,6.80000019
0.02603999898          ,6.4000001
0.02607999928          ,6.4000001
0.026119999589999998   ,6.0
0.02615999989          ,5.5999999
0.0262000002           ,5.20000029
0.02623999864          ,4.80000019
0.026279998939999997   ,4.80000019
0.026319999249999997   ,4.4000001
0.026359999550000002   ,4.4000001
0.02639999986          ,4.4000001
0.026440000159999998   ,4.0
0.0264799986           ,4.0
0.02651999891          ,3.60000014
0.02655999921          ,3.60000014
0.02659999952          ,3.20000005
0.02663999982          ,3.20000005
0.02668000013          ,2.79999995
0.026719998569999997   ,2.79999995
0.026759998870000003   ,2.4000001
0.02679999918          ,2.79999995
0.026839999479999998   ,2.4000001
0.026879999789999998   ,2.79999995
0.02692000009          ,2.79999995
0.02695999853          ,2.4000001
0.02699999884          ,2.79999995
0.02703999914          ,3.20000005
0.02707999945          ,3.20000005
0.027119999750000002   ,3.60000014
0.02716000006          ,4.0
0.0271999985           ,4.4000001
0.027239998799999998   ,4.80000019
0.027279999109999998   ,4.80000019
0.02731999941          ,5.20000029
0.02735999972          ,6.4000001
0.02740000002          ,6.80000019
0.02743999846          ,7.599999905
0.02747999877          ,7.599999905
0.027519999070000002   ,8.0
0.027559999380000002   ,8.0
0.027599999679999997   ,8.0
0.027639999989999997   ,7.599999905
0.027679998429999998   ,7.20000029
0.02771999873          ,6.80000019
0.02775999904          ,6.4000001
0.02779999934          ,6.0
0.02783999965          ,5.5999999
0.02787999995          ,5.20000029
0.027919998390000002   ,4.80000019
0.027959998700000002   ,4.4000001
0.027999998999999998   ,4.0
0.028039999309999997   ,4.0
0.02807999961          ,3.60000014
0.02811999992          ,3.60000014
0.02815999836          ,3.20000005
0.02819999866          ,3.20000005
0.02823999897          ,2.79999995
0.02827999927          ,2.79999995
0.02831999958          ,2.79999995
0.02835999988          ,2.79999995
0.028400000180000003   ,2.79999995
0.028439998629999998   ,2.79999995
0.02847999893          ,2.79999995
0.02851999924          ,2.4000001
0.02855999954          ,2.79999995
0.02859999985          ,2.79999995
0.02864000015          ,3.20000005
0.028679998590000002   ,2.79999995
0.0287199989           ,3.20000005
0.0287599992           ,3.20000005
0.02879999951          ,3.20000005
0.028839999810000003   ,3.20000005
0.028880000109999998   ,3.60000014
0.02891999856          ,3.60000014
0.02895999886          ,4.0
0.02899999917          ,4.4000001
0.02903999947          ,4.80000019
0.02907999977          ,5.5999999
0.02912000008          ,6.0
0.02915999852          ,6.80000019
0.02919999883          ,8.0
0.029239999130000003   ,9.199999809
0.02927999943          ,10.4000006
0.029319999739999998   ,11.6000004
0.02936000004          ,12.8000002
0.02939999849          ,14.0
0.02943999879          ,14.4000006
0.0294799991           ,15.1999998
0.0295199994           ,15.1999998
0.029559999700000002   ,15.6000004
0.029600000010000002   ,15.6000004
0.029639998450000003   ,14.8000002
0.029679998760000003   ,14.0
0.02971999906          ,13.6000004
0.02975999936          ,12.4000006
0.02979999967          ,11.6000004
0.02983999997          ,10.8000002
0.02987999842          ,10.0
0.02991999872          ,8.800000191
0.02995999902          ,8.400000572
0.029999999330000002   ,7.599999905
0.03003999963          ,7.20000029
0.03007999994          ,6.4000001
0.03011999838          ,6.0
0.03015999869          ,6.0
0.03019999899          ,5.5999999
0.03023999929          ,5.20000029
0.0302799996           ,5.20000029
0.030319999900000002   ,4.80000019
0.03035999835          ,4.80000019
0.030399998650000003   ,4.80000019
0.03043999895          ,4.80000019
0.03047999926          ,4.4000001
0.030519999559999997   ,4.4000001
0.030559999870000003   ,4.4000001
0.030599998309999998   ,4.0
0.03063999861          ,4.0
0.03067999892          ,4.0
0.03071999922          ,4.0
0.030759999530000002   ,3.60000014
0.03079999983          ,4.0
0.030839998280000003   ,3.60000014
0.03087999858          ,3.60000014
0.030919998879999997   ,3.20000005
0.030959999190000004   ,3.20000005
0.03099999949          ,3.20000005
0.0310399998           ,3.20000005
0.031080000099999998   ,3.20000005
0.03111999854          ,3.20000005
0.03115999885          ,3.20000005
0.03119999915          ,3.60000014
0.03123999946          ,4.0
0.031279999759999996   ,4.0
0.0313199982           ,4.4000001
0.03136000037          ,4.80000019
0.03139999881          ,5.20000029
0.03144000098          ,5.5999999
0.031479999419999995   ,5.5999999
0.031519997859999996   ,5.5999999
0.03156000003          ,6.4000001
0.03159999847          ,7.599999905
0.03164000064          ,8.0
0.03167999908          ,8.400000572
0.03171999753          ,8.400000572
0.03175999969          ,8.0
0.03179999813          ,8.0
0.0318400003           ,7.599999905
0.03187999874          ,7.20000029
0.03192000091          ,6.80000019
0.031959999350000004   ,6.0
0.03199999779          ,5.20000029
0.032039999959999996   ,4.80000019
0.0320799984           ,4.80000019
0.03212000057          ,4.4000001
0.03215999901          ,4.0
0.032199997450000004   ,4.0
0.03223999962          ,3.60000014
0.032279998059999995   ,3.60000014
0.03232000023          ,3.60000014
0.03235999867          ,3.60000014
0.03240000084          ,3.60000014
0.03243999928          ,3.60000014
0.03247999772          ,4.0
0.03251999989          ,3.60000014
0.03255999833          ,4.0
0.0326000005           ,4.0
0.03263999894          ,4.0
0.03267999738          ,4.0
0.032719999550000003   ,4.0
0.032759997990000005   ,4.0
0.032800000159999995   ,4.0
0.032839998599999996   ,4.0
0.03288000077          ,4.0
0.03291999921          ,4.0
0.03295999765          ,4.0
0.03299999982          ,4.0
0.03303999826          ,4.0
0.03308000043          ,4.0
0.03311999887          ,4.0
0.03315999731          ,4.0
0.03319999948          ,4.4000001
0.03323999792          ,4.80000019
0.03328000009          ,5.20000029
0.03331999853          ,6.0
0.033360000699999996   ,6.4000001
0.03339999914          ,7.599999905
0.03343999758          ,8.0
0.03347999975          ,9.199999809
0.033519998190000004   ,10.4000006
0.03356000036          ,11.1999998
0.033599998799999996   ,12.0
0.03364000097          ,12.4000006
0.03367999941          ,12.8000002
0.03371999785          ,13.6000004
0.03376000002          ,13.1999998
0.03379999846          ,13.1999998
0.03384000063          ,12.8000002
0.03387999907          ,12.4000006
0.03391999751          ,11.6000004
0.03395999968          ,10.8000002
0.03399999812          ,9.600000381000001
0.034040000290000004   ,9.199999809
0.03407999873          ,8.400000572
0.034120000899999996   ,7.599999905
0.03415999934          ,7.20000029
0.03419999778          ,6.4000001
0.03423999995          ,6.0
0.034279998390000004   ,6.0
0.03432000056          ,5.5999999
0.034359999            ,5.20000029
0.034399997439999996   ,4.80000019
0.03443999961          ,4.4000001
0.03447999805          ,4.4000001
0.03452000022          ,4.0
0.03455999866          ,4.0
0.03460000083          ,4.0
0.03463999927          ,3.60000014
0.03467999771          ,3.60000014
0.03471999988          ,3.20000005
0.03475999832          ,3.20000005
0.03480000049          ,3.60000014
0.034839998930000005   ,3.20000005
0.03487999737          ,3.20000005
0.034919999539999996   ,2.79999995
0.03495999798          ,2.79999995
0.03500000015          ,2.79999995
0.03503999859          ,2.79999995
0.03508000076          ,2.4000001
0.0351199992           ,2.79999995
0.03515999764          ,2.4000001
0.03519999981          ,2.4000001
0.03523999825          ,2.4000001
0.03528000042          ,2.0
0.03531999886          ,2.4000001
0.0353599973           ,2.4000001
0.03539999947          ,2.4000001
0.03543999791          ,2.4000001
0.03548000008          ,2.79999995
0.03551999852          ,2.79999995
0.03556000069          ,3.60000014
0.035599999130000004   ,3.60000014
0.035639997570000005   ,4.0
0.03567999974          ,4.0
0.03571999818          ,4.0
0.03576000035          ,4.80000019
0.03579999879          ,5.20000029
0.035839997230000004   ,6.0
0.0358799994           ,6.0
0.03591999784          ,6.4000001
0.03596000001          ,6.4000001
0.03599999845          ,6.4000001
0.03604000062          ,6.0
0.03607999906          ,6.0
0.0361199975           ,5.5999999
0.036159999670000005   ,5.20000029
0.03619999811          ,4.80000019
0.03624000028          ,4.80000019
0.03627999872          ,4.4000001
0.03632000089          ,4.0
0.036359999330000004   ,3.60000014
0.03639999777          ,3.60000014
0.03643999994          ,3.60000014
0.03647999838          ,3.60000014
0.03652000055          ,3.20000005
0.03655999899          ,2.79999995
0.036599997429999996   ,2.79999995
0.0366399996           ,2.79999995
0.03667999804          ,2.4000001
0.03672000021          ,2.4000001
0.03675999865          ,2.4000001
0.03680000082          ,2.4000001
0.03683999926          ,2.0
0.0368799977           ,2.4000001
0.036919999870000005   ,2.4000001
0.03695999831          ,2.4000001
0.037000000479999996   ,2.4000001
0.03703999892          ,2.79999995
0.03707999736          ,2.79999995
0.03711999953          ,2.79999995
0.03715999797          ,2.79999995
0.03720000014          ,3.20000005
0.03723999858          ,3.20000005
0.03728000075          ,3.20000005
0.03731999919          ,3.20000005
0.037359997629999996   ,3.60000014
0.0373999998           ,3.60000014
0.03743999824          ,4.0
0.03748000041          ,4.0
0.03751999885          ,4.80000019
0.03755999729          ,4.80000019
0.03759999946          ,5.5999999
0.0376399979           ,6.4000001
0.037680000070000004   ,7.20000029
0.03771999851          ,8.0
0.03776000068          ,8.800000191
0.03779999912          ,9.600000381000001
0.03783999756          ,10.4000006
0.03787999973          ,10.4000006
0.03791999817          ,10.8000002
0.03796000034          ,10.8000002
0.03799999878          ,10.8000002
0.03803999722          ,10.4000006
0.03807999939          ,10.0
0.038119997829999995   ,9.600000381000001
0.03816                ,9.199999809
0.03819999844          ,8.400000572
0.038240000610000005   ,7.599999905
0.03827999905          ,7.20000029
0.03831999749          ,6.80000019
0.03835999966          ,6.0
0.0383999981           ,5.5999999
0.038440000269999997   ,5.20000029
0.03847999871          ,4.80000019
0.03851999715          ,4.4000001
0.03855999932          ,4.0
0.03859999776          ,4.0
0.038639999929999995   ,4.0
0.038679998369999996   ,4.0
0.03872000054          ,4.0
0.03875999898          ,3.60000014
0.03879999742          ,3.60000014
0.03883999959          ,3.60000014
0.03887999803          ,3.60000014
0.0389200002           ,3.20000005
0.03895999864          ,3.20000005
0.039000000800000004   ,3.20000005
0.03903999925          ,3.20000005
0.03907999769          ,3.20000005
0.03911999986          ,3.20000005
0.0391599983           ,3.20000005
0.03920000046          ,2.79999995
0.03923999891          ,2.79999995
0.03927999735          ,2.79999995
0.03931999952          ,2.79999995
0.039359997960000004   ,2.79999995
0.03940000013          ,2.79999995
0.039439998569999996   ,2.79999995
0.03948000073          ,2.79999995
0.03951999918          ,2.79999995
0.03955999762          ,2.79999995
0.03959999979          ,2.79999995
0.03963999823          ,3.20000005
0.03968000039          ,3.20000005
0.03971999884          ,4.0
0.03975999728          ,4.0
0.03979999945          ,4.4000001
0.03983999789          ,4.4000001
0.039880000049999996   ,4.0
0.0399199985           ,4.0
0.03996000066          ,5.20000029
0.03999999911          ,5.20000029
0.04003999755          ,6.0
0.04007999972          ,6.4000001
0.04011999816          ,6.4000001
0.04016000032          ,6.4000001
0.04019999877          ,6.0
0.040239997209999996   ,6.0
0.04027999938          ,5.5999999
0.04031999782          ,5.20000029
0.04035999998          ,5.20000029
0.04039999843          ,4.4000001
0.04044000059          ,4.0
0.04047999904          ,4.0
0.04051999748          ,4.0
0.040559999640000004   ,3.60000014
0.04059999809          ,3.20000005
0.04064000025          ,3.20000005
0.040679998700000004   ,3.20000005
0.04071999714          ,3.20000005
0.040759999309999996   ,2.79999995
0.04079999775          ,2.79999995
0.04083999991          ,2.79999995
0.04087999836          ,2.79999995
0.04092000052          ,2.79999995
0.04095999897          ,2.79999995
0.04099999741          ,2.79999995
0.04103999957          ,3.20000005
0.04107999802          ,3.20000005
0.041120000180000005   ,3.20000005
0.04115999863          ,3.20000005
0.04119999707          ,3.20000005
0.04123999923          ,3.20000005
0.04127999768          ,3.20000005
0.04131999984          ,2.79999995
0.04135999829          ,3.20000005
0.04140000045          ,3.20000005
0.04143999889          ,3.20000005
0.041479997340000005   ,3.20000005
0.0415199995           ,3.20000005
0.04155999795          ,3.20000005
0.04160000011          ,3.60000014
0.04163999856          ,4.0
0.04168000072          ,4.4000001
0.04171999916          ,4.80000019
0.04175999761          ,5.20000029
0.04179999977          ,6.0
0.04183999822          ,6.4000001
0.041880000380000004   ,7.20000029
0.041919998820000005   ,7.599999905
0.04195999727          ,8.800000191
0.04199999943          ,9.600000381000001
0.04203999788          ,9.600000381000001
0.042080000039999996   ,10.0
0.042119998480000004   ,10.0
0.04216000065          ,10.4000006
0.04219999909          ,10.0
0.04223999754          ,9.600000381000001
0.042279999699999994   ,9.199999809
0.04231999815          ,8.800000191
0.04236000031000001    ,8.0
0.04239999875          ,7.20000029
0.042439997199999996   ,6.80000019
0.04247999936          ,6.0
0.04251999781          ,5.5999999
0.042559999970000005   ,5.20000029
0.04259999841          ,4.80000019
0.042640000580000004   ,4.4000001
0.04267999902          ,4.4000001
0.04271999747000001    ,4.0
0.042759999630000003   ,3.60000014
0.04279999807          ,3.60000014
0.04284000024          ,3.60000014
0.042879998679999996   ,3.60000014
0.042919997130000005   ,3.60000014
0.042959999289999995   ,3.20000005
0.042999997740000004   ,3.20000005
0.0430399999           ,2.79999995
0.043079998339999995   ,2.79999995
0.04312000051          ,2.79999995
0.04315999894999999    ,2.79999995
0.0431999974           ,2.79999995
0.04323999956          ,2.79999995
0.043279998            ,2.79999995
0.04332000017          ,2.4000001
0.04335999861          ,2.79999995
0.04339999706          ,2.4000001
0.043439999220000004   ,2.4000001
0.04347999766          ,2.4000001
0.04351999983          ,2.4000001
0.04355999827          ,2.0
0.043600000439999995   ,2.0
0.04363999888          ,2.4000001
0.04367999732          ,2.0
0.04371999949          ,2.0
0.043759997929999996   ,2.0
0.0438000001           ,2.4000001
0.04383999854          ,2.0
0.043880000710000006   ,2.0
0.04391999915          ,2.4000001
0.043959997589999994   ,2.4000001
0.04399999976          ,2.4000001
0.0440399982           ,2.79999995
0.04408000037          ,2.79999995
0.04411999881          ,3.20000005
0.04415999725          ,3.20000005
0.04419999942          ,3.20000005
0.044239997860000005   ,3.60000014
0.044280000029999995   ,3.20000005
0.044319998470000004   ,3.20000005
0.04436000064          ,3.20000005
0.044399999079999995   ,3.20000005
0.04443999752          ,3.20000005
0.044479999689999994   ,3.20000005
0.04451999813          ,3.20000005
0.0445600003           ,2.79999995
0.04459999874          ,2.79999995
0.04463999718          ,2.79999995
0.04467999935          ,2.4000001
0.04471999779          ,2.4000001
0.044759999960000005   ,2.4000001
0.0447999984           ,2.4000001
0.04484000057          ,2.4000001
0.04487999901          ,2.4000001
0.04491999745          ,2.4000001
0.04495999962          ,2.4000001
0.04499999806          ,2.4000001
0.04504000023          ,2.4000001
0.045079998669999996   ,2.4000001
0.045119997110000004   ,2.0
0.04515999928          ,2.0
0.045199997719999996   ,2.0
0.04523999989          ,2.0
0.045279998329999994   ,2.0
0.0453200005           ,2.0
0.04535999894          ,2.0
0.04539999738          ,2.0
0.04543999955          ,2.0
0.04547999799          ,2.0
0.04552000016          ,2.0
0.045559998600000005   ,2.0
0.04559999704          ,2.0
0.045639999210000004   ,2.0
0.04567999765          ,2.0
0.045719999819999996   ,2.0
0.045759998260000004   ,2.0
0.045800000429999994   ,2.0
0.04583999887          ,2.0
0.04587999731          ,1.6
0.04591999948          ,2.0
0.04595999792          ,2.0
0.04600000008999999    ,2.4000001
0.04603999853          ,2.4000001
0.046079996969999995   ,2.79999995
0.04611999914          ,2.79999995
0.04615999758          ,2.79999995
0.04619999975          ,3.20000005
0.04623999819          ,3.20000005
0.046280000360000004   ,3.20000005
0.0463199988           ,3.60000014
0.046359997240000006   ,3.60000014
0.04639999941          ,3.60000014
0.046439997850000005   ,3.60000014
0.04648000002          ,3.60000014
0.046519998459999996   ,3.60000014
0.04656000063          ,3.20000005
0.046599999069999995   ,3.20000005
0.04663999751          ,2.79999995
0.04667999968          ,3.20000005
0.04671999812          ,2.79999995
0.04676000029          ,2.79999995
0.04679999872999999    ,2.4000001
0.04683999717          ,2.79999995
0.046879999340000006   ,2.4000001
0.04691999778          ,2.4000001
0.046959999950000005   ,2.4000001
0.04699999839          ,2.0
0.047040000559999996   ,2.0
0.047079999000000004   ,2.0
0.04711999744          ,2.0
0.04715999961          ,2.0
0.04719999805          ,2.0
0.04724000022          ,2.0
0.04727999866          ,2.0
0.0473199971           ,2.0
0.04735999927          ,2.0
0.047399997709999996   ,2.0
0.04743999988          ,2.0
0.04747999832          ,2.0
0.04752000049          ,2.0
0.04755999893          ,2.0
0.047599997369999994   ,2.0
0.04763999954          ,2.0
0.047679997980000006   ,2.0
0.04772000015          ,2.0
0.047759998590000005   ,2.0
0.04779999703          ,2.0
0.0478399992           ,2.0
0.047879997640000005   ,2.0
0.047919999809999995   ,2.0
0.047959998250000004   ,2.0
0.04800000042          ,2.0
0.04803999886          ,1.6
0.0480799973           ,2.0
0.048119999469999994   ,2.0
0.04815999791          ,2.0
0.048200000080000006   ,2.0
0.04823999852          ,2.0
0.04827999696          ,2.4000001
0.04831999913          ,2.0
0.04835999757          ,2.0
0.048399999740000005   ,2.0
0.04843999818          ,2.0
0.04848000035          ,2.0
0.04851999879          ,2.0
0.048559997230000006   ,2.0
0.0485999994           ,2.0
0.04863999784          ,2.0
0.04868000001          ,2.0
0.048719998449999996   ,2.0
0.048759996890000004   ,2.0
0.04879999906          ,2.0
0.0488399975           ,2.0
0.04887999967          ,2.0
0.048919998109999994   ,2.0
0.04896000028          ,2.0
0.04899999872000001    ,2.0
0.04903999716          ,2.0
0.04907999933          ,2.0
0.04911999777          ,2.0
0.04915999994          ,2.0
0.049199998380000005   ,2.0
0.049240000549999996   ,2.0
0.049279998990000004   ,2.0
0.04931999743          ,2.0
0.0493599996           ,2.0
0.04939999804          ,2.0
0.049440000209999994   ,2.0
0.04947999865          ,2.0
0.04951999709          ,2.0
0.04955999926          ,2.0
0.049599997699999995   ,1.6
0.04963999987          ,1.6
0.04967999831          ,1.6
0.049720000480000005   ,2.0
0.04975999892          ,2.0
0.049799997359999994   ,2.0
0.04983999953          ,2.0
0.04987999797          ,1.6
0.049920000140000004   ,2.0
0.04995999858          ,1.6
0.04999999702          ,2.0
0.05003999919          ,2.0
0.050079997630000005   ,2.0
0.0501199998           ,1.6
0.05015999824          ,1.6
0.05020000041          ,2.0
0.050239998849999995   ,1.6
0.05027999729          ,2.0
0.05031999946000001    ,2.0
0.0503599979           ,1.6
0.05040000007          ,2.0
0.05043999851          ,1.6
0.05047999695          ,2.0
0.05051999911999999    ,1.6
0.05055999756          ,2.0
0.050599999730000005   ,2.0
0.05063999817          ,1.6
0.050680000329999995   ,2.0
0.05071999878          ,1.6
0.05075999722          ,1.6
0.05079999939          ,2.0
0.05083999783          ,2.0
0.05088                ,1.6
0.050919998439999996   ,2.0
0.050959996880000004   ,1.6
0.05099999905          ,2.0
0.051039997489999996   ,2.0
0.05107999966          ,2.0
0.051119998099999994   ,2.0
0.05116000026          ,2.0
0.05119999871          ,2.0
0.05123999715          ,2.0
0.05127999932          ,1.6
0.05131999775999999    ,2.0
0.051359999919999996   ,2.0
0.051399998370000005   ,2.0
0.05144000053          ,2.0
0.051479998980000004   ,1.6
0.05151999742          ,1.6
0.051559999589999995   ,2.0
0.051599998030000004   ,2.0
0.05164000019          ,2.0
0.05167999864          ,2.0
0.051719997079999996   ,2.0
0.05175999925          ,2.0
0.05179999769          ,1.6
0.051839999850000006   ,2.0
0.0518799983           ,2.0
0.051920000460000004   ,2.0
0.05195999891          ,1.6
0.05199999735          ,2.0
0.052039999510000004   ,2.0
0.05207999796          ,1.6
0.05212000012          ,2.0
0.05215999857          ,2.0
0.052199997010000006   ,2.0
0.052239999179999996   ,2.0
0.052279997620000004   ,1.6
0.05231999978          ,2.0
0.052359998229999996   ,2.0
0.05240000039          ,2.0
0.052439998839999995   ,2.0
0.05247999728          ,2.0
0.05251999944          ,1.6
0.05255999789          ,2.0
0.05260000005          ,2.0
0.05263999849999999    ,2.0
0.05267999694          ,2.0
0.052719999100000005   ,1.6
0.05275999755          ,2.0
0.05279999971          ,2.0
0.05283999816          ,1.6
0.052880000319999995   ,2.0
0.05291999876          ,2.0
0.05295999721          ,2.0
0.05299999937          ,2.0
0.05303999782          ,1.6
0.053079999979999994   ,2.0
0.05311999843          ,2.0
0.05315999687          ,1.6
0.05319999903          ,1.6
0.053239997479999995   ,2.0
0.05327999964          ,1.6
0.05331999809          ,1.6
0.053360000250000005   ,2.0
0.05339999869          ,2.0
0.053439997139999994   ,2.0
0.0534799993           ,1.6
0.053519997750000006   ,2.0
0.05355999991          ,1.6
0.05359999835          ,2.0
0.0536399968           ,1.6
0.053679998959999996   ,1.6
0.053719997410000005   ,2.0
0.05375999957          ,1.6
0.05379999802          ,1.6
0.05384000018          ,1.6
0.053879998619999994   ,1.6
0.05391999707          ,1.6
0.05395999923000001    ,1.6
0.05399999768          ,1.6
0.05403999984          ,1.6
0.05407999828          ,1.6
0.05412000045          ,2.0
0.054159998890000005   ,2.0
0.05419999734          ,1.6
0.054239999500000004   ,1.6
0.05427999794          ,1.6
0.05432000011          ,1.6
0.054359998550000004   ,2.0
0.054399997            ,2.0
0.05443999916          ,1.6
0.05447999761          ,1.6
0.05451999977          ,2.0
0.05455999821          ,2.0
0.054600000381         ,1.6
0.054639998823         ,1.6
0.054679997265         ,1.6
0.054719999433         ,1.6
0.054759997873999995   ,1.6
0.054800000042         ,2.0
0.054839998483999994   ,2.0
0.054879996926         ,2.0
0.054919999093         ,2.0
0.054959997535         ,2.0
0.054999999702         ,2.0
0.055039998144         ,2.0
0.055080000311         ,2.0
0.055119998753000006   ,1.6
0.055159997195         ,2.0
0.055199999362000006   ,2.0
0.055239997804         ,1.6
0.055279999971000006   ,1.6
0.055319998413000004   ,2.0
0.055359996854999996   ,2.0
0.055399999022000004   ,2.0
0.055439997463999996   ,2.0
0.055479999632         ,2.0
0.055519998074         ,1.6
0.055560000241         ,2.0
0.055599998683         ,2.0
0.05563999712500001    ,2.0
0.055679999292         ,2.0
0.055719997734         ,1.6
0.055759999901         ,1.6
0.055799998343         ,2.0
0.055839996785000005   ,1.6
0.055879998952         ,1.6
0.055919997394000005   ,1.6
0.055959999561         ,1.6
0.055999998003000005   ,2.0
0.05604000017          ,1.6
0.056079998612         ,2.0
0.056119997054000004   ,1.6
0.056159999222         ,1.6
0.056199997663000004   ,1.6
0.056239999831         ,2.0
0.056279998273         ,2.0
0.056319996715         ,1.6
0.056359998882         ,1.6
0.056399997324         ,1.6
0.056439999490999995   ,2.0
0.056479997933         ,1.6
0.056520000099999995   ,1.6
0.056559998542         ,1.6
0.056599996984         ,1.6
0.056639999151         ,1.6
0.056679997593         ,1.6
0.05671999976          ,1.6
0.056759998202         ,1.6
0.05680000036999999    ,2.0
0.056839998811         ,2.0
0.056879997253         ,2.0
0.056919999421         ,2.0
0.056959997862999996   ,2.0
0.05700000003          ,1.6
0.057039998471999996   ,2.0
0.057079996914         ,2.0
0.057119999080999996   ,1.6
0.057159997523         ,2.0
0.057199999689999996   ,1.6
0.057239998131999995   ,2.0
0.057280000299         ,1.6
0.057319998740999994   ,1.6
0.057359997183         ,1.6
0.057399999349999994   ,1.6
0.057439997792         ,1.6
0.057479999959         ,1.6
0.057519998401         ,1.6
0.057559996843         ,1.6
0.057599999011000005   ,1.6
0.057639997452         ,2.0
0.057679999620000005   ,2.0
0.057719998062000004   ,1.6
0.057760000229000005   ,2.0
0.057799998671000004   ,1.6
0.057839997112999995   ,2.0
0.057879999280000004   ,1.6
0.057919997721999995   ,1.6
0.057959999889000004   ,2.0
0.057999998331         ,1.6
0.058039996772999994   ,2.0
0.05807999894          ,1.6
0.058119997381999994   ,1.6
0.058159999549         ,2.0
0.058199997991         ,2.0
0.058240000159         ,2.0
0.0582799986           ,1.6
0.058319997042         ,1.6
0.05835999921          ,2.0
0.058399997652000005   ,1.6
0.058439999819         ,1.6
0.058479998261000005   ,2.0
0.058519996703         ,2.0
0.05855999887          ,2.0
0.058599997312         ,2.0
0.058639999479         ,1.6
0.058679997921         ,2.0
0.058720000088         ,2.0
0.05875999853          ,1.6
0.058799996972         ,1.6
0.058839999139         ,2.0
0.058879997581         ,1.6
0.058919999748         ,2.0
0.05895999819          ,1.6
0.058999996632         ,2.0
0.0590399988           ,1.6
0.059079997241         ,1.6
0.059119999409         ,1.6
0.059159997851         ,1.6
0.059200000018         ,1.6
0.05923999846          ,2.0
0.059279996902000004   ,2.0
0.059319999069         ,1.6
0.059359997511         ,2.0
0.059399999678         ,1.6
0.05943999812          ,1.6
0.059480000287         ,1.6
0.059519998729         ,2.0
0.059559997171         ,1.6
0.059599999338         ,2.0
0.05963999778          ,1.6
0.059679999948         ,1.6
0.059719998388999995   ,1.6
0.059759996831         ,1.6
0.059799998998999994   ,1.6
0.059839997441         ,1.6
0.059879999607999994   ,2.0
0.05991999805          ,2.0
0.059960000217         ,2.0
0.059999998659         ,2.0
0.060039997101         ,1.6
0.06007999926799999    ,2.0
0.06011999771          ,1.6
0.060159999877000006   ,2.0
0.060199998319         ,2.0
0.060239996760999996   ,2.0
0.060279998928         ,2.0
0.060319997369999996   ,1.6
0.060359999537000004   ,1.6
0.060399997978999996   ,2.0
0.060440000147         ,2.0
0.060479998589         ,2.0
0.060519997029999995   ,1.6
0.060559999198         ,2.0
0.06059999764000001    ,2.0
0.060639999807         ,2.0
0.06067999824900001    ,2.0
0.060719996691         ,1.6
0.060759998858         ,1.6
0.060799997300000005   ,1.6
0.060839999467         ,2.0
0.060879997909000005   ,2.0
0.060920000076         ,2.0
0.060959998518000005   ,1.6
0.060999996960000004   ,2.0
0.061039999127000005   ,2.0
0.061079997569000004   ,1.6
0.061119999737         ,2.0
0.061159998178000004   ,2.0
0.061199996619999995   ,1.6
0.061239998788         ,1.6
0.06127999723          ,2.0
0.061319999397         ,1.6
0.061359997839         ,2.0
0.061400000006         ,1.6
0.061439998448         ,2.0
0.06147999689          ,1.6
0.061519999057         ,2.0
0.061559997499         ,2.0
0.061599999666         ,1.6
0.061639998108         ,2.0
0.061679996550000005   ,2.0
0.061719998717         ,2.0
0.061759997159000005   ,2.0
0.061799999326         ,2.0
0.061839997768         ,2.0
0.061879999936         ,2.0
0.061919998377999996   ,2.0
0.061959996819         ,2.0
0.061999998986999996   ,1.6
0.062039997429         ,2.0
0.062079999595999996   ,1.6
0.062119998038         ,1.6
0.062160000204999996   ,2.0
0.062199998646999995   ,1.6
0.062239997089         ,2.0
0.062279999255999995   ,2.0
0.062319997698         ,2.0
0.062359999864999995   ,1.6
0.062399998307         ,1.6
0.062439996749         ,1.6
0.062479998916         ,1.6
0.062519997358         ,1.6
0.062559999526         ,2.0
0.06260000169300001    ,2.0
0.062639996409         ,1.6
0.06267999857699999    ,1.6
0.062720000744         ,2.0
0.062759995461         ,1.6
0.062799997628         ,2.0
0.062839999795         ,2.0
0.062880001962         ,2.0
0.062919996679         ,2.0
0.06295999884600001    ,1.6
0.063000001013         ,1.6
0.06303999572999999    ,2.0
0.063079997897         ,2.0
0.06312000006400001    ,2.0
0.063159994781         ,2.0
0.06319999694799999    ,2.0
0.063239999115         ,2.0
0.063280001283         ,2.0
0.063319995999         ,2.0
0.063359998167         ,2.0
0.063400000334         ,2.0
0.06343999505          ,2.0
0.063479997218         ,2.0
0.063519999385         ,2.0
0.063560001552         ,2.0
0.063599996269         ,2.0
0.063639998436         ,2.0
0.063680000603         ,2.0
0.06371999532          ,2.0
0.06375999748700001    ,2.0
0.063799999654         ,2.0
0.063840001822         ,2.0
0.063879996538         ,2.0
0.06391999870500001    ,1.6
0.063960000873         ,2.0
0.06399999558899999    ,2.0
0.064039997756         ,2.0
0.064079999924         ,1.6
0.06411999464          ,1.6
0.064159996808         ,2.0
0.064199998975         ,2.0
0.064240001142         ,2.0
0.064279995859         ,2.0
0.064319998026         ,1.6
0.06436000019299999    ,2.0
0.06439999491000001    ,2.0
0.064439997077         ,2.0
0.064479999244         ,1.6
0.06452000141099999    ,1.6
0.06455999612800001    ,1.6
0.064599998295         ,1.6
0.064640000463         ,1.6
0.064679995179         ,2.0
0.06471999734600001    ,2.0
0.064759999514         ,2.0
0.064800001681         ,2.0
0.064839996397         ,1.6
0.064879998565         ,1.6
0.06492000073200001    ,1.6
0.064959995449         ,2.0
0.064999997616         ,2.0
0.065039999783         ,1.6
0.06508000195000001    ,1.6
0.065119996667         ,1.6
0.06515999883399999    ,2.0
0.065200001001         ,1.6
0.065239995718         ,1.6
0.065279997885         ,1.6
0.06532000005199999    ,1.6
0.06535999476900001    ,1.6
0.065399996936         ,1.6
0.065439999104         ,1.6
0.065480001271         ,1.6
0.065519995987         ,1.6
0.065559998155         ,1.6
0.065600000322         ,1.6
0.065639995039         ,1.6
0.065679997206         ,1.6
0.06571999937300001    ,1.6
0.06576000154          ,1.6
0.065799996257         ,1.6
0.065839998424         ,1.6
0.065880000591         ,1.6
0.065919995308         ,2.0
0.06595999747499999    ,1.6
0.065999999642         ,1.6
0.06604000181          ,1.6
0.066079996526         ,1.6
0.066119998693         ,1.6
0.066160000861         ,1.6
0.066199995577         ,1.6
0.066239997745         ,1.6
0.066279999912         ,1.6
0.06631999462799999    ,2.0
0.066359996796         ,1.6
0.066399998963         ,1.6
0.06644000113          ,1.6
0.066479995847         ,1.6
0.066519998014         ,1.6
0.066560000181         ,1.6
0.06659999489799999    ,1.6
0.066639997065         ,2.0
0.066679999232         ,1.6
0.06672000139999999    ,2.0
0.066759996116         ,2.0
0.066799998283         ,1.6
0.066840000451         ,1.6
0.066879995167         ,2.0
0.066919997334         ,2.0
0.066959999502         ,2.0
0.067000001669         ,2.0
0.067039996386         ,1.6
0.067079998553         ,2.0
0.06712000072          ,2.0
0.067159995437         ,2.0
0.067199997604         ,2.0
0.067239999771         ,1.6
0.06728000193799999    ,2.0
0.067319996655         ,2.0
0.067359998822         ,2.0
0.067400000989         ,2.0
0.067439995706         ,1.6
0.067479997873         ,2.0
0.06752000004099999    ,1.6
0.067559994757         ,1.6
0.067599996924         ,2.0
0.067639999092         ,2.0
0.067680001259         ,1.6
0.067719995975         ,1.6
0.067759998143         ,1.6
0.06780000031000001    ,1.6
0.067839995027         ,2.0
0.067879997194         ,2.0
0.067919999361         ,2.0
0.067960001528         ,1.6
0.067999996245         ,1.6
0.068039998412         ,1.6
0.068080000579         ,2.0
0.068119995296         ,2.0
0.068159997463         ,2.0
0.06819999963000001    ,1.6
0.068240001798         ,1.6
0.068279996514         ,1.6
0.068319998682         ,2.0
0.068360000849         ,1.6
0.068399995565         ,1.6
0.068439997733         ,2.0
0.0684799999           ,2.0
0.068519994617         ,2.0
0.068559996784         ,2.0
0.068599998951         ,2.0
0.068640001118         ,2.0
0.068679995835         ,2.0
0.068719998002         ,2.0
0.068760000169         ,2.0
0.068799994886         ,2.0
0.068839997053         ,2.0
0.06887999922          ,2.0
0.068920001388         ,1.6
0.068959996104         ,2.0
0.06899999827100001    ,2.0
0.069040000439         ,2.0
0.069079995155         ,2.0
0.069119997323         ,1.6
0.06915999949          ,2.0
0.069200001657         ,1.6
0.06923999637400001    ,2.0
0.069279998541         ,1.6
0.069320000708         ,1.6
0.069359995425         ,1.6
0.069399997592         ,1.6
0.069439999759         ,1.6
0.069480001926         ,2.0
0.069519996643         ,1.6
0.06955999881          ,1.6
0.069600000978         ,1.6
0.069639995694         ,2.0
0.069679997861         ,1.6
0.069720000029         ,2.0
0.069759994745         ,2.0
0.069799996912         ,2.0
0.06983999907999999    ,2.0
0.069880001247         ,1.6
0.069919995964         ,1.6
0.069959998131         ,2.0
0.07000000029799999    ,1.6
0.07003999501500001    ,2.0
0.070079997182         ,2.0
0.070119999349         ,2.0
0.070160001516         ,1.6
0.070199996233         ,1.6
0.0702399984           ,1.6
0.070280000567         ,2.0
0.070319995284         ,2.0
0.070359997451         ,1.6
0.07039999961900001    ,2.0
0.070440001786         ,2.0
0.070479996502         ,1.6
0.07051999867          ,2.0
0.07056000083700001    ,1.6
0.070599995553         ,1.6
0.07063999772099999    ,1.6
0.070679999888         ,1.6
0.070719994605         ,1.6
0.070759996772         ,1.6
0.07079999893899999    ,1.6
0.070840001106         ,2.0
0.070879995823         ,1.6
0.07091999799          ,2.0
0.070960000157         ,1.6
0.070999994874         ,1.6
0.071039997041         ,1.6
0.07107999920800001    ,1.6
0.071120001376         ,1.6
0.071159996092         ,1.6
0.07119999826000001    ,2.0
0.071240000427         ,2.0
0.071279995143         ,1.6
0.071319997311         ,2.0
0.07135999947800001    ,2.0
0.071400001645         ,2.0
0.07143999636199999    ,1.6
0.071479998529         ,2.0
0.071520000696         ,2.0
0.071559995413         ,2.0
0.07159999758          ,2.0
0.071639999747         ,2.0
0.071679994464         ,1.6
0.071719996631         ,1.6
0.071759998798         ,2.0
0.071800000966         ,1.6
0.071839995682         ,1.6
0.071879997849         ,2.0
0.071920000017         ,2.0
0.071959994733         ,1.6
0.07199999690100001    ,1.6
0.072039999068         ,2.0
0.072080001235         ,1.6
0.072119995952         ,1.6
0.07215999811900001    ,1.6
0.072200000286         ,2.0
0.072239995003         ,1.6
0.07227999717          ,2.0
0.072319999337         ,1.6
0.072360001504         ,2.0
0.072399996221         ,2.0
0.072439998388         ,2.0
0.072480000556         ,2.0
0.07251999527200001    ,1.6
0.072559997439         ,1.6
0.07259999960699999    ,1.6
0.072640001774         ,2.0
0.07267999649          ,2.0
0.072719998658         ,1.6
0.07276000082499999    ,2.0
0.072799995542         ,2.0
0.072839997709         ,2.0
0.072879999876         ,1.6
0.072919994593         ,2.0
0.07295999676          ,1.6
0.072999998927         ,1.6
0.07304000109400001    ,1.6
0.073079995811         ,1.6
0.07311999797799999    ,1.6
0.073160000145         ,1.6
0.073199994862         ,2.0
0.073239997029         ,1.6
0.073279999197         ,1.6
0.073320001364         ,1.6
0.07335999608          ,2.0
0.07339999824799999    ,2.0
0.073440000415         ,1.6
0.073479995131         ,1.6
0.073519997299         ,1.6
0.073559999466         ,2.0
0.073600001633         ,2.0
0.07363999635          ,1.6
0.07367999851700001    ,1.6
0.073720000684         ,2.0
0.07375999540099999    ,1.6
0.073799997568         ,1.6
0.07383999973500001    ,2.0
0.073879994452         ,2.0
0.07391999661899999    ,1.6
0.073959998786         ,2.0
0.074000000954         ,2.0
0.07403999567          ,2.0
0.074079997838         ,2.0
0.074120000005         ,1.6
0.074159994721         ,2.0
0.074199996889         ,2.0
0.074239999056         ,2.0
0.074280001223         ,2.0
0.07431999594          ,1.6
0.074359998107         ,1.6
0.074400000274         ,2.0
0.074439994991         ,2.0
0.07447999715800001    ,2.0
0.074519999325         ,2.0
0.074560001493         ,2.0
0.074599996209         ,2.0
0.07463999837600001    ,1.6
0.074680000544         ,2.0
0.07471999525999999    ,2.0
0.074759997427         ,1.6
0.074799999595         ,1.6
0.074840001762         ,1.6
0.074879996479         ,1.6
0.074919998646         ,1.6
0.074960000813         ,2.0
0.07499999553          ,1.6
0.075039997697         ,1.6
0.075079999864         ,2.0
0.07511999458100001    ,1.6
0.075159996748         ,1.6
0.075199998915         ,1.6
0.07524000108199999    ,2.0
0.07527999579900001    ,1.6
0.075319997966         ,2.0
0.075360000134         ,1.6
0.07539999485          ,1.6
0.07543999701700001    ,1.6
0.075479999185         ,2.0
0.075520001352         ,1.6
0.075559996068         ,1.6
0.075599998236         ,1.6
0.07564000040300001    ,1.6
0.07567999512          ,1.6
0.075719997287         ,2.0
0.075759999454         ,1.6
0.07580000162100001    ,2.0
0.075839996338         ,2.0
0.07587999850499999    ,2.0
0.075920000672         ,2.0
0.075959995389         ,2.0
0.075999997556         ,2.0
0.07603999972299999    ,2.0
0.07607999444          ,1.6
0.076119996607         ,2.0
0.076159998775         ,1.6
0.076200000942         ,1.6
0.076239995658         ,2.0
0.07627999782599999    ,1.6
0.076319999993         ,1.6
0.076359994709         ,1.6
0.076399996877         ,1.6
0.076439999044         ,1.6
0.076480001211         ,2.0
0.076519995928         ,2.0
0.076559998095         ,1.6
0.076600000262         ,2.0
0.076639994979         ,1.6
0.07667999714599999    ,1.6
0.076719999313         ,1.6
0.076760001481         ,2.0
0.076799996197         ,1.6
0.076839998364         ,1.6
0.076880000532         ,1.6
0.076919995248         ,1.6
0.076959997416         ,1.6
0.076999999583         ,1.6
0.07704000175          ,1.6
0.077079996467         ,2.0
0.077119998634         ,1.6
0.077160000801         ,1.6
0.077199995518         ,2.0
0.077239997685         ,2.0
0.077279999852         ,2.0
0.077319994569         ,1.6
0.077359996736         ,1.6
0.077399998903         ,1.6
0.07744000107          ,2.0
0.077479995787         ,2.0
0.077519997954         ,2.0
0.077560000122         ,1.6
0.077599994838         ,1.6
0.077639997005         ,2.0
0.077679999173         ,2.0
0.07772000134          ,1.6
0.077759996057         ,2.0
0.077799998224         ,1.6
0.077840000391         ,1.6
0.077879995108         ,2.0
0.077919997275         ,2.0
0.077959999442         ,2.0
0.07800000160899999    ,1.6
0.078039996326         ,1.6
0.078079998493         ,1.6
0.07812000066          ,1.6
0.078159995377         ,2.0
0.078199997544         ,1.6
0.07823999971199999    ,1.6
0.078279994428         ,1.6
0.078319996595         ,1.6
0.078359998763         ,2.0
0.07840000093          ,1.6
0.078439995646         ,1.6
0.078479997814         ,2.0
0.07851999998100001    ,1.6
0.078559994698         ,1.6
0.078599996865         ,1.6
0.078639999032         ,1.6
0.078680001199         ,1.6
0.078719995916         ,2.0
0.078759998083         ,1.6
0.07880000025          ,1.6
0.078839994967         ,1.6
0.078879997134         ,1.6
0.07891999930100001    ,2.0
0.07896000146900001    ,2.0
0.078999996185         ,1.6
0.079039998353         ,1.6
0.07908000052          ,1.6
0.079119995236         ,2.0
0.079159997404         ,1.6
0.079199999571         ,2.0
0.079239994287         ,1.6
0.079279996455         ,1.6
0.07931999862200001    ,1.6
0.079360000789         ,1.6
0.07939999550599999    ,2.0
0.079439997673         ,1.6
0.07947999984          ,1.6
0.079519994557         ,2.0
0.07955999672399999    ,1.6
0.079599998891         ,1.6
0.079640001059         ,1.6
0.079679995775         ,1.6
0.079719997942         ,2.0
0.07976000010999999    ,2.0
0.079799994826         ,2.0
0.079839996994         ,2.0
0.079879999161         ,2.0
0.07992000132799999    ,2.0
0.07995999604500001    ,2.0
0.079999998212         ,1.6
0.080040000379         ,2.0
0.080079995096         ,2.0
0.08011999726300001    ,2.0
0.08015999943          ,2.0
0.080200001597         ,2.0
0.080239996314         ,1.6
0.080279998481         ,2.0
0.080320000648         ,1.6
0.080359995365         ,1.6
0.080399997532         ,1.6
0.0804399997           ,2.0
0.080479994416         ,1.6
0.080519996583         ,2.0
0.08055999875099999    ,1.6
0.080600000918         ,1.6
0.080639995635         ,1.6
0.080679997802         ,1.6
0.08071999996899999    ,2.0
0.08075999468600001    ,1.6
0.080799996853         ,1.6
0.08083999902          ,1.6
0.080880001187         ,2.0
0.080919995904         ,2.0
0.080959998071         ,1.6
0.081000000238         ,2.0
0.081039994955         ,1.6
0.081079997122         ,1.6
0.08111999929          ,2.0
0.081160001457         ,1.6
0.081199996173         ,1.6
0.081239998341         ,1.6
0.08128000050800001    ,1.6
0.081319995224         ,1.6
0.08135999739199999    ,1.6
0.081399999559         ,1.6
0.081439994276         ,1.6
0.081479996443         ,2.0
0.08151999860999999    ,2.0
0.081560000777         ,1.6
0.081599995494         ,1.6
0.081639997661         ,2.0
0.081679999828         ,1.6
0.081719994545         ,1.6
0.081759996712         ,2.0
0.08179999887900001    ,2.0
0.081840001047         ,1.6
0.081879995763         ,2.0
0.08191999793100001    ,2.0
0.081960000098         ,1.6
0.081999994814         ,2.0
0.082039996982         ,1.6
0.08207999914900001    ,1.6
0.082120001316         ,1.6
0.08215999603299999    ,1.6
0.0821999982           ,1.6
0.08224000036700001    ,1.6
0.082279995084         ,1.6
0.082319997251         ,2.0
0.082359999418         ,1.6
0.082400001585         ,1.6
0.082439996302         ,1.6
0.082479998469         ,2.0
0.082520000637         ,2.0
0.082559995353         ,2.0
0.08259999752000001    ,1.6
0.082639999688         ,2.0
0.08267999440399999    ,1.6
0.082719996572         ,1.6
0.082759998739         ,2.0
0.082800000906         ,2.0
0.082839995623         ,1.6
0.08287999779          ,1.6
0.082919999957         ,2.0
0.082959994674         ,1.6
0.082999996841         ,2.0
0.08303999900799999    ,2.0
0.083080001175         ,1.6
0.083119995892         ,2.0
0.083159998059         ,2.0
0.08320000022599999    ,2.0
0.08323999494300001    ,2.0
0.08327999711          ,2.0
0.083319999278         ,2.0
0.083360001445         ,1.6
0.08339999616100001    ,2.0
0.083439998329         ,2.0
0.08348000049599999    ,1.6
0.083519995213         ,1.6
0.08355999738          ,1.6
0.083599999547         ,1.6
0.083639994264         ,1.6
0.083679996431         ,2.0
0.083719998598         ,1.6
0.08376000076500001    ,2.0
0.083799995482         ,2.0
0.08383999764899999    ,2.0
0.083879999816         ,1.6
0.08391999453299999    ,2.0
0.0839599967           ,2.0
0.083999998868         ,2.0
0.08404000103499999    ,2.0
0.08407999575099999    ,2.0
0.08411999791899999    ,2.0
0.084160000086         ,2.0
0.084199994802         ,1.6
0.08423999697000001    ,2.0
0.08427999913699999    ,2.0
0.084320001304         ,2.0
0.084359996021         ,2.0
0.08439999818800001    ,2.0
0.08444000035499999    ,1.6
0.084479995072         ,2.0
0.084519997239         ,1.6
0.08455999940600001    ,1.6
0.084599994123         ,2.0
0.08463999629          ,2.0
0.084679998457         ,1.6
0.084720000625         ,2.0
0.084759995341         ,2.0
0.084799997509         ,2.0
0.08483999967599999    ,1.6
0.084879994392         ,1.6
0.08491999655999999    ,1.6
0.084959998727         ,1.6
0.085000000894         ,1.6
0.08503999561100001    ,2.0
0.08507999777799999    ,2.0
0.085119999945         ,1.6
0.085159994662         ,2.0
0.08519999682900001    ,2.0
0.08523999899599999    ,1.6
0.085280001163         ,2.0
0.08531999588          ,2.0
0.08535999804700001    ,1.6
0.08540000021500001    ,2.0
0.085439994931         ,1.6
0.085479997098         ,1.6
0.085519999266         ,2.0
0.08556000143300001    ,1.6
0.08559999615          ,1.6
0.085639998317         ,2.0
0.085680000484         ,1.6
0.08571999520099999    ,1.6
0.085759997368         ,1.6
0.085799999535         ,1.6
0.08583999425200001    ,1.6
0.08587999641899999    ,2.0
0.085919998586         ,1.6
0.085960000753         ,2.0
0.08599999547          ,2.0
0.08603999763699999    ,2.0
0.086079999804         ,1.6
0.086119994521         ,1.6
0.086159996688         ,2.0
0.086199998856         ,1.6
0.086240001023         ,1.6
0.086279995739         ,1.6
0.086319997907         ,1.6
0.086360000074         ,1.6
0.086399994791         ,1.6
0.086439996958         ,2.0
0.086479999125         ,1.6
0.086520001292         ,1.6
0.086559996009         ,1.6
0.086599998176         ,1.6
0.086640000343         ,1.6
0.08667999505999999    ,1.6
0.086719997227         ,1.6
0.086759999394         ,1.6
0.086799994111         ,2.0
0.08683999627800001    ,1.6
0.086879998446         ,1.6
0.086920000613         ,2.0
0.086959995329         ,1.6
0.086999997497         ,1.6
0.08703999966399999    ,2.0
0.08707999438          ,1.6
0.087119996548         ,1.6
0.087159998715         ,1.6
0.08720000088199999    ,2.0
0.087239995599         ,2.0
0.087279997766         ,1.6
0.087319999933         ,1.6
0.08735999465          ,2.0
0.087399996817         ,1.6
0.087439998984         ,2.0
0.087480001152         ,2.0
0.087519995868         ,1.6
0.087559998035         ,1.6
0.087600000203         ,1.6
0.08763999491900001    ,2.0
0.087679997087         ,2.0
0.087719999254         ,2.0
0.087760001421         ,1.6
0.087799996138         ,1.6
0.08783999830499999    ,1.6
0.087880000472         ,1.6
0.087919995189         ,2.0
0.087959997356         ,1.6
0.08799999952299999    ,2.0
0.08803999424          ,1.6
0.088079996407         ,1.6
0.088119998574         ,1.6
0.08816000074100001    ,2.0
0.088199995458         ,2.0
0.088239997625         ,1.6
0.088279999793         ,1.6
0.088319994509         ,1.6
0.088359996676         ,2.0
0.088399998844         ,1.6
0.088440001011         ,2.0
0.088479995728         ,2.0
0.088519997895         ,1.6
0.088560000062         ,2.0
0.088599994779         ,2.0
0.08863999694599999    ,2.0
0.088679999113         ,2.0
0.08872000128          ,2.0
0.088759995997         ,2.0
0.08879999816400001    ,2.0
0.088840000331         ,1.6
0.088879995048         ,2.0
0.088919997215         ,1.6
0.08895999938200001    ,2.0
0.088999994099         ,1.6
0.089039996266         ,1.6
0.089079998434         ,1.6
0.089120000601         ,1.6
0.089159995317         ,2.0
0.089199997485         ,1.6
0.089239999652         ,1.6
0.08927999436899998    ,1.6
0.089319996536         ,2.0
0.089359998703         ,1.6
0.08940000087          ,2.0
0.08943999558700001    ,2.0
0.08947999775399999    ,2.0
0.089519999921         ,2.0
0.089559994638         ,2.0
0.08959999680500001    ,1.6
0.08963999897199999    ,2.0
0.08968000114          ,2.0
0.089719995856         ,1.6
0.089759998024         ,2.0
0.089800000191         ,2.0
0.08983999490700001    ,1.6
0.089879997075         ,1.6
0.089919999242         ,1.6
0.08996000140900001    ,1.6
