-0.0033200001300000004 ,1.6799999
-0.0033160001          ,1.76
-0.00331200007         ,1.6799999
-0.0033080000399999996 ,1.6799999
-0.0033040002500000004 ,1.6799999
-0.00330000021         ,1.6799999
-0.00329600018         ,1.6799999
-0.00329200015         ,1.6799999
-0.00328800012         ,1.6799999
-0.0032840000899999997 ,1.6799999
-0.00328000006         ,1.6799999
-0.00327600003         ,1.6799999
-0.0032720002299999997 ,1.6799999
-0.0032680002          ,1.6799999
-0.0032640001699999997 ,1.6799999
-0.0032600001399999998 ,1.6799999
-0.0032560001099999998 ,1.6799999
-0.0032520000800000002 ,1.6799999
-0.0032480000500000003 ,1.6799999
-0.00324400002         ,1.6799999
-0.00324000022         ,1.6799999
-0.00323600019         ,1.6799999
-0.00323200016         ,1.6799999
-0.0032280001300000003 ,1.6799999
-0.0032240001          ,1.76
-0.00322000007         ,1.6799999
-0.0032160000399999995 ,1.6799999
-0.00321200024         ,1.6799999
-0.00320800021         ,1.6799999
-0.00320400018         ,1.6799999
-0.00320000015         ,1.6799999
-0.00319600012         ,1.6799999
-0.0031920000899999996 ,1.6799999
-0.00318800006         ,1.76
-0.00318400003         ,1.6799999
-0.00318000023         ,1.6799999
-0.0031760002          ,1.6799999
-0.00317200017         ,1.6799999
-0.0031680001399999997 ,1.6799999
-0.00316400011         ,1.6799999
-0.00316000008         ,1.76
-0.00315600005         ,1.6799999
-0.0031520000199999998 ,1.76
-0.00314800022         ,1.76
-0.0031440001899999998 ,1.76
-0.0031400001600000002 ,1.6799999
-0.0031360001300000002 ,1.76
-0.0031320001000000003 ,1.76
-0.00312800007         ,1.6799999
-0.0031240000399999994 ,1.76
-0.00312000024         ,1.76
-0.00311600021         ,1.76
-0.00311200018         ,1.76
-0.0031080001500000004 ,1.76
-0.00310400012         ,1.6799999
-0.0031000000899999995 ,1.6799999
-0.00309600006         ,1.6799999
-0.0030920000300000004 ,1.6799999
-0.00308800023         ,1.6799999
-0.0030840002          ,1.76
-0.00308000017         ,1.76
-0.0030760001399999996 ,1.76
-0.00307200011         ,1.76
-0.00306800008         ,1.76
-0.00306400005         ,1.76
-0.00306000025         ,1.76
-0.00305600022         ,1.76
-0.0030520001899999997 ,1.76
-0.00304800016         ,1.76
-0.00304400013         ,1.76
-0.0030400001          ,1.76
-0.00303600007         ,1.76
-0.0030320000399999994 ,1.76
-0.00302800024         ,1.76
-0.0030240002100000002 ,1.76
-0.00302000018         ,1.76
-0.0030160001500000003 ,1.76
-0.00301200012         ,1.76
-0.0030080000899999995 ,1.76
-0.00300400006         ,1.76
-0.0030000000300000004 ,1.76
-0.00299600023         ,1.76
-0.0029920002000000004 ,1.76
-0.00298800017         ,1.76
-0.0029840001399999995 ,1.76
-0.00298000011         ,1.76
-0.0029760000800000005 ,1.76
-0.00297200005         ,1.76
-0.00296800025         ,1.76
-0.00296400022         ,1.76
-0.0029600001899999996 ,1.76
-0.00295600016         ,1.76
-0.0029520001300000005 ,1.76
-0.0029480001          ,1.76
-0.0029440000699999997 ,1.76
-0.0029400000300000002 ,1.76
-0.0029360002399999997 ,1.76
-0.00293200021         ,1.76
-0.0029280001799999998 ,1.76
-0.0029240001500000002 ,1.76
-0.00292000012         ,1.76
-0.0029160000800000003 ,1.76
-0.00291200005         ,1.76
-0.00290800002         ,1.8399999
-0.00290400023         ,1.76
-0.0029000002000000003 ,1.76
-0.00289600017         ,1.8399999
-0.0028920001399999995 ,1.76
-0.0028880001          ,1.76
-0.00288400007         ,1.76
-0.0028800000399999996 ,1.76
-0.0028760002500000004 ,1.76
-0.00287200022         ,1.76
-0.0028680001899999996 ,1.76
-0.00286400015         ,1.76
-0.00286000012         ,1.76
-0.0028560000899999997 ,1.76
-0.00285200006         ,1.76
-0.00284800003         ,1.76
-0.0028440002399999996 ,1.76
-0.0028400002          ,1.76
-0.0028360001699999997 ,1.76
-0.0028320001399999998 ,1.76
-0.0028280001099999998 ,1.76
-0.0028240000800000002 ,1.76
-0.0028200000500000003 ,1.76
-0.00281600002         ,1.76
-0.00281200022         ,1.76
-0.00280800019         ,1.76
-0.00280400016         ,1.76
-0.0028000001300000003 ,1.76
-0.0027960001          ,1.76
-0.00279200007         ,1.8399999
-0.0027880000399999995 ,1.8399999
-0.00278400024         ,1.76
-0.00278000021         ,1.8399999
-0.00277600018         ,1.76
-0.00277200015         ,1.8399999
-0.00276800012         ,1.76
-0.0027640000899999996 ,1.76
-0.00276000006         ,1.76
-0.00275600003         ,1.76
-0.00275200023         ,1.8399999
-0.0027480002          ,1.8399999
-0.00274400017         ,1.76
-0.0027400001399999997 ,1.76
-0.00273600011         ,1.76
-0.00273200008         ,1.76
-0.00272800005         ,1.76
-0.0027240000199999998 ,1.76
-0.00272000022         ,1.76
-0.0027160002          ,1.76
-0.0027120002          ,1.76
-0.0027080001          ,1.76
-0.0027040001000000003 ,1.76
-0.0027000001          ,1.76
-0.002696              ,1.76
-0.0026920002          ,1.76
-0.0026880002000000004 ,1.76
-0.0026840002000000003 ,1.76
-0.0026800002          ,1.76
-0.0026760001          ,1.76
-0.0026720001          ,1.76
-0.0026680001000000003 ,1.76
-0.002664              ,1.76
-0.0026600002          ,1.76
-0.0026560002          ,1.76
-0.0026520002000000003 ,1.76
-0.0026480001          ,1.76
-0.0026440001          ,1.76
-0.0026400001          ,1.76
-0.002636              ,1.76
-0.0026320003000000003 ,1.76
-0.0026280002          ,1.76
-0.0026240002          ,1.76
-0.0026200002          ,1.76
-0.0026160001000000003 ,1.76
-0.0026120001          ,1.76
-0.0026080001          ,1.76
-0.002604              ,1.76
-0.0026000002          ,1.76
-0.0025960002          ,1.76
-0.0025920001999999998 ,1.76
-0.0025880001          ,1.76
-0.0025840001          ,1.76
-0.0025800001000000003 ,1.76
-0.0025760001          ,1.76
-0.002572              ,1.76
-0.0025680002          ,1.76
-0.0025640002          ,1.76
-0.0025600002          ,1.76
-0.0025560001          ,1.76
-0.0025520001          ,1.76
-0.0025480001          ,1.76
-0.002544              ,1.76
-0.0025400002          ,1.76
-0.0025360001999999997 ,1.76
-0.0025320002          ,1.76
-0.0025280002          ,1.76
-0.0025240001000000002 ,1.76
-0.0025200001          ,1.76
-0.0025160001          ,1.76
-0.002512              ,1.76
-0.0025080002          ,1.76
-0.0025040002          ,1.76
-0.0025000001999999997 ,1.76
-0.0024960001          ,1.76
-0.0024920001          ,1.76
-0.0024880001000000002 ,1.76
-0.0024840001          ,1.76
-0.00248               ,1.76
-0.0024760002          ,1.76
-0.0024720002          ,1.76
-0.0024680001999999998 ,1.76
-0.0024640001          ,1.76
-0.0024600001          ,1.76
-0.0024560001          ,1.76
-0.002452              ,1.76
-0.0024480001999999997 ,1.76
-0.0024440002          ,1.76
-0.0024400002          ,1.76
-0.0024360002          ,1.76
-0.0024320001          ,1.76
-0.0024280001          ,1.76
-0.0024240001          ,1.76
-0.00242               ,1.76
-0.0024160002          ,1.76
-0.0024120001999999997 ,1.76
-0.0024080002          ,1.76
-0.0024040001          ,1.76
-0.0024000001000000003 ,1.76
-0.0023960001          ,1.76
-0.0023920001          ,1.76
-0.002388              ,1.76
-0.0023840002          ,1.76
-0.0023800002          ,1.76
-0.0023760001999999997 ,1.76
-0.0023720001          ,1.76
-0.0023680001          ,1.76
-0.0023640001000000002 ,1.76
-0.00236               ,1.76
-0.0023560002          ,1.8399999
-0.0023520002          ,1.76
-0.0023480002          ,1.76
-0.0023440002          ,1.76
-0.0023400001          ,1.76
-0.0023360001          ,1.76
-0.0023320001          ,1.76
-0.002328              ,1.76
-0.0023240001999999997 ,1.76
-0.0023200002          ,1.76
-0.0023160002          ,1.76
-0.0023120001000000003 ,1.76
-0.0023080001          ,1.76
-0.0023040001          ,1.76
-0.0023000001          ,1.76
-0.0022960003          ,1.76
-0.0022920002          ,1.76
-0.0022880001999999997 ,1.76
-0.0022840002          ,1.76
-0.0022800001          ,1.76
-0.0022760001000000003 ,1.76
-0.0022720001          ,1.76
-0.002268              ,1.76
-0.0022640002          ,1.76
-0.0022600002          ,1.76
-0.0022560002          ,1.76
-0.0022520001999999997 ,1.76
-0.0022480001          ,1.6799999
-0.0022440001          ,1.76
-0.0022400001000000003 ,1.76
-0.002236              ,1.76
-0.0022320002          ,1.76
-0.0022280002          ,1.76
-0.0022240002          ,1.76
-0.0022200001000000002 ,1.76
-0.0022160001          ,1.76
-0.0022120001          ,1.76
-0.002208              ,1.76
-0.0022040003          ,1.76
-0.0022000001999999998 ,1.76
-0.0021960002          ,1.76
-0.0021920002          ,1.76
-0.0021880001000000003 ,1.76
-0.0021840001          ,1.76
-0.0021800001          ,1.76
-0.002176              ,1.76
-0.0021720002          ,1.76
-0.0021680002          ,1.76
-0.0021640001999999998 ,1.76
-0.0021600001          ,1.76
-0.0021560001          ,1.76
-0.0021520001000000003 ,1.76
-0.0021480001          ,1.6799999
-0.002144              ,1.76
-0.0021400002          ,1.76
-0.0021360002          ,1.76
-0.0021320002          ,1.76
-0.0021280001          ,1.76
-0.0021240001          ,1.76
-0.0021200001          ,1.76
-0.002116              ,1.76
-0.0021120002          ,1.6799999
-0.0021080001999999997 ,1.76
-0.0021040002          ,1.76
-0.0021000002          ,1.76
-0.0020960001000000002 ,1.76
-0.0020920001          ,1.76
-0.0020880001          ,1.6799999
-0.002084              ,1.76
-0.0020800002          ,1.6799999
-0.0020760002          ,1.76
-0.0020720001999999997 ,1.6799999
-0.0020680001          ,1.76
-0.0020640001          ,1.76
-0.0020600001000000002 ,1.76
-0.0020560001          ,1.76
-0.002052              ,1.76
-0.0020480002          ,1.6799999
-0.0020440002          ,1.76
-0.0020400001999999998 ,1.76
-0.0020360001          ,1.76
-0.0020320001          ,1.76
-0.0020280001          ,1.6799999
-0.002024              ,1.76
-0.0020200001999999997 ,1.6799999
-0.0020160002          ,1.76
-0.0020120002          ,1.76
-0.0020080002          ,1.6799999
-0.0020040001          ,1.6799999
-0.0020000001          ,1.76
-0.0019960001          ,1.76
-0.001992              ,1.76
-0.0019880002          ,1.76
-0.0019840001999999997 ,1.76
-0.0019800002          ,1.76
-0.0019760001          ,1.76
-0.0019720001000000003 ,1.76
-0.0019680001          ,1.76
-0.0019640001          ,1.76
-0.00196               ,1.76
-0.0019560002          ,1.76
-0.0019520001999999998 ,1.76
-0.0019480002          ,1.76
-0.0019440001          ,1.76
-0.0019400001000000001 ,1.76
-0.0019360001999999999 ,1.76
-0.0019320002          ,1.6799999
-0.0019280001          ,1.76
-0.0019240001000000002 ,1.76
-0.0019200002          ,1.76
-0.0019160001999999998 ,1.76
-0.0019120001          ,1.76
-0.0019080001          ,1.76
-0.0019040002          ,1.76
-0.0019000001          ,1.76
-0.0018960001000000001 ,1.76
-0.0018920001          ,1.76
-0.0018880002          ,1.76
-0.0018840001          ,1.76
-0.0018800001000000002 ,1.6799999
-0.0018760001          ,1.76
-0.0018720001999999998 ,1.76
-0.0018680001000000001 ,1.6799999
-0.0018640001          ,1.6799999
-0.0018600002          ,1.76
-0.0018560001999999999 ,1.6799999
-0.0018520001000000002 ,1.6799999
-0.0018480001          ,1.6799999
-0.0018440001999999998 ,2.0799999
-0.0018400002          ,2.3199999
-0.0018360001          ,2.48
-0.0018320001000000001 ,2.72000003
-0.0018280001999999998 ,2.87999988
-0.0018240002          ,3.11999989
-0.0018200001          ,3.3599999
-0.0018160001000000002 ,3.51999998
-0.0018120001999999999 ,3.83999991
-0.0018080001000000002 ,3.91999984
-0.0018040001          ,4.15999985
-0.0018000001          ,4.4000001
-0.0017960002          ,4.55999994
-0.0017920001          ,4.79999971
-0.0017880001000000001 ,4.96000004
-0.0017840001          ,5.11999989
-0.0017800002          ,5.35999966
-0.0017760001          ,5.51999998
-0.0017720001000000002 ,5.67999983
-0.0017680002          ,5.92000008
-0.0017640001999999998 ,6.0
-0.0017600001          ,6.23999977
-0.0017560001          ,6.39999962
-0.0017520002          ,6.55999994
-0.0017480001999999998 ,6.71999979
-0.0017440001000000001 ,6.87999964
-0.0017400001          ,7.03999996
-0.0017360002          ,7.19999981
-0.0017320001          ,7.35999966
-0.0017280001000000002 ,7.519999981000001
-0.0017240001          ,7.679999828
-0.0017200001999999998 ,7.839999676000001
-0.0017160001000000001 ,8.0
-0.0017120001          ,8.079999924
-0.0017080001000000001 ,8.239999771
-0.0017040001999999999 ,8.399999618999999
-0.0017000001000000002 ,8.559999466
-0.0016960001          ,8.63999939
-0.0016920002          ,8.800000191
-0.0016880002          ,8.880000114
-0.0016840001000000002 ,9.039999962000001
-0.0016800001          ,9.119999886
-0.0016760001999999998 ,9.279999733
-0.0016720002          ,9.359999657000001
-0.0016680001          ,9.519999504
-0.0016640001000000001 ,9.679999352000001
-0.0016600001999999999 ,9.760000229
-0.0016560002          ,9.840000153
-0.0016520001          ,9.920000076
-0.0016480001000000002 ,10.0799999
-0.0016440002          ,10.0799999
-0.0016400001          ,10.2399998
-0.0016360001000000001 ,10.3199997
-0.0016320001          ,10.3999996
-0.0016280002          ,10.4799995
-0.0016240001          ,10.5599995
-0.0016200001000000002 ,10.6399994
-0.0016160001          ,10.7199993
-0.0016120002          ,10.8000002
-0.0016080001          ,10.8800001
-0.0016040001          ,10.96
-0.0016000002          ,11.04
-0.0015960001999999998 ,11.1199999
-0.0015920001000000001 ,11.1999998
-0.0015880001          ,11.1999998
-0.0015840002          ,11.2799997
-0.0015800001999999999 ,11.3599997
-0.0015760001000000002 ,11.3599997
-0.0015720001          ,11.4399996
-0.0015680001999999998 ,11.4399996
-0.0015640002          ,11.5199995
-0.0015600001          ,11.5999994
-0.0015560001000000001 ,11.5999994
-0.0015520001999999998 ,11.6799994
-0.0015480001000000001 ,11.6799994
-0.0015440001          ,11.7599993
-0.0015400001000000002 ,11.7599993
-0.0015360001999999999 ,11.8400002
-0.0015320001000000002 ,11.8400002
-0.0015280001          ,11.9200001
-0.0015240001999999998 ,11.9200001
-0.0015200002          ,12.0
-0.0015160001          ,12.0
-0.0015120001000000001 ,12.0
-0.0015080001999999999 ,12.0
-0.0015040002          ,12.0799999
-0.0015000001          ,12.0799999
-0.0014960001000000002 ,12.0799999
-0.0014920002          ,12.0799999
-0.0014880001999999998 ,12.1599998
-0.0014840001000000001 ,12.1599998
-0.0014800001          ,12.1599998
-0.0014760002          ,12.1599998
-0.0014720001          ,12.1599998
-0.0014680001000000002 ,12.1599998
-0.0014640001          ,12.1599998
-0.0014600002          ,12.1599998
-0.0014560001          ,12.1599998
-0.0014520001000000002 ,12.2399998
-0.0014480001          ,12.1599998
-0.0014440001999999998 ,12.2399998
-0.0014400001000000001 ,12.2399998
-0.0014360001          ,12.2399998
-0.0014320002          ,12.2399998
-0.0014280001999999999 ,12.1599998
-0.0014240001000000002 ,12.2399998
-0.0014200001          ,12.2399998
-0.0014160001999999998 ,12.2399998
-0.0014120002          ,12.2399998
-0.0014080001          ,12.2399998
-0.0014040001000000001 ,12.2399998
-0.0014000001999999998 ,12.2399998
-0.0013960002          ,12.1599998
-0.0013920001          ,12.2399998
-0.0013880001000000002 ,12.2399998
-0.0013840001999999999 ,12.1599998
-0.0013800001000000002 ,12.1599998
-0.0013760001          ,12.1599998
-0.0013720001          ,12.1599998
-0.0013680002          ,12.1599998
-0.0013640001          ,12.0799999
-0.0013600001000000001 ,12.0799999
-0.0013560001999999999 ,12.0799999
-0.0013520002          ,12.0799999
-0.0013480001          ,12.0799999
-0.0013440001000000002 ,12.0799999
-0.0013400002          ,12.0
-0.0013360001999999998 ,12.0
-0.0013320001          ,12.0
-0.0013280001          ,12.0
-0.0013240002          ,12.0
-0.0013200001999999998 ,11.9200001
-0.0013160001000000001 ,11.9200001
-0.0013120001          ,11.9200001
-0.0013080002          ,11.9200001
-0.0013040002          ,11.8400002
-0.0013000001          ,11.8400002
-0.0012960000999999999 ,11.8400002
-0.0012920002          ,11.8400002
-0.0012880001          ,11.7599993
-0.0012840001          ,11.7599993
-0.0012800001          ,11.6799994
-0.0012760002          ,11.7599993
-0.0012720001          ,11.6799994
-0.0012680000999999998 ,11.6799994
-0.0012640002          ,11.6799994
-0.0012600002000000001 ,11.5999994
-0.0012560001          ,11.5999994
-0.0012520001          ,11.5999994
-0.0012480002          ,11.5199995
-0.0012440002          ,11.5199995
-0.0012400001          ,11.5199995
-0.0012360001          ,11.4399996
-0.0012320002          ,11.4399996
-0.0012280002          ,11.4399996
-0.0012240000999999999 ,11.4399996
-0.0012200001          ,11.4399996
-0.0012160002000000001 ,11.3599997
-0.0012120001          ,11.3599997
-0.0012080001          ,11.3599997
-0.0012040001          ,11.2799997
-0.0012000002          ,11.2799997
-0.0011960001          ,11.1999998
-0.0011920001          ,11.1999998
-0.0011880000999999999 ,11.1999998
-0.0011840002          ,11.1999998
-0.0011800000999999999 ,11.1199999
-0.0011760001          ,11.1199999
-0.0011720002          ,11.04
-0.0011680002          ,11.04
-0.0011640001          ,11.04
-0.0011600001          ,10.96
-0.0011560002          ,10.96
-0.0011520002          ,10.8800001
-0.0011480001          ,10.8800001
-0.0011440000999999999 ,10.8800001
-0.0011400002          ,10.8800001
-0.0011360002000000001 ,10.8800001
-0.0011320001          ,10.8000002
-0.0011280001          ,10.8000002
-0.0011240002          ,10.7199993
-0.0011200001          ,10.7199993
-0.0011160001          ,10.6399994
-0.0011120001          ,10.6399994
-0.0011080002000000001 ,10.6399994
-0.0011040001          ,10.6399994
-0.0011000000999999999 ,10.5599995
-0.0010960002          ,10.5599995
-0.0010920002          ,10.4799995
-0.0010880001          ,10.4799995
-0.0010840001          ,10.4799995
-0.0010800002          ,10.4799995
-0.0010760002          ,10.3999996
-0.0010720000999999999 ,10.3999996
-0.0010680001          ,10.3999996
-0.0010640002000000001 ,10.3199997
-0.0010600002          ,10.3199997
-0.0010560001          ,10.2399998
-0.0010520001          ,10.2399998
-0.0010480002          ,10.2399998
-0.0010440001          ,10.2399998
-0.0010400001          ,10.1599998
-0.0010360000999999998 ,10.1599998
-0.0010320002          ,10.0799999
-0.0010280000999999999 ,10.0799999
-0.0010240001          ,10.0799999
-0.0010200000999999999 ,10.0
-0.0010160002          ,10.0799999
-0.0010120001          ,10.0
-0.0010080001          ,9.920000076
-0.0010040002          ,9.920000076
-0.0010000002          ,9.920000076
-0.00099600013         ,9.920000076
-0.0009920000999999999 ,9.920000076
-0.00098800019         ,9.840000153
-0.00098400016         ,9.840000153
-0.00098000013         ,9.840000153
-0.00097600016         ,9.760000229
-0.00097200013         ,9.760000229
-0.0009680001499999999 ,9.679999352000001
-0.0009640001199999999 ,9.679999352000001
-0.00096000015         ,9.679999352000001
-0.0009560001199999999 ,9.679999352000001
-0.00095200015         ,9.679999352000001
-0.0009480001199999999 ,9.519999504
-0.00094400014         ,9.519999504
-0.00094000011         ,9.519999504
-0.0009360001400000001 ,9.519999504
-0.00093200011         ,9.43999958
-0.0009280001400000001 ,9.43999958
-0.0009240001699999999 ,9.359999657000001
-0.0009200001400000001 ,9.359999657000001
-0.00091600016         ,9.359999657000001
-0.0009120001300000001 ,9.359999657000001
-0.0009080001600000001 ,9.359999657000001
-0.0009040001300000001 ,9.279999733
-0.00090000016         ,9.279999733
-0.00089600013         ,9.279999733
-0.00089200016         ,9.199999809
-0.00088800013         ,9.199999809
-0.00088400015         ,9.199999809
-0.0008800001199999999 ,9.119999886
-0.00087600015         ,9.119999886
-0.0008720001199999999 ,9.039999962000001
-0.00086800015         ,9.039999962000001
-0.0008640001199999999 ,9.039999962000001
-0.00086000015         ,8.960000037999999
-0.0008560001199999998 ,8.960000037999999
-0.0008520001400000001 ,8.960000037999999
-0.00084800011         ,8.960000037999999
-0.0008440001400000001 ,8.880000114
-0.0008400001699999999 ,8.880000114
-0.0008360001400000001 ,8.880000114
-0.00083200017         ,8.800000191
-0.0008280001299999999 ,8.800000191
-0.00082400016         ,8.800000191
-0.0008200001299999999 ,8.720000267
-0.00081600016         ,8.720000267
-0.0008120001299999999 ,8.63999939
-0.00080800016         ,8.63999939
-0.0008040001299999999 ,8.63999939
-0.00080000015         ,8.559999466
-0.00079600012         ,8.559999466
-0.00079200015         ,8.559999466
-0.00078800012         ,8.559999466
-0.00078400015         ,8.479999542
-0.00078000012         ,8.399999618999999
-0.00077600015         ,8.399999618999999
-0.0007720001200000001 ,8.399999618999999
-0.0007680001400000001 ,8.399999618999999
-0.00076400011         ,8.319999695
-0.0007600001400000001 ,8.319999695
-0.00075600017         ,8.319999695
-0.0007520001400000002 ,8.239999771
-0.00074800017         ,8.239999771
-0.0007440001400000001 ,8.159999847
-0.00074000016         ,8.159999847
-0.0007360001299999999 ,8.159999847
-0.00073200016         ,8.159999847
-0.0007280001299999999 ,8.079999924
-0.00072400016         ,8.079999924
-0.00072000013         ,8.079999924
-0.0007160001600000001 ,8.0
-0.00071200012         ,8.0
-0.00070800015         ,8.0
-0.00070400012         ,8.0
-0.00070000015         ,8.0
-0.0006960001200000001 ,8.0
-0.00069200015         ,7.919999599
-0.00068800012         ,7.839999676000001
-0.0006840001400000001 ,7.919999599
-0.0006800001099999999 ,7.839999676000001
-0.0006760001400000002 ,7.839999676000001
-0.00067200017         ,7.839999676000001
-0.0006680001400000001 ,7.759999752000001
-0.0006640001700000001 ,7.759999752000001
-0.0006600001400000001 ,7.759999752000001
-0.00065600016         ,7.759999752000001
-0.00065200013         ,7.679999828
-0.0006480001599999999 ,7.679999828
-0.00064400013         ,7.599999905
-0.00064000016         ,7.679999828
-0.00063600013         ,7.599999905
-0.00063200016         ,7.599999905
-0.00062800013         ,7.519999981000001
-0.00062400015         ,7.599999905
-0.0006200001200000001 ,7.519999981000001
-0.00061600015         ,7.440000057000001
-0.00061200012         ,7.440000057000001
-0.00060800015         ,7.440000057000001
-0.00060400012         ,7.35999966
-0.00060000014         ,7.440000057000001
-0.00059600011         ,7.35999966
-0.0005920001400000001 ,7.35999966
-0.00058800017         ,7.27999973
-0.00058400014         ,7.27999973
-0.00058000017         ,7.27999973
-0.00057600014         ,7.27999973
-0.0005720001599999999 ,7.27999973
-0.00056800013         ,7.19999981
-0.00056400016         ,7.19999981
-0.00056000013         ,7.19999981
-0.00055600016         ,7.19999981
-0.00055200013         ,7.11999989
-0.00054800016         ,7.11999989
-0.00054400013         ,7.03999996
-0.00054000015         ,7.03999996
-0.00053600012         ,7.03999996
-0.00053200015         ,7.03999996
-0.00052800012         ,7.03999996
-0.00052400015         ,6.96000004
-0.00052000012         ,6.96000004
-0.00051600015         ,6.96000004
-0.00051200012         ,6.87999964
-0.0005080001400000001 ,6.87999964
-0.00050400011         ,6.87999964
-0.00050000014         ,6.87999964
-0.00049600017         ,6.87999964
-0.00049200014         ,6.87999964
-0.00048800014         ,6.79999971
-0.00048400012999999997,6.79999971
-0.00048000013         ,6.79999971
-0.00047600013         ,6.71999979
-0.00047200013         ,6.71999979
-0.00046800013         ,6.71999979
-0.00046400012999999997,6.63999987
-0.00046000015999999997,6.63999987
-0.00045600014999999997,6.63999987
-0.00045200015         ,6.63999987
-0.00044800015         ,6.55999994
-0.00044400015         ,6.63999987
-0.00044000015         ,6.55999994
-0.00043600014999999997,6.55999994
-0.00043200015         ,6.55999994
-0.00042800014000000003,6.48000002
-0.00042400014000000004,6.48000002
-0.00042000014000000005,6.48000002
-0.00041600013999999996,6.48000002
-0.00041200013999999997,6.48000002
-0.00040800014         ,6.39999962
-0.00040400013999999994,6.39999962
-0.00040000013999999995,6.39999962
-0.00039600013         ,6.39999962
-0.00039200013         ,6.31999969
-0.00038800012999999997,6.31999969
-0.00038400013         ,6.31999969
-0.00038000013         ,6.31999969
-0.00037600013         ,6.31999969
-0.00037200016000000005,6.23999977
-0.00036800015         ,6.23999977
-0.00036400015         ,6.23999977
-0.00036000015         ,6.23999977
-0.00035600015         ,6.15999985
-0.00035200015         ,6.15999985
-0.00034800015         ,6.15999985
-0.00034400015         ,6.07999992
-0.00034000013999999995,6.07999992
-0.00033600013999999996,6.07999992
-0.00033200014         ,6.07999992
-0.00032800013999999993,6.07999992
-0.00032400014         ,6.07999992
-0.00032000014         ,6.0
-0.00031600013999999997,6.0
-0.00031200013         ,6.0
-0.00030800013         ,5.92000008
-0.00030400013         ,5.92000008
-0.00030000013         ,5.92000008
-0.00029600013         ,5.92000008
-0.00029200012999999996,5.92000008
-0.00028800016         ,5.92000008
-0.00028400015         ,5.92000008
-0.00028000014999999997,5.92000008
-0.00027600015         ,5.83999968
-0.00027200015         ,5.83999968
-0.00026800015         ,5.83999968
-0.00026400015         ,5.83999968
-0.00026000015         ,5.75999975
-0.00025600013999999997,5.75999975
-0.00025200014         ,5.75999975
-0.00024800014         ,5.75999975
-0.00024400014         ,5.67999983
-0.00024000014         ,5.67999983
-0.00023600014         ,5.67999983
-0.00023200013999999998,5.67999983
-0.00022800014         ,5.67999983
-0.00022400015         ,5.67999983
-0.00022000015         ,5.67999983
-0.00021600015         ,5.5999999
-0.00021200013999999999,5.5999999
-0.00020800014         ,5.5999999
-0.00020400013999999998,5.5999999
-0.00020000014         ,5.51999998
-0.00019600014         ,5.51999998
-0.00019200014         ,5.51999998
-0.00018800014         ,5.51999998
-0.00018400015         ,5.51999998
-0.00018000014999999998,5.44000006
-0.00017600015         ,5.44000006
-0.00017200015         ,5.44000006
-0.00016800014         ,5.44000006
-0.00016400013999999998,5.35999966
-0.00016000014         ,5.35999966
-0.00015600013999999998,5.35999966
-0.00015200014         ,5.35999966
-0.00014800014         ,5.35999966
-0.00014400013999999999,5.27999973
-0.00014000014999999998,5.27999973
-0.00013600015         ,5.27999973
-0.00013200015         ,5.27999973
-0.00012800015         ,5.19999981
-0.00012400014         ,5.27999973
-0.00012000013999999999,5.19999981
-0.00011600014         ,5.19999981
-0.00011200014         ,5.19999981
-0.00010800014999999999,5.19999981
-0.00010400014000000002,5.19999981
-0.00010000014000000001,5.11999989
-9.600014000000001e-05 ,5.11999989
-9.200014000000001e-05 ,5.11999989
-8.800015e-05          ,5.11999989
-8.400014e-05          ,5.03999996
-8.000014e-05          ,5.03999996
-7.600014e-05          ,5.11999989
-7.200014e-05          ,5.11999989
-6.800014e-05          ,5.03999996
-6.400015000000001e-05 ,5.03999996
-6.0000140000000005e-05,5.03999996
-5.600014e-05          ,5.03999996
-5.200014e-05          ,5.03999996
-4.8000140000000004e-05,4.96000004
-4.400014e-05          ,4.96000004
-4.000014e-05          ,4.96000004
-3.6000140000000004e-05,4.96000004
-3.200014e-05          ,4.96000004
-2.8000140000000003e-05,4.88000011
-2.400014e-05          ,4.88000011
-2.0000139999999998e-05,4.96000004
-1.600014e-05          ,4.88000011
-1.2000139999999998e-05,4.88000011
-8.00014e-06           ,4.88000011
-4.00014e-06           ,4.79999971
3.99986e-06            ,4.88000011
7.999860000000002e-06  ,4.79999971
1.199986e-05           ,4.79999971
1.599986e-05           ,4.79999971
1.9999860000000002e-05 ,4.71999979
2.3999859999999998e-05 ,4.71999979
2.799986e-05           ,4.71999979
3.1999859999999996e-05 ,4.71999979
3.599986e-05           ,4.71999979
3.999986e-05           ,4.71999979
4.3999859999999996e-05 ,4.63999987
4.799986e-05           ,4.63999987
5.199986e-05           ,4.63999987
5.5999859999999996e-05 ,4.63999987
5.999986e-05           ,4.63999987
6.399985e-05           ,4.63999987
6.799986e-05           ,4.63999987
7.199985999999999e-05  ,4.63999987
7.599986e-05           ,4.55999994
7.999986e-05           ,4.55999994
8.399985000000001e-05  ,4.55999994
8.799985999999999e-05  ,4.55999994
9.199985999999999e-05  ,4.55999994
9.599985999999999e-05  ,4.55999994
9.999986e-05           ,4.55999994
0.00010399985999999998 ,4.48000002
0.00010799985000000001 ,4.48000002
0.00011199986          ,4.48000002
0.00011599986          ,4.48000002
0.00011999986000000001 ,4.48000002
0.00012399985          ,4.4000001
0.00012799985          ,4.4000001
0.00013199986          ,4.4000001
0.00013599986000000002 ,4.4000001
0.00013999986          ,4.4000001
0.00014399986000000002 ,4.4000001
0.00014799986          ,4.4000001
0.00015199986          ,4.4000001
0.00015599986000000001 ,4.31999969
0.00015999985000000002 ,4.4000001
0.00016399985          ,4.31999969
0.00016799985          ,4.31999969
0.00017199985          ,4.31999969
0.00017599986          ,4.31999969
0.00017999986          ,4.31999969
0.00018399986000000002 ,4.23999977
0.00018799986          ,4.31999969
0.00019199986          ,4.23999977
0.00019599986          ,4.23999977
0.00019999986          ,4.23999977
0.00020399985          ,4.23999977
0.00020799985000000002 ,4.15999985
0.00021199985          ,4.15999985
0.00021599985          ,4.15999985
0.00021999986          ,4.15999985
0.00022399986000000001 ,4.15999985
0.00022799986          ,4.15999985
0.00023199986000000002 ,4.15999985
0.00023599986          ,4.15999985
0.00023999986          ,4.15999985
0.00024399985          ,4.07999992
0.00024799985          ,4.15999985
0.00025199985          ,4.07999992
0.00025599985          ,4.07999992
0.00025999986          ,4.07999992
0.00026399986          ,4.07999992
0.00026799986          ,4.07999992
0.00027199986          ,4.07999992
0.00027599986          ,4.0
0.00027999986          ,4.0
0.00028399986          ,4.0
0.00028799986          ,4.0
0.00029199987000000003 ,4.0
0.00029599987          ,4.0
0.00029999987          ,4.0
0.00030399987          ,4.0
0.00030799984          ,4.0
0.00031199984          ,4.0
0.00031599985          ,3.91999984
0.00031999985000000003 ,3.91999984
0.00032399985          ,3.91999984
0.00032799985          ,3.91999984
0.00033199985          ,3.91999984
0.00033599985          ,3.91999984
0.00033999985000000003 ,3.83999991
0.00034399985          ,3.83999991
0.00034799986          ,3.83999991
0.00035199986000000006 ,3.83999991
0.00035599986000000005 ,3.83999991
0.00035999986000000004 ,3.83999991
0.00036399986000000003 ,3.83999991
0.00036799986          ,3.83999991
0.00037199986000000006 ,3.83999991
0.00037599987          ,3.83999991
0.00037999987          ,3.83999991
0.00038399987          ,3.83999991
0.00038799987000000003 ,3.75999999
0.00039199984          ,3.83999991
0.00039599983999999996 ,3.75999999
0.00039999983999999995 ,3.75999999
0.00040399985          ,3.75999999
0.00040799985          ,3.75999999
0.00041199985          ,3.75999999
0.00041599985000000003 ,3.75999999
0.00041999985          ,3.67999983
0.00042399985          ,3.67999983
0.00042799985          ,3.67999983
0.00043199985999999995 ,3.67999983
0.00043599986          ,3.67999983
0.00043999986          ,3.67999983
0.00044399985999999997 ,3.67999983
0.00044799985999999996 ,3.5999999
0.00045199985999999995 ,3.5999999
0.00045599986          ,3.67999983
0.00045999986          ,3.5999999
0.00046399987000000003 ,3.5999999
0.00046799987          ,3.5999999
0.00047199987          ,3.5999999
0.00047599987          ,3.5999999
0.00047999984000000006 ,3.5999999
0.00048399984000000004 ,3.5999999
0.00048799985          ,3.5999999
0.00049199985          ,3.51999998
0.00049599988          ,3.51999998
0.00049999985          ,3.51999998
0.0005039998799999999  ,3.51999998
0.00050799985          ,3.51999998
0.00051199988          ,3.51999998
0.00051599985          ,3.51999998
0.00051999989          ,3.43999982
0.00052399986          ,3.43999982
0.00052799983          ,3.51999998
0.0005319998599999999  ,3.43999982
0.00053599983          ,3.43999982
0.00053999986          ,3.43999982
0.00054399983          ,3.43999982
0.00054799987          ,3.43999982
0.0005519998400000001  ,3.43999982
0.00055599987          ,3.43999982
0.00055999984          ,3.43999982
0.00056399987          ,3.3599999
0.00056799984          ,3.3599999
0.00057199987          ,3.3599999
0.00057599985          ,3.3599999
0.0005799998799999999  ,3.3599999
0.00058399985          ,3.3599999
0.00058799988          ,3.3599999
0.00059199985          ,3.3599999
0.00059599988          ,3.3599999
0.00059999985          ,3.3599999
0.00060399988          ,3.3599999
0.0006079998599999999  ,3.3599999
0.00061199983          ,3.27999997
0.0006159998599999999  ,3.3599999
0.00061999983          ,3.3599999
0.00062399986          ,3.27999997
0.00062799983          ,3.27999997
0.00063199986          ,3.27999997
0.00063599984          ,3.3599999
0.00063999987          ,3.27999997
0.00064399984          ,3.27999997
0.00064799987          ,3.19999981
0.00065199984          ,3.19999981
0.0006559998700000001  ,3.27999997
0.00065999985          ,3.19999981
0.0006639998799999999  ,3.19999981
0.00066799985          ,3.19999981
0.00067199988          ,3.19999981
0.00067599985          ,3.19999981
0.00067999988          ,3.19999981
0.00068399985          ,3.19999981
0.00068799988          ,3.19999981
0.0006919998599999999  ,3.19999981
0.0006959998299999999  ,3.19999981
0.0006999998599999999  ,3.19999981
0.0007039998299999999  ,3.11999989
0.0007079998599999999  ,3.11999989
0.0007119998299999999  ,3.11999989
0.0007159998599999999  ,3.11999989
0.0007199998399999999  ,3.11999989
0.0007239998700000001  ,3.11999989
0.00072799984          ,3.19999981
0.0007319998700000001  ,3.11999989
0.00073599984          ,3.11999989
0.0007399998700000001  ,3.11999989
0.00074399984          ,3.11999989
0.00074799987          ,3.11999989
0.00075199985          ,3.11999989
0.00075599988          ,3.11999989
0.00075999985          ,3.11999989
0.00076399988          ,3.11999989
0.00076799985          ,3.11999989
0.0007719998799999999  ,3.03999996
0.0007759998599999999  ,3.11999989
0.0007799998299999999  ,3.03999996
0.0007839998599999999  ,3.03999996
0.0007879998299999999  ,3.03999996
0.0007919998599999999  ,3.03999996
0.00079599983          ,3.03999996
0.00079999986          ,3.03999996
0.00080399984          ,3.03999996
0.0008079998700000001  ,3.03999996
0.00081199984          ,3.03999996
0.0008159998700000001  ,3.03999996
0.00081999984          ,3.03999996
0.0008239998700000001  ,3.03999996
0.00082799984          ,3.03999996
0.00083199987          ,2.96000004
0.00083599985          ,2.96000004
0.0008399998800000001  ,2.96000004
0.00084399985          ,2.96000004
0.0008479998800000002  ,2.96000004
0.0008519998500000001  ,2.96000004
0.0008559998800000001  ,2.96000004
0.00085999985          ,2.96000004
0.0008639998300000001  ,2.96000004
0.0008679998599999999  ,2.87999988
0.0008719998300000001  ,2.96000004
0.00087599986          ,2.96000004
0.0008799998300000001  ,2.96000004
0.0008839998599999999  ,2.87999988
0.00088799983          ,2.96000004
0.00089199987          ,2.87999988
0.00089599984          ,2.87999988
0.00089999987          ,2.87999988
0.00090399984          ,2.87999988
0.0009079998699999999  ,2.87999988
0.0009119998399999999  ,2.87999988
0.0009159998699999999  ,2.87999988
0.00091999985          ,2.87999988
0.0009239998800000002  ,2.87999988
0.00092799985          ,2.87999988
0.0009319998800000001  ,2.87999988
0.00093599985          ,2.79999995
0.0009399998800000001  ,2.79999995
0.00094399985          ,2.79999995
0.0009479998300000001  ,2.87999988
0.0009519998599999998  ,2.79999995
0.0009559998300000001  ,2.87999988
0.0009599998599999999  ,2.79999995
0.00096399983          ,2.79999995
0.0009679998599999999  ,2.79999995
0.0009719998300000001  ,2.79999995
0.0009759998599999999  ,2.79999995
0.0009799999000000002  ,2.79999995
0.00098399981          ,2.79999995
0.00098799984          ,2.79999995
0.00099199987          ,2.79999995
0.0009959999           ,2.79999995
0.0010039998           ,2.79999995
0.0010079999           ,2.79999995
0.0010119999           ,2.79999995
0.0010159998           ,2.79999995
0.0010199999           ,2.72000003
0.0010239999000000001  ,2.79999995
0.0010279999           ,2.72000003
0.0010319997999999999  ,2.72000003
0.0010359999           ,2.72000003
0.0010399999           ,2.72000003
0.0010439998           ,2.72000003
0.0010479998           ,2.72000003
0.0010519999           ,2.6399999
0.0010559999           ,2.72000003
0.0010599998           ,2.6399999
0.0010639998           ,2.72000003
0.0010679999000000001  ,2.72000003
0.0010719999           ,2.6399999
0.0010759998           ,2.6399999
0.0010799998           ,2.6399999
0.0010839999           ,2.6399999
0.0010879999           ,2.6399999
0.0010919998           ,2.6399999
0.0010959998           ,2.6399999
0.0010999999           ,2.6399999
0.0011039999000000001  ,2.6399999
0.0011079998           ,2.6399999
0.0011119999           ,2.6399999
0.0011159999           ,2.6399999
0.0011199998           ,2.6399999
0.0011239998           ,2.6399999
0.0011279999           ,2.6399999
0.0011319999000000002  ,2.6399999
0.0011359998           ,2.5599999
0.0011399997999999999  ,2.6399999
0.0011439999           ,2.6399999
0.0011479999000000001  ,2.6399999
0.0011519998           ,2.6399999
0.0011559998           ,2.6399999
0.0011599999           ,2.6399999
0.0011639999           ,2.5599999
0.0011679998           ,2.5599999
0.0011719998           ,2.5599999
0.0011759999000000001  ,2.5599999
0.0011799999           ,2.5599999
0.0011839997999999999  ,2.5599999
0.0011879998           ,2.5599999
0.0011919999           ,2.5599999
0.0011959999           ,2.5599999
0.0011999998           ,2.5599999
0.0012039999           ,2.5599999
0.0012079999           ,2.5599999
0.0012119998           ,2.5599999
0.0012159998           ,2.5599999
0.0012199999000000001  ,2.5599999
0.0012239999           ,2.5599999
0.0012279997999999999  ,2.5599999
0.0012319998           ,2.5599999
0.0012359999           ,2.5599999
0.0012399999           ,2.5599999
0.0012439998           ,2.5599999
0.0012479998           ,2.5599999
0.0012519999           ,2.5599999
0.0012559999000000001  ,2.5599999
0.0012599998           ,2.5599999
0.0012639997999999999  ,2.48
0.0012679999           ,2.48
0.0012719999           ,2.5599999
0.0012759998           ,2.48
0.0012799999           ,2.48
0.0012839999           ,2.48
0.0012879998           ,2.48
0.0012919998           ,2.48
0.0012959999           ,2.5599999
0.0012999999000000001  ,2.48
0.0013039998           ,2.48
0.0013079998           ,2.48
0.0013119999           ,2.48
0.0013159998999999999  ,2.48
0.0013199998000000001  ,2.48
0.0013239998           ,2.48
0.0013279999           ,2.48
0.0013319998999999998  ,2.48
0.0013359998           ,2.48
0.0013399998000000002  ,2.48
0.0013439998999999999  ,2.48
0.0013479999           ,2.48
0.0013519998           ,2.48
0.0013559998000000001  ,2.48
0.0013599998999999998  ,2.48
0.0013639999           ,2.48
0.0013679998           ,2.48
0.0013719999           ,2.48
0.0013759998999999998  ,2.3999999
0.0013799998           ,2.48
0.0013839998000000002  ,2.48
0.0013879998999999999  ,2.48
0.0013919999           ,2.48
0.0013959998           ,2.3999999
0.0013999998000000001  ,2.3999999
0.0014039998999999998  ,2.3999999
0.0014079999           ,2.48
0.0014119998000000002  ,2.3999999
0.0014159998           ,2.3999999
0.0014199999           ,2.3999999
0.0014239998999999999  ,2.3999999
0.0014279998000000002  ,2.48
0.0014319998           ,2.3999999
0.0014359999           ,2.3999999
0.0014399998999999998  ,2.3999999
0.0014439998000000001  ,2.3999999
0.0014479998           ,2.3999999
0.0014519999           ,2.3999999
0.0014559999           ,2.3999999
0.0014599998           ,2.3999999
0.0014639999           ,2.3999999
0.0014679998999999999  ,2.3999999
0.0014719998000000001  ,2.3999999
0.0014759998           ,2.3999999
0.0014799999           ,2.3999999
0.0014839998999999998  ,2.3999999
0.0014879998           ,2.3199999
0.0014919998000000002  ,2.3199999
0.0014959999           ,2.3999999
0.0014999999           ,2.3199999
0.0015039998           ,2.3999999
0.0015079998000000002  ,2.3199999
0.0015119998999999999  ,2.3199999
0.0015159999           ,2.3999999
0.0015199998           ,2.3199999
0.0015239998000000001  ,2.3199999
0.0015279998999999998  ,2.3199999
0.0015319999           ,2.3199999
0.0015359998000000002  ,2.3199999
0.0015399998999999999  ,2.3199999
0.0015439999           ,2.3199999
0.0015479998           ,2.3199999
0.0015519998000000001  ,2.3199999
0.0015559998999999998  ,2.3199999
0.0015599999           ,2.3199999
0.0015639998           ,2.3199999
0.0015679998           ,2.3199999
0.0015719999           ,2.3199999
0.0015759999           ,2.3199999
0.0015799998000000002  ,2.3199999
0.0015839998           ,2.3199999
0.0015879999           ,2.3199999
0.0015919998999999998  ,2.3199999
0.0015959998000000001  ,2.3199999
0.0015999998           ,2.3199999
0.0016039999           ,2.3199999
0.0016079998999999998  ,2.3199999
0.0016119998           ,2.3199999
0.0016159998000000002  ,2.3199999
0.0016199998999999999  ,2.3199999
0.0016239999           ,2.3199999
0.0016279998           ,2.3199999
0.0016319999           ,2.3199999
0.0016359998999999998  ,2.24
0.0016399998000000001  ,2.3199999
0.0016439998000000002  ,2.3199999
0.0016479999           ,2.24
0.0016519999           ,2.24
0.0016559998           ,2.3199999
0.0016599998000000002  ,2.3199999
0.0016639998999999999  ,2.24
0.0016679999           ,2.24
0.0016719998           ,2.24
0.0016759998000000001  ,2.3199999
0.0016799998999999998  ,2.24
0.0016839999           ,2.24
0.0016879998000000002  ,2.24
0.0016919998           ,2.24
0.0016959999           ,2.24
0.0016999998999999999  ,2.24
0.0017039998000000002  ,2.24
0.0017079998999999998  ,2.24
0.0017119999           ,2.3199999
0.0017159998           ,2.24
0.0017199998           ,2.24
0.0017239998999999998  ,2.24
0.0017279999           ,2.24
0.0017319998000000002  ,2.24
0.0017359998           ,2.24
0.0017399999           ,2.24
0.0017439998999999999  ,2.24
0.0017479998000000001  ,2.24
0.0017519998           ,2.24
0.0017559999           ,2.24
0.0017599998999999998  ,2.24
0.0017639998           ,2.24
0.0017679998000000002  ,2.24
0.0017719998999999999  ,2.24
0.0017759999           ,2.24
0.0017799998           ,2.1599998
0.0017839998000000001  ,2.24
0.0017879998999999998  ,2.1599998
0.0017919999           ,2.24
0.0017959998           ,2.1599998
0.0017999999           ,2.1599998
0.0018039999           ,2.24
0.0018079998           ,2.24
0.0018119998000000002  ,2.1599998
0.0018159998999999999  ,2.1599998
0.0018199999           ,2.1599998
0.0018239998           ,2.1599998
0.0018279998000000001  ,2.1599998
0.0018319998999999998  ,2.1599998
0.0018359999           ,2.1599998
0.0018399998000000002  ,2.1599998
0.0018439998           ,2.1599998
0.0018479999           ,2.1599998
0.0018519998999999999  ,2.1599998
0.0018559998000000002  ,2.1599998
0.0018599998           ,2.1599998
0.0018639999           ,2.1599998
0.0018679998999999998  ,2.1599998
0.0018719998000000001  ,2.1599998
0.0018759998000000002  ,2.1599998
0.0018799999           ,2.1599998
0.0018839999           ,2.1599998
0.0018879998           ,2.0799999
0.0018919999           ,2.1599998
0.0018959998999999999  ,2.0799999
0.0018999998000000001  ,2.0799999
0.0019039998           ,2.0799999
0.0019079999           ,2.1599998
0.0019119998999999998  ,2.1599998
0.0019159998           ,2.0799999
0.0019199998000000002  ,2.1599998
0.0019239999           ,2.1599998
0.0019279999           ,2.1599998
0.0019319998           ,2.1599998
0.0019359998000000002  ,2.0799999
0.0019399998999999999  ,2.0799999
0.0019439999           ,2.0799999
0.0019479998           ,2.0799999
0.0019519998           ,2.0799999
0.0019559998           ,2.0799999
0.0019599998000000003  ,2.0799999
0.0019639998           ,2.0799999
0.0019679999           ,2.0799999
0.0019719998999999998  ,2.0799999
0.0019759999           ,2.0799999
0.0019799999           ,2.0799999
0.0019839997           ,2.0799999
0.0019879998           ,2.1599998
0.0019919998           ,2.0799999
0.0019959998000000003  ,2.0799999
0.0019999999           ,2.0799999
0.0020039999           ,2.0799999
0.0020079998999999998  ,2.0799999
0.002012               ,2.0799999
0.0020159998           ,2.0799999
0.0020199998           ,2.0799999
0.0020239998           ,2.0799999
0.0020279998000000002  ,2.0799999
0.0020319999           ,2.0799999
0.0020359999           ,2.0799999
0.0020399999           ,2.0799999
0.002044               ,2.0799999
0.0020479998000000003  ,2.0799999
0.0020519998           ,2.0799999
0.0020559998           ,2.0799999
0.0020599998999999997  ,2.0799999
0.0020639999           ,2.0
0.0020679999           ,2.0799999
0.0020719999           ,2.0799999
0.0020759997           ,2.0799999
0.0020799998           ,2.0799999
0.0020839998000000003  ,2.0799999
0.0020879998           ,2.0799999
0.0020919999           ,2.0799999
0.0020959998999999997  ,2.0799999
0.0020999999           ,2.0799999
0.002104               ,2.0799999
0.0021079998           ,2.0
0.0021119998           ,2.0
0.0021159998           ,2.0799999
0.0021199998000000003  ,2.0799999
0.0021239999           ,2.0
0.0021279999           ,2.0
0.0021319998999999997  ,2.0799999
0.002136               ,2.0
0.0021399998           ,2.0
0.0021439998           ,2.0799999
0.0021479998           ,2.0
0.0021519999           ,2.0
0.0021559999           ,2.0799999
0.0021599999           ,2.0
0.0021639999           ,2.0799999
0.0021679997           ,2.0
0.0021719998000000003  ,2.0
0.0021759998           ,2.0
0.0021799998           ,2.0
0.0021839998999999997  ,2.0
0.0021879999           ,2.0
0.0021919999           ,2.0
0.002196               ,2.0
0.0021999998           ,2.0
0.0022039998           ,2.0
0.0022079998000000003  ,2.0
0.0022119998           ,2.0
0.0022159999           ,2.0
0.0022199998999999997  ,1.92
0.0022239999           ,2.0
0.0022279997           ,2.0
0.0022319998           ,2.0
0.0022359998           ,2.0
0.0022399998           ,2.0
0.0022439999           ,2.0
0.0022479999           ,1.92
0.0022519999           ,1.92
0.0022559998999999997  ,2.0
0.0022599997           ,1.92
0.0022639998000000003  ,2.0
0.0022679998           ,2.0
0.0022719998           ,2.0
0.0022759998999999998  ,1.92
0.0022799999           ,2.0
0.0022839999           ,2.0
0.002288               ,2.0
0.0022919998           ,2.0
0.0022959998000000002  ,2.0
0.0022999998           ,1.92
0.0023039998           ,2.0
0.0023079999           ,1.92
0.0023119999           ,2.0
0.0023159999           ,1.92
0.0023199997           ,2.0
0.0023239998           ,2.0
0.0023279998           ,1.92
0.0023319998000000002  ,2.0
0.0023359999           ,2.0
0.0023399999           ,2.0
0.0023439998999999997  ,1.92
0.002348               ,1.92
0.0023519997           ,1.92
0.0023559998           ,1.92
0.0023599998           ,1.92
0.0023639998           ,1.92
0.0023679999           ,1.92
0.0023719999           ,1.92
0.0023759999           ,1.92
0.00238                ,1.92
0.0023839998           ,1.92
0.0023879998000000003  ,1.92
0.0023919998           ,1.92
0.0023959999           ,1.92
0.0023999998999999998  ,1.92
0.0024039999           ,1.92
0.0024079999           ,1.92
0.0024119997           ,1.92
0.0024159998           ,1.92
0.0024199998           ,1.92
0.0024239998000000003  ,1.92
0.0024279999           ,1.92
0.0024319999           ,1.92
0.0024359998999999998  ,1.92
0.00244                ,1.92
0.0024439998           ,1.92
0.0024479998           ,1.92
0.0024519998           ,1.92
0.0024559998           ,1.92
0.0024599999           ,1.92
0.0024639999           ,1.92
0.0024679999           ,1.92
0.002472               ,1.92
0.0024759998000000003  ,1.92
0.0024799998           ,1.92
0.0024839998           ,1.92
0.0024879998999999997  ,1.92
0.0024919999           ,1.92
0.0024959999           ,1.92
0.0024999999           ,1.92
0.0025039997           ,1.92
0.0025079998           ,1.92
0.0025119998000000003  ,1.92
0.0025159998           ,1.92
0.0025199999           ,1.92
0.0025239998999999997  ,1.92
0.0025279999           ,1.92
0.002532               ,1.92
0.0025359998           ,1.92
0.0025399998           ,1.92
0.0025439998           ,1.92
0.0025479998000000003  ,1.92
0.0025519999           ,1.92
0.0025559999           ,1.92
0.0025599998999999997  ,1.92
0.002564               ,1.92
0.0025679998           ,1.92
0.0025719998           ,1.92
0.0025759998           ,1.92
0.0025799999           ,1.92
0.0025839999           ,2.0
0.0025879999           ,1.92
0.0025919999           ,1.92
0.0025959997           ,1.92
0.0025999998000000002  ,1.92
0.0026039998           ,1.92
0.0026079998           ,1.92
0.0026119998999999997  ,1.92
0.0026159999           ,1.92
0.0026199999           ,1.92
0.002624               ,1.92
0.0026279997999999996  ,1.92
0.0026319997999999997  ,1.92
0.0026359998           ,1.92
0.0026399998           ,1.92
0.0026439999           ,1.92
0.0026479998999999997  ,1.92
0.0026519999           ,1.92
0.0026559997           ,1.92
0.0026599998           ,1.92
0.0026639997999999996  ,1.92
0.0026679997999999997  ,1.92
0.0026719999           ,1.8399999
0.0026759999           ,1.92
0.0026799999           ,1.92
0.0026839998999999997  ,1.92
0.0026879996999999997  ,1.92
0.0026919998           ,1.92
0.0026959998           ,1.92
0.0026999997999999996  ,1.92
0.0027039998999999998  ,1.92
0.0027079999           ,1.8399999
0.0027119999           ,1.92
0.002716               ,1.8399999
0.0027199997600000003  ,1.8399999
0.00272399979          ,1.8399999
0.0027279998200000002  ,1.8399999
0.00273199985          ,1.8399999
0.00273599988          ,1.8399999
0.00273999991          ,1.8399999
0.00274399994          ,1.92
0.0027479997399999997  ,1.8399999
0.00275199977          ,1.8399999
0.0027559997999999997  ,1.8399999
0.00275999983          ,1.92
0.0027639998600000005  ,1.92
0.00276799989          ,1.92
0.0027719999199999996  ,1.92
0.00277599995          ,1.92
0.0027799997499999996  ,1.8399999
0.00278399978          ,1.8399999
0.0027879998100000004  ,1.92
0.00279199984          ,1.92
0.0027959998699999995  ,1.8399999
0.0027999999           ,1.92
0.0028039999300000003  ,1.8399999
0.0028079999600000003  ,1.92
0.0028119997600000004  ,1.8399999
0.00281599979          ,1.8399999
0.0028199998200000003  ,1.8399999
0.00282399985          ,1.8399999
0.0028279998800000003  ,1.8399999
0.0028319999100000002  ,1.8399999
0.0028359999400000002  ,1.8399999
0.00283999974          ,1.8399999
0.0028439997700000002  ,1.8399999
0.0028479997999999998  ,1.92
0.00285199983          ,1.8399999
0.00285599986          ,1.8399999
0.00285999989          ,1.92
0.0028639999199999997  ,1.92
0.00286799995          ,1.8399999
0.0028719997499999997  ,1.8399999
0.00287599978          ,1.8399999
0.00287999981          ,1.8399999
0.00288399984          ,1.8399999
0.0028879998699999996  ,1.8399999
0.0028919999           ,1.92
0.00289599993          ,1.8399999
0.0028999999600000004  ,1.8399999
0.0029039997600000004  ,1.8399999
0.00290799979          ,1.8399999
0.0029119998200000004  ,1.8399999
0.00291599985          ,1.8399999
0.0029199998800000003  ,1.8399999
0.0029239999100000003  ,1.8399999
0.00292799994          ,1.8399999
0.00293199974          ,1.8399999
0.0029359997700000003  ,1.8399999
0.0029399998           ,1.8399999
0.0029439998300000002  ,1.8399999
0.0029479998600000002  ,1.8399999
0.00295199989          ,1.8399999
0.0029559999199999997  ,1.8399999
0.00295999995          ,1.8399999
0.0029639997499999998  ,1.8399999
0.00296799978          ,1.8399999
0.00297199981          ,1.8399999
0.00297599984          ,1.8399999
0.0029799998699999997  ,1.8399999
0.0029839999           ,1.8399999
0.00298799993          ,1.8399999
0.0029919999699999996  ,1.8399999
0.00299599976          ,1.8399999
0.00299999979          ,1.8399999
0.00300399982          ,1.8399999
0.00300799985          ,1.8399999
0.00301199988          ,1.8399999
0.00301599992          ,1.8399999
0.00301999995          ,1.8399999
0.00302399974          ,1.8399999
0.00302799977          ,1.8399999
0.0030319998           ,1.8399999
0.00303599983          ,1.8399999
0.0030399998600000003  ,1.8399999
0.0030439999           ,1.8399999
0.00304799993          ,1.8399999
0.0030519999600000006  ,1.8399999
0.00305599975          ,1.8399999
0.0030599997800000002  ,1.8399999
0.00306399981          ,1.8399999
0.0030679998499999997  ,1.8399999
0.00307199988          ,1.8399999
0.0030759999100000005  ,1.8399999
0.00307999994          ,1.8399999
0.00308399973          ,1.8399999
0.00308799976          ,1.8399999
0.0030919997999999996  ,1.8399999
0.00309599983          ,1.8399999
0.0030999998600000005  ,1.8399999
0.00310399989          ,1.76
0.0031079999199999995  ,1.8399999
0.00311199995          ,1.76
0.00311599975          ,1.8399999
0.00311999978          ,1.8399999
0.0031239998100000004  ,1.76
0.00312799984          ,1.8399999
0.0031319998699999995  ,1.8399999
0.0031359999           ,1.76
0.0031399999300000003  ,1.8399999
0.0031439999600000003  ,1.8399999
0.0031479997600000003  ,1.8399999
0.00315199979          ,1.8399999
0.0031559998200000002  ,1.76
0.0031599998499999998  ,1.8399999
0.00316399988          ,1.8399999
0.00316799991          ,1.8399999
0.00317199994          ,1.8399999
0.0031759997399999997  ,1.8399999
0.00317999977          ,1.8399999
0.0031839997999999997  ,1.8399999
0.00318799983          ,1.8399999
0.0031919998600000005  ,1.76
0.00319599989          ,1.8399999
0.0031999999199999996  ,1.76
0.00320399995          ,1.76
0.0032079997499999996  ,1.76
0.00321199978          ,1.8399999
0.0032159998100000004  ,1.76
0.00321999984          ,1.76
0.0032239998699999995  ,1.8399999
0.0032279999           ,1.76
0.0032319999300000003  ,1.8399999
0.0032359999600000003  ,1.76
0.0032399997600000003  ,1.76
0.00324399979          ,1.76
0.0032479998200000003  ,1.76
0.00325199985          ,1.8399999
0.0032559998800000003  ,1.8399999
0.0032599999100000002  ,1.76
0.00326399994          ,1.76
0.00326799974          ,1.76
0.0032719997700000002  ,1.8399999
0.0032759997999999998  ,1.8399999
0.00327999983          ,1.8399999
0.00328399986          ,1.8399999
0.00328799989          ,1.76
0.0032919999199999997  ,1.76
0.00329599995          ,1.8399999
0.0032999997499999997  ,1.76
0.00330399978          ,1.8399999
0.0033079998100000005  ,1.8399999
0.00331199984          ,1.8399999
0.0033159998699999996  ,1.8399999
0.0033199999           ,1.8399999
0.00332399993          ,1.76
0.0033279999600000004  ,1.8399999
0.0033319997600000004  ,1.8399999
0.00333599979          ,1.8399999
0.0033399998200000004  ,1.8399999
0.00334399985          ,1.8399999
0.0033479998800000003  ,1.8399999
0.0033519999100000003  ,1.76
0.00335599994          ,1.76
0.00335999974          ,1.76
0.0033639997700000003  ,1.76
0.0033679998           ,1.8399999
0.0033719998299999994  ,1.76
0.0033759998600000002  ,1.8399999
0.00337999989          ,1.76
0.00338399992          ,1.8399999
0.00338799995          ,1.8399999
0.0033919997499999997  ,1.8399999
0.0033959997799999993  ,1.8399999
0.00339999981          ,1.76
0.00340399984          ,1.8399999
0.00340799987          ,1.76
0.0034119999           ,1.76
0.0034159999299999996  ,1.76
0.0034199999600000005  ,1.8399999
0.00342399976          ,1.76
0.00342799979          ,1.76
0.00343199982          ,1.76
0.00343599985          ,1.76
0.0034399998799999995  ,1.76
0.0034439999100000004  ,1.8399999
0.00344799994          ,1.76
0.00345199974          ,1.76
0.00345599977          ,1.8399999
0.0034599998           ,1.8399999
0.0034639998299999994  ,1.76
0.0034679998600000003  ,1.8399999
0.00347199989          ,1.76
0.0034759999299999998  ,1.8399999
0.0034799999600000006  ,1.76
0.00348399975          ,1.8399999
0.0034879997799999994  ,1.76
0.00349199981          ,1.76
0.00349599984          ,1.8399999
0.0034999998799999997  ,1.76
0.0035039999100000005  ,1.76
0.00350799994          ,1.8399999
0.00351199973          ,1.76
0.00351599976          ,1.76
0.00351999979          ,1.76
0.0035239998299999996  ,1.76
0.0035279998600000004  ,1.8399999
0.00353199989          ,1.76
0.0035359999200000004  ,1.76
0.00353999995          ,1.76
0.00354399974          ,1.76
0.0035479997799999995  ,1.76
0.0035519998100000004  ,1.76
0.00355599984          ,1.76
0.0035599998700000003  ,1.76
0.0035639999           ,1.76
0.0035679999299999994  ,1.8399999
0.0035719999600000002  ,1.76
0.0035759997600000003  ,1.76
0.00357999979          ,1.76
0.0035839998200000002  ,1.76
0.0035879998499999998  ,1.76
0.0035919998799999998  ,1.8399999
0.0035959999100000006  ,1.76
0.00359999994          ,1.76
0.0036039997399999997  ,1.76
0.00360799977          ,1.76
0.0036119997999999997  ,1.76
0.0036159998299999997  ,1.76
0.0036199998600000005  ,1.76
0.00362399989          ,1.76
0.0036279999200000005  ,1.8399999
0.00363199995          ,1.76
0.0036359997499999996  ,1.76
0.0036399997799999996  ,1.8399999
0.0036439998100000004  ,1.76
0.00364799984          ,1.8399999
0.0036519998700000004  ,1.76
0.0036559999           ,1.76
0.0036599999299999995  ,1.76
0.0036639999600000003  ,1.76
0.0036679997600000003  ,1.76
0.00367199979          ,1.8399999
0.0036759998200000003  ,1.8399999
0.00367999985          ,1.8399999
0.0036839998799999994  ,1.8399999
0.0036879999100000002  ,1.76
0.00369199994          ,1.8399999
0.00369599974          ,1.76
0.00369999977          ,1.8399999
0.0037039997999999998  ,1.8399999
0.0037079998299999993  ,1.76
0.00371199986          ,1.76
0.00371599989          ,1.8399999
0.00371999992          ,1.76
0.00372399995          ,1.8399999
0.0037279997499999997  ,1.76
0.0037319997799999997  ,1.76
0.0037359998100000005  ,1.76
0.00373999984          ,1.76
0.00374399987          ,1.76
0.0037479999           ,1.76
0.0037519999299999995  ,1.8399999
0.0037559999600000004  ,1.76
0.0037599997600000004  ,1.76
0.00376399979          ,1.76
0.0037679998200000004  ,1.76
0.00377199985          ,1.76
0.0037759998799999995  ,1.76
0.0037799999100000003  ,1.76
0.0037839999400000003  ,1.76
0.00378799974          ,1.76
0.0037919997700000003  ,1.76
0.0037959998           ,1.76
0.0037999998299999994  ,1.6799999
0.00380399986          ,1.76
0.00380799989          ,1.76
0.00381199992          ,1.76
0.00381599995          ,1.76
0.0038199997499999997  ,1.76
0.0038239997799999993  ,1.76
0.00382799981          ,1.76
0.00383199984          ,1.76
0.00383599987          ,1.76
0.0038399999           ,1.76
0.0038439999299999996  ,1.76
0.0038479999600000005  ,1.76
0.00385199976          ,1.6799999
0.00385599979          ,1.76
0.00385999982          ,1.76
0.00386399985          ,1.76
0.0038679998799999995  ,1.76
0.0038719999100000004  ,1.76
0.00387599994          ,1.76
0.00387999974          ,1.76
0.0038839997700000004  ,1.76
0.0038879998           ,1.76
0.0038919998299999994  ,1.76
0.0038959998600000003  ,1.76
0.00389999989          ,1.76
0.0039039999200000002  ,1.76
0.00390799996          ,1.76
0.00391199999          ,1.76
0.00391600002          ,1.76
0.00392000005          ,1.6799999
0.00392400008          ,1.76
0.00392799964          ,1.76
0.00393199967          ,1.76
0.0039359997           ,1.76
0.00393999973          ,1.76
0.0039439997600000005  ,1.76
0.00394799979          ,1.76
0.0039519998200000005  ,1.76
0.00395599985          ,1.76
0.00395999989          ,1.76
0.00396399992          ,1.76
0.00396799995          ,1.76
0.00397199998          ,1.76
0.0039760000099999995  ,1.76
0.00398000004          ,1.76
0.00398400007          ,1.76
0.00398799963          ,1.76
0.00399199966          ,1.76
0.00399599969          ,1.76
0.00399999972          ,1.76
0.00400399975          ,1.8399999
0.00400799979          ,1.76
0.00401199982          ,1.76
0.00401599985          ,1.76
0.00401999988          ,1.76
0.00402399991          ,1.76
0.00402799994          ,1.76
0.00403199997          ,1.76
0.004036               ,1.76
0.00404000003          ,1.76
0.00404400006          ,1.76
0.00404799962          ,1.76
0.004051999650000001   ,1.76
0.00405599969          ,1.76
0.0040599997200000005  ,1.76
0.00406399975          ,1.76
0.00406799978          ,1.76
0.00407199981          ,1.76
0.0040759998399999995  ,1.76
0.00407999987          ,1.76
0.0040839998999999995  ,1.76
0.00408799993          ,1.76
0.00409199996          ,1.6799999
0.00409599999          ,1.76
0.00410000002          ,1.76
0.00410400005          ,1.76
0.00410799962          ,1.76
0.00411199965          ,1.76
0.00411599968          ,1.76
0.00411999971          ,1.76
0.00412399974          ,1.76
0.00412799977          ,1.76
0.0041319998           ,1.76
0.00413599983          ,1.76
0.00413999986          ,1.76
0.00414399989          ,1.76
0.00414799992          ,1.76
0.00415199995          ,1.76
0.00415599998          ,1.76
0.00416000001          ,1.76
0.004164000039999999   ,1.76
0.00416800007          ,1.76
0.00417199964          ,1.76
0.00417599967          ,1.76
0.0041799997           ,1.76
0.0041839997299999996  ,1.76
0.00418799976          ,1.6799999
0.0041919997899999995  ,1.6799999
0.00419599982          ,1.76
0.0041999998499999995  ,1.76
0.00420399988          ,1.76
0.00420799991          ,1.76
0.00421199994          ,1.76
0.00421599997          ,1.76
0.00422                ,1.76
0.004224000029999999   ,1.76
0.00422800006          ,1.76
0.00423199963          ,1.76
0.00423599966          ,1.76
0.00423999969          ,1.76
0.00424399972          ,1.76
0.00424799975          ,1.76
0.00425199978          ,1.6799999
0.00425599981          ,1.76
0.00425999984          ,1.76
0.00426399987          ,1.76
0.0042679999           ,1.76
0.004271999929999999   ,1.76
0.0042759999600000004  ,1.76
0.00427999999          ,1.76
0.00428400002          ,1.76
0.00428800005          ,1.76
0.0042919996200000005  ,1.76
0.00429599965          ,1.76
0.0042999996799999995  ,1.76
0.00430399971          ,1.76
0.0043079997399999995  ,1.6799999
0.00431199977          ,1.6799999
0.0043159997999999995  ,1.76
0.00431999983          ,1.76
0.00432399986          ,1.6799999
0.00432799989          ,1.6799999
0.00433199992          ,1.76
0.00433599995          ,1.76
0.004339999979999999   ,1.76
0.0043440000200000006  ,1.76
0.00434800005          ,1.76
0.00435200008          ,1.76
0.00435599964          ,1.76
0.00435999967          ,1.76
0.004363999699999999   ,1.76
0.00436799973          ,1.76
0.00437199976          ,1.76
0.00437599979          ,1.76
0.00437999982          ,1.6799999
0.00438399985          ,1.76
0.004387999879999999   ,1.76
0.00439199992          ,1.76
0.00439599995          ,1.76
0.0043999999799999995  ,1.76
0.00440400001          ,1.76
0.004408000039999999   ,1.76
0.004412000070000001   ,1.76
0.0044159996299999995  ,1.76
0.00441999966          ,1.76
0.0044239996899999995  ,1.76
0.00442799972          ,1.76
0.0044319997499999994  ,1.6799999
0.00443599978          ,1.76
0.00443999982          ,1.76
0.00444399985          ,1.76
0.004447999879999999   ,1.76
0.004451999910000001   ,1.6799999
0.00445599994          ,1.76
0.0044599999700000005  ,1.76
0.004464               ,1.6799999
0.00446800003          ,1.6799999
0.00447200006          ,1.6799999
0.004475999620000001   ,1.6799999
0.00447999965          ,1.6799999
0.00448399968          ,1.6799999
0.00448799971          ,1.76
0.00449199975          ,1.76
0.004495999779999999   ,1.6799999
0.00449999981          ,1.6799999
0.00450399984          ,1.76
0.00450799987          ,1.6799999
0.0045119999           ,1.76
0.0045159999299999995  ,1.76
0.004519999960000001   ,1.6799999
0.00452399999          ,1.76
0.004528000020000001   ,1.6799999
0.00453200005          ,1.6799999
0.00453599961          ,1.6799999
0.00453999965          ,1.76
0.00454399968          ,1.6799999
0.00454799971          ,1.6799999
0.00455199974          ,1.76
0.00455599977          ,1.6799999
0.0045599998           ,1.6799999
0.004563999829999999   ,1.6799999
0.004567999860000001   ,1.6799999
0.00457199989          ,1.6799999
0.0045759999200000005  ,1.6799999
0.00457999995          ,1.6799999
0.00458399998          ,1.6799999
0.00458800001          ,1.6799999
0.00459200004          ,1.6799999
0.004596000070000001   ,1.76
0.00459999964          ,1.6799999
0.00460399967          ,1.76
0.0046079997           ,1.76
0.00461199973          ,1.6799999
0.00461599976          ,1.6799999
0.00461999979          ,1.6799999
0.00462399982          ,1.6799999
0.00462799985          ,1.6799999
0.0046319998799999994  ,1.6799999
0.004635999910000001   ,1.76
0.00463999994          ,1.76
0.004643999970000001   ,1.6799999
0.004648               ,1.6799999
0.00465200003          ,1.6799999
0.00465600006          ,1.6799999
0.00465999963          ,1.6799999
0.00466399966          ,1.6799999
0.00466799969          ,1.6799999
0.00467199972          ,1.6799999
0.00467599975          ,1.6799999
0.004679999779999999   ,1.6799999
0.0046839998100000006  ,1.6799999
0.00468799984          ,1.6799999
0.0046919998700000005  ,1.6799999
0.0046959999           ,1.6799999
0.00469999993          ,1.6799999
0.00470399996          ,1.6799999
0.00470799999          ,1.6799999
0.00471200002          ,1.6799999
0.00471600005          ,1.6799999
0.004719999620000001   ,1.6799999
0.00472399965          ,1.6799999
0.00472799968          ,1.6799999
0.00473199971          ,1.6799999
0.00473599974          ,1.6799999
0.00473999977          ,1.6799999
0.0047439998           ,1.6799999
0.004747999829999999   ,1.6799999
0.004751999860000001   ,1.6799999
0.00475599989          ,1.6799999
0.004759999920000001   ,1.6799999
0.00476399995          ,1.6799999
0.00476799998          ,1.6799999
0.00477200001          ,1.6799999
0.00477600005          ,1.6799999
0.00478000008          ,1.6799999
0.00478399964          ,1.6799999
0.00478799967          ,1.6799999
0.0047919997           ,1.6799999
0.00479599973          ,1.6799999
0.0047999997600000005  ,1.6799999
0.00480399979          ,1.6799999
0.0048079998200000005  ,1.6799999
0.00481199985          ,1.6799999
0.00481599988          ,1.6799999
0.00481999991          ,1.76
0.00482399995          ,1.6799999
0.00482799998          ,1.6799999
0.00483200001          ,1.6799999
0.00483600004          ,1.6799999
0.00484000007          ,1.6799999
0.00484399963          ,1.6799999
0.00484799966          ,1.6799999
0.00485199969          ,1.6799999
0.00485599972          ,1.6799999
0.00485999975          ,1.6799999
0.004863999779999999   ,1.6799999
0.004867999810000001   ,1.6799999
0.00487199984          ,1.6799999
0.00487599988          ,1.6799999
0.00487999991          ,1.6799999
0.00488399994          ,1.6799999
0.00488799997          ,1.6799999
0.004892               ,1.6799999
0.00489600003          ,1.6799999
0.00490000006          ,1.6799999
0.00490399962          ,1.6799999
0.004907999650000001   ,1.6799999
0.00491199968          ,1.6799999
0.0049159997100000005  ,1.6799999
0.00491999974          ,1.6799999
0.00492399978          ,1.6799999
0.00492799981          ,1.6799999
0.00493199984          ,1.6799999
0.00493599987          ,1.6799999
0.0049399998999999995  ,1.6799999
0.00494399993          ,1.6799999
0.00494799996          ,1.6799999
0.00495199999          ,1.6799999
0.00495600002          ,1.6799999
0.00496000005          ,1.6799999
0.00496399961          ,1.6799999
0.00496799964          ,1.6799999
0.00497199968          ,1.6799999
0.00497599971          ,1.6799999
0.00497999974          ,1.6799999
0.00498399977          ,1.6799999
0.0049879998           ,1.6799999
0.00499199983          ,1.6799999
0.00499599986          ,1.76
0.00499999989          ,1.76
0.00500399992          ,1.6799999
0.00500799995          ,1.6799999
0.00501199998          ,1.6799999
0.00501600001          ,1.6799999
0.00502000004          ,1.6799999
0.00502400007          ,1.6799999
0.00502799964          ,1.6799999
0.0050319996700000005  ,1.6799999
0.0050359997           ,1.6799999
0.0050399997299999996  ,1.76
0.00504399976          ,1.76
0.0050479997899999995  ,1.6799999
0.00505199982          ,1.76
0.0050559998499999995  ,1.6799999
0.00505999988          ,1.6799999
0.00506399991          ,1.6799999
0.00506799994          ,1.76
0.00507199997          ,1.76
0.005076               ,1.6799999
0.005080000029999999   ,1.76
0.00508400006          ,1.6799999
0.00508799963          ,1.76
0.00509199966          ,1.6799999
0.00509599969          ,1.6799999
0.00509999972          ,1.6799999
0.00510399975          ,1.6799999
0.00510799978          ,1.76
0.00511199981          ,1.6799999
0.00511599984          ,1.6799999
0.00511999987          ,1.6799999
0.0051239999           ,1.6799999
0.005127999929999999   ,1.6799999
0.0051319999600000004  ,1.6799999
0.00513599999          ,1.6799999
0.00514000002          ,1.6799999
0.00514400005          ,1.6799999
0.0051479996200000004  ,1.6799999
0.00515199965          ,1.76
0.0051559996799999995  ,1.6799999
0.00515999971          ,1.76
0.0051639997399999995  ,1.76
0.00516799977          ,1.6799999
0.0051719997999999994  ,1.76
0.00517599983          ,1.76
0.00517999986          ,1.6799999
0.00518399989          ,1.6799999
0.00518799992          ,1.6799999
0.00519199995          ,1.6799999
0.005195999979999999   ,1.6799999
0.00520000001          ,1.6799999
0.005204000039999999   ,1.76
0.00520800008          ,1.6799999
0.00521199964          ,1.6799999
0.00521599967          ,1.6799999
0.0052199997           ,1.6799999
0.00522399973          ,1.6799999
0.00522799976          ,1.6799999
0.00523199979          ,1.76
0.00523599982          ,1.6799999
0.00523999985          ,1.76
0.00524399988          ,1.76
0.00524799991          ,1.6799999
0.005251999939999999   ,1.6799999
0.0052559999699999995  ,1.76
0.005260000010000001   ,1.76
0.005264000039999999   ,1.76
0.00526800007          ,1.76
0.0052719996299999995  ,1.6799999
0.00527599966          ,1.76
0.00527999969          ,1.76
0.005283999720000001   ,1.76
0.005287999749999999   ,1.76
0.00529199978          ,1.76
0.00529599981          ,1.76
0.00529999984          ,1.76
0.005303999870000001   ,1.76
0.005307999910000001   ,1.76
0.005311999939999999   ,1.76
0.00531599997          ,1.76
0.00532                ,1.76
0.0053240000300000005  ,1.76
0.005328000060000001   ,1.76
0.005331999620000001   ,1.76
0.005335999649999999   ,1.76
0.00533999968          ,1.76
0.00534399971          ,1.76
0.00534799974          ,1.76
0.005351999770000001   ,1.76
0.00535599981          ,1.76
0.005359999839999999   ,1.76
0.005363999870000001   ,1.76
0.0053679999           ,1.76
0.00537199993          ,1.76
0.005375999960000001   ,1.6799999
0.005379999989999999   ,1.76
0.00538400002          ,1.76
0.00538800005          ,1.76
0.00539199961          ,1.76
0.00539599964          ,1.6799999
0.005399999670000001   ,1.76
0.005403999699999999   ,1.76
0.005407999739999999   ,1.76
0.005411999770000001   ,1.76
0.0054159998           ,1.76
0.00541999983          ,1.76
0.0054239998600000006  ,1.76
0.005427999889999999   ,1.76
0.0054319999200000005  ,1.76
0.00543599995          ,1.76
0.0054399999800000005  ,1.76
0.005444000010000001   ,1.76
0.0054480000399999996  ,1.76
0.00545200007          ,1.76
0.0054559996400000005  ,1.76
0.005459999670000001   ,1.76
0.0054639997           ,1.76
0.00546799973          ,1.76
0.00547199976          ,1.76
0.005475999789999999   ,1.76
0.00547999982          ,1.76
0.00548399985          ,1.76
0.00548799988          ,1.76
0.005491999910000001   ,1.6799999
0.005495999939999999   ,1.76
0.00549999997          ,1.76
0.005504               ,1.6799999
0.005508000030000001   ,1.76
0.00551200006          ,1.76
0.00551599963          ,1.76
0.00551999966          ,1.76
0.005523999690000001   ,1.76
0.005527999720000001   ,1.76
0.00553199975          ,1.6799999
0.00553599978          ,1.76
0.0055399998100000005  ,1.76
0.005543999839999999   ,1.76
0.0055479998700000005  ,1.76
0.0055519999           ,1.76
0.0055559999300000005  ,1.76
0.00555999996          ,1.76
0.0055639999899999995  ,1.76
0.00556800002          ,1.76
0.00557200005          ,1.76
0.005575999620000001   ,1.76
0.0055799996499999996  ,1.76
0.00558399968          ,1.76
0.00558799971          ,1.76
0.005591999739999999   ,1.76
0.00559599977          ,1.76
0.0055999998           ,1.76
0.00560399983          ,1.76
0.005607999860000001   ,1.76
0.005611999889999999   ,1.76
0.005615999920000001   ,1.76
0.00561999995          ,1.76
0.005623999980000001   ,1.76
0.00562800001          ,1.76
0.00563200004          ,1.76
0.00563600007          ,1.76
0.005639999640000001   ,1.76
0.005643999670000001   ,1.76
0.0056479997           ,1.76
0.00565199973          ,1.76
0.0056559997600000005  ,1.76
0.005659999789999999   ,1.76
0.0056639998200000005  ,1.76
0.00566799985          ,1.76
0.0056719998800000004  ,1.6799999
0.00567599991          ,1.76
0.0056799999399999995  ,1.76
0.00568399997          ,1.76
0.005688               ,1.6799999
0.00569200004          ,1.76
0.00569600007          ,1.6799999
0.00569999963          ,1.76
0.00570399966          ,1.76
0.005707999690000001   ,1.76
0.00571199972          ,1.76
0.00571599975          ,1.76
0.00571999978          ,1.76
0.005723999810000001   ,1.76
0.005727999839999999   ,1.76
0.005731999870000001   ,1.76
0.0057359999           ,1.6799999
0.00573999994          ,1.76
0.00574399997          ,1.76
0.005748               ,1.76
0.00575200003          ,1.76
0.0057560000600000005  ,1.76
0.00575999962          ,1.76
0.00576399965          ,1.76
0.00576799968          ,1.76
0.0057719997100000005  ,1.76
0.005775999739999999   ,1.76
0.0057799997700000005  ,1.76
0.0057839998           ,1.76
0.00578799983          ,1.76
0.005791999870000001   ,1.76
0.0057959999           ,1.76
0.00579999993          ,1.76
0.00580399996          ,1.76
0.00580799999          ,1.6799999
0.005812000019999999   ,1.76
0.00581600005          ,1.76
0.00581999961          ,1.6799999
0.005823999640000001   ,1.76
0.00582799967          ,1.76
0.0058319997           ,1.6799999
0.00583599973          ,1.76
0.005839999770000001   ,1.76
0.0058439998           ,1.76
0.00584799983          ,1.76
0.00585199986          ,1.6799999
0.00585599989          ,1.76
0.005859999920000001   ,1.76
0.00586399995          ,1.76
0.00586799998          ,1.76
0.0058720000100000004  ,1.6799999
0.00587600004          ,1.76
0.0058800000699999995  ,1.76
0.00588399963          ,1.6799999
0.0058879996600000005  ,1.6799999
0.0058919997           ,1.76
0.00589599973          ,1.6799999
0.00589999976          ,1.76
0.0059039997899999995  ,1.76
0.005907999820000001   ,1.76
0.0059119998499999995  ,1.6799999
0.00591599988          ,1.76
0.00591999991          ,1.76
0.00592399994          ,1.76
0.005927999969999999   ,1.6799999
0.005932               ,1.76
0.00593600003          ,1.76
0.005940000060000001   ,1.6799999
0.00594399963          ,1.76
0.00594799966          ,1.76
0.00595199969          ,1.6799999
0.005955999720000001   ,1.76
0.00595999975          ,1.76
0.00596399978          ,1.6799999
0.00596799981          ,1.6799999
0.00597199984          ,1.76
0.005975999870000001   ,1.76
0.0059799999           ,1.6799999
0.00598399993          ,1.76
0.00598799996          ,1.6799999
0.005991999989999999   ,1.6799999
0.0059960000199999995  ,1.76
0.00600000005          ,1.76
0.0060039996200000004  ,1.6799999
0.00600799965          ,1.76
0.0060119996799999995  ,1.6799999
0.00601599971          ,1.6799999
0.0060199997399999995  ,1.76
0.006023999770000001   ,1.6799999
0.0060279997999999994  ,1.76
0.00603199983          ,1.6799999
0.00603599986          ,1.76
0.00603999989          ,1.6799999
0.006043999920000001   ,1.6799999
0.00604799995          ,1.6799999
0.00605199998          ,1.6799999
0.006056000010000001   ,1.6799999
0.006060000039999999   ,1.76
0.00606400007          ,1.6799999
0.00606799964          ,1.6799999
0.006071999670000001   ,1.6799999
0.0060759997           ,1.76
0.00607999973          ,1.6799999
0.00608399976          ,1.6799999
0.00608799979          ,1.6799999
0.006091999820000001   ,1.76
0.00609599985          ,1.6799999
0.00609999988          ,1.6799999
0.00610399991          ,1.6799999
0.006107999939999999   ,1.6799999
0.0061119999699999995  ,1.6799999
0.006116               ,1.6799999
0.00612000003          ,1.6799999
0.00612400007          ,1.6799999
0.0061279996299999995  ,1.6799999
0.00613199966          ,1.6799999
0.00613599969          ,1.6799999
0.006139999720000001   ,1.6799999
0.006143999749999999   ,1.76
0.00614799978          ,1.6799999
0.00615199981          ,1.6799999
0.00615599984          ,1.6799999
0.006159999870000001   ,1.6799999
0.0061639999           ,1.6799999
0.00616799993          ,1.6799999
0.0061719999600000006  ,1.6799999
0.006176               ,1.6799999
0.0061800000300000005  ,1.6799999
0.006184000060000001   ,1.6799999
0.006187999620000001   ,1.6799999
0.006191999649999999   ,1.6799999
0.00619599968          ,1.6799999
0.00619999971          ,1.6799999
0.00620399974          ,1.6799999
0.006207999770000001   ,1.6799999
0.0062119998           ,1.6799999
0.00621599983          ,1.6799999
0.00621999986          ,1.6799999
0.0062239999           ,1.6799999
0.00622799993          ,1.6799999
0.006231999960000001   ,1.6799999
0.006235999989999999   ,1.76
0.00624000002          ,1.6799999
0.00624400005          ,1.6799999
0.00624799961          ,1.6799999
0.00625199964          ,1.6799999
0.006255999670000001   ,1.6799999
0.006259999699999999   ,1.76
0.00626399973          ,1.6799999
0.00626799976          ,1.6799999
0.00627199979          ,1.6799999
0.00627599983          ,1.76
0.0062799998600000006  ,1.6799999
0.006283999889999999   ,1.6799999
0.0062879999200000005  ,1.6799999
0.00629199995          ,1.6799999
0.0062959999800000005  ,1.6799999
0.006300000010000001   ,1.6799999
0.0063040000399999995  ,1.6799999
0.00630800007          ,1.76
0.00631199963          ,1.6799999
0.00631599966          ,1.6799999
0.0063199996900000005  ,1.6799999
0.00632399973          ,1.6799999
0.00632799976          ,1.6799999
0.006331999789999999   ,1.6799999
0.00633599982          ,1.6799999
0.00633999985          ,1.6799999
0.00634399988          ,1.6799999
0.006347999910000001   ,1.76
0.006351999939999999   ,1.6799999
0.00635599997          ,1.6799999
0.00636                ,1.76
0.006364000030000001   ,1.6799999
0.00636800006          ,1.6799999
0.00637199963          ,1.76
0.00637599966          ,1.6799999
0.006379999690000001   ,1.6799999
0.006383999720000001   ,1.6799999
0.00638799975          ,1.6799999
0.00639199978          ,1.6799999
0.0063959998100000005  ,1.76
0.006399999839999999   ,1.6799999
0.0064039998700000005  ,1.6799999
0.0064079999           ,1.6799999
0.0064119999300000004  ,1.76
0.006415999960000001   ,1.76
0.0064199999899999995  ,1.6799999
0.00642400002          ,1.76
0.00642800005          ,1.6799999
0.006431999620000001   ,1.6799999
0.0064359996499999995  ,1.6799999
0.00643999968          ,1.6799999
0.00644399971          ,1.6799999
0.006447999739999999   ,1.6799999
0.00645199977          ,1.6799999
0.0064559998           ,1.6799999
0.00645999983          ,1.6799999
0.006463999860000001   ,1.6799999
0.006467999889999999   ,1.6799999
0.006471999920000001   ,1.6799999
0.00647599995          ,1.6799999
0.006479999980000001   ,1.6799999
0.00648400001          ,1.6799999
0.00648800004          ,1.6799999
0.00649200007          ,1.6799999
0.006495999640000001   ,1.6799999
0.006499999670000001   ,1.76
0.0065039997           ,1.6799999
0.00650799973          ,1.6799999
0.0065119997600000005  ,1.76
0.006515999789999999   ,1.76
0.0065199998200000005  ,1.6799999
0.00652399985          ,1.6799999
0.00652799988          ,1.6799999
0.00653199991          ,1.76
0.0065359999399999995  ,1.6799999
0.00653999997          ,1.6799999
0.006544               ,1.6799999
0.00654800003          ,1.6799999
0.00655200006          ,1.76
0.00655599963          ,1.6799999
0.00655999966          ,1.6799999
0.006563999690000001   ,1.6799999
0.00656799972          ,1.6799999
0.00657199975          ,1.76
0.00657599978          ,1.76
0.006579999810000001   ,1.76
0.006583999839999999   ,1.6799999
0.006587999870000001   ,1.6799999
0.0065919999           ,1.6799999
0.006595999930000001   ,1.6799999
0.00659999996          ,1.76
0.00660399999          ,1.6799999
0.00660800003          ,1.6799999
0.0066120000600000004  ,1.6799999
0.006615999620000001   ,1.6799999
0.00661999965          ,1.6799999
0.00662399968          ,1.6799999
0.0066279997100000005  ,1.6799999
0.006631999739999999   ,1.6799999
0.0066359997700000005  ,1.6799999
0.0066399998           ,1.6799999
0.00664399983          ,1.6799999
0.00664799986          ,1.6799999
0.0066519998899999995  ,1.76
0.006655999920000001   ,1.6799999
0.00665999996          ,1.6799999
0.00666399999          ,1.6799999
0.006668000019999999   ,1.6799999
0.00667200005          ,1.76
0.00667599961          ,1.6799999
