-0.0018800001000000002 ,0.800000011921
-0.0018760001          ,0.800000011921
-0.0018720001999999998 ,0.800000011921
-0.0018680001000000001 ,0.800000011921
-0.0018640001          ,0.800000011921
-0.0018600001000000001 ,0.800000011921
-0.0018560001999999999 ,0.800000011921
-0.0018520001000000002 ,0.800000011921
-0.0018480001          ,0.800000011921
-0.0018440001000000002 ,0.800000011921
-0.0018400002          ,0.800000011921
-0.0018360001          ,0.800000011921
-0.0018320001000000001 ,0.800000011921
-0.0018280001          ,0.800000011921
-0.0018240002          ,0.800000011921
-0.0018200001          ,0.800000011921
-0.0018160001000000002 ,1.2
-0.0018120001          ,0.800000011921
-0.0018080001000000002 ,0.800000011921
-0.0018040001          ,0.800000011921
-0.0018000001          ,0.800000011921
-0.0017960001          ,0.800000011921
-0.0017920001          ,0.800000011921
-0.0017880001000000001 ,0.800000011921
-0.0017840001          ,0.800000011921
-0.0017800002          ,0.800000011921
-0.0017760001          ,0.800000011921
-0.0017720001000000002 ,0.800000011921
-0.0017680001          ,0.800000011921
-0.0017640001999999998 ,0.800000011921
-0.0017600001          ,0.800000011921
-0.0017560001          ,0.800000011921
-0.0017520001000000001 ,0.800000011921
-0.0017480001999999998 ,0.800000011921
-0.0017440001000000001 ,0.800000011921
-0.0017400001          ,0.800000011921
-0.0017360001000000002 ,0.800000011921
-0.0017320001          ,0.800000011921
-0.0017280001000000002 ,0.800000011921
-0.0017240001          ,0.800000011921
-0.0017200001          ,0.800000011921
-0.0017160001000000001 ,0.800000011921
-0.0017120001          ,0.800000011921
-0.0017080001000000001 ,0.800000011921
-0.0017040001999999999 ,0.800000011921
-0.0017000001000000002 ,0.800000011921
-0.0016960001          ,0.800000011921
-0.0016920001000000002 ,0.800000011921
-0.0016880002          ,0.800000011921
-0.0016840001000000002 ,0.800000011921
-0.0016800001          ,0.800000011921
-0.0016760001          ,0.800000011921
-0.0016720002          ,0.800000011921
-0.0016680001          ,0.800000011921
-0.0016640001000000001 ,0.800000011921
-0.0016600001          ,0.800000011921
-0.0016560002          ,0.800000011921
-0.0016520001          ,0.800000011921
-0.0016480001000000002 ,0.800000011921
-0.0016440001          ,0.800000011921
-0.0016400001          ,0.800000011921
-0.0016360001000000001 ,0.800000011921
-0.0016320001          ,0.800000011921
-0.0016280001000000001 ,0.800000011921
-0.0016240001          ,0.800000011921
-0.0016200001000000002 ,0.800000011921
-0.0016160001          ,0.800000011921
-0.0016120002          ,0.800000011921
-0.0016080001          ,0.800000011921
-0.0016040001          ,0.800000011921
-0.0016000001000000001 ,0.800000011921
-0.0015960001999999998 ,0.800000011921
-0.0015920001000000001 ,0.800000011921
-0.0015880001          ,0.800000011921
-0.0015840001000000002 ,0.800000011921
-0.0015800001999999999 ,0.800000011921
-0.0015760001000000002 ,0.800000011921
-0.0015720001          ,0.800000011921
-0.0015680001000000002 ,0.800000011921
-0.0015640002          ,0.800000011921
-0.0015600001          ,0.800000011921
-0.0015560001000000001 ,0.800000011921
-0.0015520001          ,0.800000011921
-0.0015480001000000001 ,0.800000011921
-0.0015440001          ,0.800000011921
-0.0015400001000000002 ,0.800000011921
-0.0015360001999999999 ,0.800000011921
-0.0015320001000000002 ,0.800000011921
-0.0015280001          ,0.800000011921
-0.0015240001          ,0.800000011921
-0.0015200002          ,0.800000011921
-0.0015160001          ,0.800000011921
-0.0015120001000000001 ,0.800000011921
-0.0015080001          ,0.800000011921
-0.0015040002          ,0.800000011921
-0.0015000001          ,0.800000011921
-0.0014960001000000002 ,0.800000011921
-0.0014920001          ,0.800000011921
-0.0014880001999999998 ,0.800000011921
-0.0014840001000000001 ,0.800000011921
-0.0014800001          ,0.800000011921
-0.0014760001000000001 ,0.800000011921
-0.0014720001          ,0.800000011921
-0.0014680001000000002 ,0.800000011921
-0.0014640001          ,0.800000011921
-0.0014600001000000002 ,0.800000011921
-0.0014560001          ,0.800000011921
-0.0014520001000000002 ,0.800000011921
-0.0014480001          ,0.800000011921
-0.0014440001999999998 ,0.800000011921
-0.0014400001000000001 ,0.800000011921
-0.0014360001          ,0.800000011921
-0.0014320001000000001 ,0.800000011921
-0.0014280001999999999 ,0.800000011921
-0.0014240001000000002 ,0.800000011921
-0.0014200001          ,0.800000011921
-0.0014160001000000002 ,0.800000011921
-0.0014120002          ,0.800000011921
-0.0014080001          ,0.800000011921
-0.0014040001000000001 ,0.800000011921
-0.0014000001          ,0.800000011921
-0.0013960002          ,0.800000011921
-0.0013920001          ,0.800000011921
-0.0013880001000000002 ,0.800000011921
-0.0013840001          ,0.800000011921
-0.0013800001000000002 ,1.2
-0.0013760001          ,1.2
-0.0013720001          ,0.800000011921
-0.0013680002          ,0.800000011921
-0.0013640001          ,0.800000011921
-0.0013600001000000001 ,0.800000011921
-0.0013560001          ,0.40000000596
-0.0013520002          ,0.800000011921
-0.0013480001          ,0.800000011921
-0.0013440001000000002 ,0.800000011921
-0.0013400001          ,0.800000011921
-0.0013360001999999998 ,0.800000011921
-0.0013320001          ,0.800000011921
-0.0013280001          ,0.800000011921
-0.0013240001000000001 ,0.800000011921
-0.0013200001999999998 ,0.800000011921
-0.0013160001000000001 ,0.800000011921
-0.0013120001          ,0.800000011921
-0.0013080001          ,0.800000011921
-0.0013040002          ,0.800000011921
-0.0013000001          ,0.800000011921
-0.0012960000999999999 ,0.800000011921
-0.0012920001          ,0.800000011921
-0.0012880001          ,0.800000011921
-0.0012840001          ,0.800000011921
-0.0012800001          ,0.800000011921
-0.0012760002          ,0.800000011921
-0.0012720001          ,0.800000011921
-0.0012680000999999998 ,0.800000011921
-0.0012640001          ,0.800000011921
-0.0012600002000000001 ,0.800000011921
-0.0012560001          ,0.800000011921
-0.0012520001          ,0.800000011921
-0.0012480001          ,0.800000011921
-0.0012440002          ,0.800000011921
-0.0012400001          ,0.800000011921
-0.0012360001          ,0.800000011921
-0.0012320000999999998 ,0.800000011921
-0.0012280002          ,0.800000011921
-0.0012240000999999999 ,0.800000011921
-0.0012200001          ,0.800000011921
-0.0012160000999999999 ,0.800000011921
-0.0012120001          ,0.800000011921
-0.0012080001          ,0.800000011921
-0.0012040001          ,0.800000011921
-0.0012000001          ,0.800000011921
-0.0011960001          ,0.800000011921
-0.0011920001          ,0.800000011921
-0.0011880000999999999 ,0.800000011921
-0.0011840002          ,0.800000011921
-0.0011800000999999999 ,0.800000011921
-0.0011760001          ,0.800000011921
-0.0011720001          ,0.800000011921
-0.0011680002          ,0.800000011921
-0.0011640001          ,0.800000011921
-0.0011600001          ,0.800000011921
-0.0011560001          ,0.800000011921
-0.0011520002          ,0.800000011921
-0.0011480001          ,0.800000011921
-0.0011440000999999999 ,0.800000011921
-0.0011400001          ,0.800000011921
-0.0011360002000000001 ,0.800000011921
-0.0011320001          ,0.800000011921
-0.0011280001          ,0.800000011921
-0.0011240001          ,0.800000011921
-0.0011200001          ,0.800000011921
-0.0011160001          ,0.800000011921
-0.0011120001          ,0.800000011921
-0.0011080002000000001 ,0.800000011921
-0.0011040001          ,0.800000011921
-0.0011000000999999999 ,0.800000011921
-0.0010960001          ,0.800000011921
-0.0010920002          ,0.800000011921
-0.0010880001          ,0.800000011921
-0.0010840001          ,0.800000011921
-0.0010800001          ,0.800000011921
-0.0010760002          ,0.800000011921
-0.0010720000999999999 ,0.800000011921
-0.0010680001          ,0.800000011921
-0.0010640000999999999 ,0.800000011921
-0.0010600002          ,0.800000011921
-0.0010560001          ,0.800000011921
-0.0010520001          ,0.800000011921
-0.0010480001          ,0.800000011921
-0.0010440001          ,0.800000011921
-0.0010400001          ,0.800000011921
-0.0010360000999999998 ,0.800000011921
-0.0010320001          ,0.800000011921
-0.0010280000999999999 ,0.800000011921
-0.0010240001          ,0.800000011921
-0.0010200000999999999 ,0.800000011921
-0.0010160002          ,0.800000011921
-0.0010120001          ,0.800000011921
-0.0010080001          ,0.800000011921
-0.0010040001          ,0.800000011921
-0.0010000002          ,0.800000011921
-0.000996000133        ,0.800000011921
-0.0009920001029999998 ,0.800000011921
-0.0009880000729999999 ,0.800000011921
-0.0009840001579999999 ,0.800000011921
-0.0009800001279999999 ,0.800000011921
-0.000976000098        ,0.800000011921
-0.0009720001249999999 ,0.800000011921
-0.000968000095        ,0.800000011921
-0.0009640001230000001 ,0.800000011921
-0.000960000092        ,0.800000011921
-0.00095600012         ,0.800000011921
-0.000952000089        ,0.800000011921
-0.000948000117        ,0.800000011921
-0.000944000087        ,0.800000011921
-0.0009400001140000001 ,0.800000011921
-0.0009360001420000001 ,0.800000011921
-0.000932000112        ,0.800000011921
-0.00092800014         ,0.800000011921
-0.0009240001089999999 ,0.800000011921
-0.0009200001369999999 ,0.800000011921
-0.0009160001059999999 ,0.800000011921
-0.000912000134        ,0.800000011921
-0.000908000104        ,0.800000011921
-0.000904000131        ,0.800000011921
-0.000900000101        ,0.800000011921
-0.000896000129        ,0.800000011921
-0.000892000098        ,0.800000011921
-0.000888000126        ,0.800000011921
-0.0008840000960000001 ,0.800000011921
-0.000880000123        ,0.800000011921
-0.0008760000930000001 ,0.800000011921
-0.0008720001210000001 ,0.800000011921
-0.00086800009         ,1.2
-0.0008640001179999999 ,0.800000011921
-0.0008600000870000001 ,0.800000011921
-0.000856000115        ,0.800000011921
-0.000852000143        ,0.800000011921
-0.0008480001119999999 ,0.800000011921
-0.00084400014         ,0.800000011921
-0.00084000011         ,0.800000011921
-0.0008360001369999999 ,0.800000011921
-0.000832000107        ,0.800000011921
-0.000828000135        ,0.800000011921
-0.000824000104        ,0.800000011921
-0.000820000132        ,0.800000011921
-0.000816000102        ,0.800000011921
-0.000812000129        ,0.800000011921
-0.000808000099        ,0.800000011921
-0.0008040001270000001 ,0.800000011921
-0.0008000000960000001 ,0.800000011921
-0.0007960001240000001 ,0.800000011921
-0.000792000093        ,0.800000011921
-0.000788000121        ,0.800000011921
-0.0007840000909999999 ,0.800000011921
-0.0007800001189999999 ,0.800000011921
-0.000776000088        ,0.800000011921
-0.000772000116        ,0.800000011921
-0.000768000144        ,0.800000011921
-0.000764000113        ,0.800000011921
-0.000760000141        ,0.800000011921
-0.0007560001099999999 ,0.800000011921
-0.0007520001380000001 ,0.800000011921
-0.0007480001080000001 ,0.800000011921
-0.000744000135        ,0.800000011921
-0.000740000105        ,1.2
-0.000736000133        ,0.800000011921
-0.000732000102        ,0.800000011921
-0.00072800013         ,0.800000011921
-0.0007240001          ,0.800000011921
-0.0007200001270000001 ,0.800000011921
-0.000716000097        ,0.800000011921
-0.000712000125        ,0.800000011921
-0.0007080000939999999 ,0.800000011921
-0.0007040001219999999 ,0.800000011921
-0.000700000091        ,0.800000011921
-0.000696000119        ,0.800000011921
-0.000692000089        ,0.800000011921
-0.000688000116        ,0.800000011921
-0.000684000144        ,0.800000011921
-0.000680000114        ,0.800000011921
-0.000676000142        ,0.800000011921
-0.0006720001110000001 ,0.800000011921
-0.0006680001390000001 ,0.800000011921
-0.000664000108        ,0.800000011921
-0.0006600001360000001 ,0.800000011921
-0.0006560001059999999 ,0.800000011921
-0.000652000133        ,0.800000011921
-0.000648000103        ,0.800000011921
-0.000644000131        ,0.800000011921
-0.0006400001          ,0.800000011921
-0.000636000128        ,0.800000011921
-0.000632000098        ,0.800000011921
-0.000628000125        ,0.800000011921
-0.000624000095        ,0.800000011921
-0.000620000123        ,0.800000011921
-0.000616000092        ,0.800000011921
-0.00061200012         ,0.800000011921
-0.000608000089        ,0.800000011921
-0.000604000117        ,0.800000011921
-0.000600000145        ,0.800000011921
-0.000596000114        ,0.800000011921
-0.0005920001419999999 ,0.800000011921
-0.000588000112        ,0.800000011921
-0.000584000139        ,0.800000011921
-0.000580000109        ,0.800000011921
-0.000576000137        ,0.800000011921
-0.000572000106        ,0.800000011921
-0.000568000134        ,0.800000011921
-0.000564000104        ,0.800000011921
-0.000560000131        ,0.800000011921
-0.000556000101        ,0.800000011921
-0.000552000129        ,0.800000011921
-0.000548000098        ,0.800000011921
-0.000544000126        ,0.800000011921
-0.000540000095        ,0.800000011921
-0.0005360001230000001 ,0.800000011921
-0.000532000093        ,0.800000011921
-0.000528000121        ,0.800000011921
-0.00052400009         ,0.800000011921
-0.000520000118        ,0.800000011921
-0.0005160000869999999 ,0.800000011921
-0.0005120001150000001 ,0.800000011921
-0.0005080001430000001 ,0.800000011921
-0.000504000112        ,0.800000011921
-0.00050000014         ,0.800000011921
-0.00049600011         ,0.800000011921
-0.000492000137        ,0.800000011921
-0.000488000107        ,0.800000011921
-0.000484000106        ,0.800000011921
-0.000480000104        ,0.800000011921
-0.000476000103        ,0.800000011921
-0.00047200010199999995,0.800000011921
-0.000468000129        ,0.800000011921
-0.000464000128        ,0.800000011921
-0.000460000127        ,0.800000011921
-0.00045600012499999996,0.800000011921
-0.000452000124        ,0.800000011921
-0.00044800012300000004,0.800000011921
-0.000444000121        ,0.800000011921
-0.00044000012         ,0.800000011921
-0.000436000118        ,0.800000011921
-0.000432000117        ,0.800000011921
-0.00042800011599999997,0.800000011921
-0.00042400011400000004,0.800000011921
-0.000420000113        ,0.800000011921
-0.000416000112        ,0.800000011921
-0.00041200011         ,0.800000011921
-0.000408000109        ,0.800000011921
-0.00040400010799999996,0.800000011921
-0.00040000010600000003,0.800000011921
-0.000396000105        ,0.800000011921
-0.000392000104        ,0.800000011921
-0.00038800010199999997,0.800000011921
-0.00038400013         ,0.800000011921
-0.000380000129        ,0.800000011921
-0.000376000127        ,0.800000011921
-0.00037200012600000003,0.800000011921
-0.000368000125        ,0.800000011921
-0.000364000123        ,0.800000011921
-0.00036000012199999997,0.800000011921
-0.000356000121        ,0.800000011921
-0.000352000119        ,0.800000011921
-0.000348000118        ,0.800000011921
-0.000344000116        ,0.800000011921
-0.000340000115        ,0.800000011921
-0.000336000114        ,0.800000011921
-0.00033200011200000003,0.800000011921
-0.00032800011100000005,0.800000011921
-0.00032400011         ,0.800000011921
-0.000320000108        ,0.800000011921
-0.000316000107        ,0.800000011921
-0.000312000106        ,0.800000011921
-0.00030800010399999997,0.800000011921
-0.00030400010300000004,0.800000011921
-0.000300000131        ,0.800000011921
-0.000296000129        ,0.800000011921
-0.000292000128        ,0.800000011921
-0.000288000127        ,0.800000011921
-0.000284000125        ,0.800000011921
-0.000280000124        ,0.800000011921
-0.000276000123        ,0.800000011921
-0.000272000121        ,0.800000011921
-0.00026800011999999996,0.800000011921
-0.000264000118        ,0.800000011921
-0.000260000117        ,0.800000011921
-0.000256000116        ,1.6
-0.000252000114        ,2.0
-0.000248000113        ,2.79999995
-0.000244000112        ,2.79999995
-0.00024000010999999997,3.60000014
-0.000236000124        ,4.4000001
-0.000232000122        ,4.80000019
-0.000228000121        ,5.5999999
-0.000224000119        ,6.0
-0.000220000118        ,6.4000001
-0.00021600011699999999,6.80000019
-0.000212000115        ,7.599999905
-0.000208000114        ,8.400000572
-0.00020400011299999998,8.800000191
-0.000200000111        ,9.199999809
-0.00019600011         ,9.600000381000001
-0.00019200012299999997,10.0
-0.00018800012200000002,10.8000002
-0.000184000121        ,11.1999998
-0.00018000011900000002,12.0
-0.000176000118        ,12.4000006
-0.000172000116        ,12.8000002
-0.000168000115        ,13.1999998
-0.000164000114        ,13.6000004
-0.000160000112        ,14.4000006
-0.000156000111        ,14.8000002
-0.00015200011         ,15.1999998
-0.00014800012300000002,16.0
-0.000144000122        ,16.3999996
-0.00014000012         ,16.3999996
-0.00013600011899999998,16.8000011
-0.000132000117        ,17.2000008
-0.000128000116        ,18.0
-0.000124000115        ,18.3999996
-0.000120000113        ,18.8000011
-0.000116000119        ,19.2000008
-0.000112000118        ,19.6000004
-0.00010800011699999999,20.39999962
-0.00010400011500000001,20.39999962
-0.000100000114        ,20.80000114
-9.600012000000001e-05 ,21.60000038
-9.2000118e-05         ,22.0
-8.800011699999999e-05 ,22.0
-8.400011599999999e-05 ,22.80000114
-8.0000114e-05         ,23.20000076
-7.600012e-05          ,23.60000038
-7.2000119e-05         ,24.0
-6.8000118e-05         ,24.39999962
-6.4000116e-05         ,24.80000114
-6.000011900000001e-05 ,25.20000076
-5.6000117e-05         ,25.60000038
-5.2000116e-05         ,25.60000038
-4.8000118000000004e-05,26.39999962
-4.4000117e-05         ,26.80000114
-4.0000115e-05         ,27.20000076
-3.6000118000000004e-05,27.20000076
-3.2000115999999996e-05,28.0
-2.8000117e-05         ,28.0
-2.4000117e-05         ,28.80000114
-2.0000118e-05         ,28.80000114
-1.6000118e-05         ,29.20000076
-1.2000117e-05         ,29.60000038
-8.000117e-06          ,30.0
-4.000117e-06          ,30.39999962
-1.17e-10              ,30.80000114
3.999883e-06           ,31.20000076
7.999883e-06           ,31.60000038
1.1999882000000001e-05 ,31.60000038
1.5999882e-05          ,32.40000153
1.9999882999999998e-05 ,32.40000153
2.3999883e-05          ,32.79999924
2.7999881999999997e-05 ,33.20000076
3.1999884e-05          ,33.20000076
3.5999881e-05          ,33.60000229
3.9999882999999996e-05 ,34.0
4.3999884e-05          ,34.40000153
4.7999882e-05          ,34.40000153
5.1999883e-05          ,34.79999924
5.5999880999999994e-05 ,35.20000076
5.9999882e-05          ,35.60000229
6.3999883e-05          ,35.60000229
6.7999885e-05          ,36.0
7.1999879e-05          ,36.79999924
7.599988000000001e-05  ,36.79999924
7.9999882e-05          ,36.79999924
8.399988300000002e-05  ,37.20000076
8.7999884e-05          ,37.60000229
9.199988600000001e-05  ,37.60000229
9.599988e-05           ,38.0
9.9999881e-05          ,38.40000153
0.000103999882         ,38.40000153
0.000107999884         ,38.79999924
0.000111999885         ,39.20000076
0.000115999879         ,39.20000076
0.000119999881         ,39.60000229
0.000123999882         ,39.60000229
0.000127999883         ,40.0
0.00013199988499999998 ,40.0
0.000135999886         ,40.40000153
0.000139999887         ,40.40000153
0.000143999889         ,40.79999924
0.000147999876         ,40.79999924
0.00015199987699999998 ,41.20000076
0.000155999878         ,41.60000229
0.00015999988          ,41.60000229
0.000163999881         ,42.0
0.000167999882         ,42.0
0.00017199988399999998 ,42.40000153
0.000175999885         ,42.40000153
0.000179999886         ,42.40000153
0.000183999888         ,42.79999924
0.000187999889         ,43.20000076
0.000191999876         ,43.20000076
0.00019599987700000002 ,43.60000229
0.000199999879         ,43.60000229
0.00020399988000000002 ,44.0
0.00020799988099999997 ,44.0
0.000211999883         ,44.0
0.000215999884         ,44.0
0.000219999885         ,44.0
0.00022399988700000001 ,44.0
0.000227999888         ,44.40000153
0.00023199987499999999 ,44.40000153
0.000235999876         ,44.40000153
0.00023999987799999998 ,44.79999924
0.000243999879         ,45.20000076
0.00024799988          ,45.20000076
0.000251999882         ,45.20000076
0.000255999883         ,45.60000229
0.000259999884         ,45.60000229
0.000263999886         ,45.60000229
0.000267999887         ,46.0
0.000271999888         ,46.0
0.00027599989          ,46.0
0.000279999891         ,46.0
0.000283999892         ,46.0
0.000287999894         ,46.40000153
0.000291999895         ,46.40000153
0.00029599986700000003 ,46.40000153
0.000299999869         ,46.40000153
0.00030399987          ,46.79999924
0.000307999871         ,46.79999924
0.000311999873         ,46.79999924
0.000315999874         ,46.79999924
0.000319999876         ,47.20000076
0.000323999877         ,47.20000076
0.000327999878         ,47.20000076
0.00033199988          ,47.20000076
0.000335999881         ,47.20000076
0.000339999882         ,47.20000076
0.00034399988400000004 ,47.20000076
0.000347999885         ,47.60000229
0.00035199988599999996 ,47.60000229
0.000355999888         ,47.60000229
0.000359999889         ,47.60000229
0.00036399989          ,47.60000229
0.00036799989200000005 ,47.60000229
0.00037199989300000004 ,47.20000076
0.00037599989399999997 ,48.0
0.000379999896         ,48.0
0.000383999868         ,48.0
0.00038799986900000003 ,48.0
0.00039199987099999996 ,48.0
0.00039599987200000005 ,48.0
0.000399999873         ,48.0
0.000403999875         ,48.0
0.000407999876         ,48.40000153
0.00041199987800000004 ,48.0
0.000415999879         ,48.40000153
0.00041999987999999995 ,48.40000153
0.000423999882         ,48.40000153
0.000427999883         ,48.40000153
0.000431999884         ,48.40000153
0.000435999886         ,48.0
0.00043999988700000003 ,48.40000153
0.000443999888         ,48.0
0.00044799989          ,48.40000153
0.000451999891         ,48.40000153
0.000455999892         ,48.40000153
0.000459999894         ,48.40000153
0.00046399989500000004 ,48.40000153
0.00046799986700000004 ,48.40000153
0.000471999869         ,48.0
0.00047599987          ,48.0
0.000479999871         ,48.0
0.000483999873         ,48.40000153
0.000487999874         ,48.0
0.000491999905         ,48.40000153
0.000495999877         ,48.0
0.0004999999070000001  ,48.0
0.0005039998799999999  ,48.40000153
0.00050799991          ,48.0
0.000511999882         ,48.0
0.000515999855         ,48.0
0.000519999885         ,48.0
0.000523999857         ,48.0
0.000527999888         ,48.0
0.0005319998599999999  ,48.40000153
0.00053599989          ,48.0
0.000539999863         ,48.0
0.000543999893         ,47.60000229
0.000547999865         ,47.60000229
0.000551999896         ,47.60000229
0.000555999868         ,47.60000229
0.000559999899         ,47.60000229
0.000563999871         ,47.60000229
0.000567999901         ,47.60000229
0.000571999874         ,47.20000076
0.0005759999040000001  ,47.20000076
0.000579999876         ,47.20000076
0.000583999907         ,47.20000076
0.000587999879         ,47.20000076
0.000591999909         ,47.20000076
0.000595999882         ,47.20000076
0.000599999854         ,47.20000076
0.000603999884         ,47.20000076
0.000607999857         ,47.20000076
0.000611999887         ,47.20000076
0.000615999859         ,46.79999924
0.00061999989          ,46.79999924
0.000623999862         ,46.79999924
0.0006279998920000001  ,46.79999924
0.000631999865         ,46.79999924
0.000635999895         ,46.40000153
0.000639999867         ,46.40000153
0.000643999898         ,46.40000153
0.00064799987          ,46.40000153
0.000651999901         ,46.40000153
0.000655999873         ,46.40000153
0.0006599999030000001  ,46.0
0.0006639998759999999  ,46.0
0.000667999906         ,46.0
0.000671999878         ,46.0
0.000675999909         ,45.60000229
0.000679999881         ,45.60000229
0.000683999853         ,45.60000229
0.0006879998840000001  ,45.20000076
0.000691999856         ,45.60000229
0.0006959998859999999  ,45.20000076
0.000699999859         ,45.60000229
0.000703999889         ,45.20000076
0.000707999861         ,45.20000076
0.000711999892         ,45.20000076
0.000715999864         ,44.79999924
0.0007199998949999999  ,44.79999924
0.0007239998669999999  ,44.79999924
0.0007279998970000001  ,44.40000153
0.000731999869         ,44.40000153
0.0007359999000000001  ,44.40000153
0.0007399998720000001  ,44.40000153
0.000743999903         ,44.40000153
0.000747999875         ,44.0
0.000751999905         ,44.0
0.000755999878         ,44.0
0.000759999908         ,44.0
0.00076399988          ,44.0
0.000767999853         ,44.0
0.0007719998829999999  ,44.0
0.0007759998549999999  ,43.60000229
0.000779999886         ,43.60000229
0.000783999858         ,43.60000229
0.0007879998880000001  ,43.60000229
0.000791999861         ,43.60000229
0.000795999891         ,43.20000076
0.000799999863         ,43.20000076
0.000803999894         ,43.20000076
0.000807999866         ,42.79999924
0.0008119998970000001  ,42.79999924
0.0008159998690000001  ,42.79999924
0.000819999899         ,42.40000153
0.000823999872         ,42.79999924
0.000827999902         ,42.40000153
0.000831999874         ,42.40000153
0.000835999905         ,42.40000153
0.000839999877         ,42.40000153
0.000843999907         ,42.0
0.00084799988          ,42.0
0.0008519998519999999  ,41.60000229
0.000855999882         ,41.60000229
0.0008599998549999999  ,41.60000229
0.0008639998850000001  ,41.60000229
0.0008679998570000001  ,41.60000229
0.0008719998880000001  ,41.20000076
0.0008759998600000001  ,41.20000076
0.00087999989          ,41.20000076
0.000883999863         ,40.79999924
0.000887999893         ,40.79999924
0.000891999865         ,40.79999924
0.000895999896         ,40.40000153
0.000899999868         ,40.79999924
0.000903999899         ,40.40000153
0.000907999871         ,40.40000153
0.0009119999009999999  ,40.40000153
0.000915999874         ,40.0
0.000919999904         ,40.0
0.000923999876         ,40.0
0.0009279999069999999  ,40.0
0.0009319998789999999  ,39.60000229
0.000935999909         ,39.60000229
0.0009399998820000001  ,39.60000229
0.000943999854         ,39.60000229
0.000947999884         ,39.60000229
0.0009519998570000001  ,39.60000229
0.000955999887         ,39.60000229
0.000959999859         ,39.60000229
0.00096399989          ,39.20000076
0.000967999862         ,39.20000076
0.000971999892         ,38.79999924
0.000975999865         ,38.40000153
0.000979999895         ,38.79999924
0.000983999926         ,38.40000153
0.00098799984          ,38.40000153
0.00099199987          ,38.40000153
0.0009959999009999999  ,38.40000153
0.0010039998           ,38.0
0.0010079999           ,38.0
0.0010119999           ,38.0
0.0010159999000000002  ,37.60000229
0.0010199999           ,37.60000229
0.0010239999000000001  ,37.60000229
0.0010279999           ,37.60000229
0.0010319997999999999  ,37.60000229
0.0010359999           ,37.20000076
0.0010399999           ,37.20000076
0.0010439999           ,36.79999924
0.0010479998           ,36.79999924
0.0010519999           ,36.79999924
0.0010559999           ,36.79999924
0.0010599999000000001  ,36.79999924
0.0010639998           ,36.79999924
0.0010679999000000001  ,36.79999924
0.0010719999           ,36.40000153
0.0010759999           ,36.40000153
0.0010799998           ,36.40000153
0.0010839999           ,36.40000153
0.0010879999           ,36.0
0.0010919999           ,36.0
0.0010959998           ,35.60000229
0.0010999999           ,35.60000229
0.0011039999000000001  ,35.60000229
0.0011079998           ,35.60000229
0.0011119999           ,35.20000076
0.0011159999           ,35.60000229
0.0011199999           ,35.20000076
0.0011239998           ,35.20000076
0.0011279999           ,35.20000076
0.0011319999000000002  ,35.20000076
0.0011359999           ,34.79999924
0.0011399997999999999  ,34.79999924
0.0011439999           ,34.79999924
0.0011479999000000001  ,34.79999924
0.0011519999           ,34.40000153
0.0011559998           ,34.40000153
0.0011599999           ,34.40000153
0.0011639999           ,34.40000153
0.0011679999           ,34.0
0.0011719998           ,34.0
0.0011759999000000001  ,33.60000229
0.0011799999           ,33.60000229
0.0011839999000000001  ,34.0
0.0011879998           ,33.60000229
0.0011919999           ,33.60000229
0.0011959999           ,33.60000229
0.0011999998           ,33.20000076
0.0012039999           ,33.60000229
0.0012079999           ,33.60000229
0.0012119999000000002  ,33.20000076
0.0012159998           ,33.20000076
0.0012199999000000001  ,33.20000076
0.0012239999           ,32.79999924
0.0012279999           ,32.79999924
0.0012319998           ,32.79999924
0.0012359999           ,32.79999924
0.0012399999           ,32.79999924
0.0012439999           ,32.79999924
0.0012479998           ,32.40000153
0.0012519999           ,32.40000153
0.0012559999000000001  ,32.40000153
0.0012599999           ,32.40000153
0.0012639997999999999  ,32.0
0.0012679999           ,32.0
0.0012719999           ,32.40000153
0.0012759999           ,31.60000038
0.0012799999           ,31.60000038
0.0012839999           ,31.60000038
0.0012879999           ,31.60000038
0.0012919998           ,31.60000038
0.0012959999           ,31.60000038
0.0012999999000000001  ,31.20000076
0.0013039999           ,31.20000076
0.0013079998           ,31.20000076
0.0013119999           ,30.80000114
0.0013159998999999999  ,31.20000076
0.0013199999           ,30.80000114
0.0013239998           ,30.80000114
0.0013279999           ,30.80000114
0.0013319998999999998  ,30.80000114
0.0013359999           ,30.80000114
0.0013399998000000002  ,30.39999962
0.0013439998999999999  ,30.39999962
0.0013479999           ,30.39999962
0.0013519998999999999  ,30.39999962
0.0013559998000000001  ,30.39999962
0.0013599998999999998  ,30.39999962
0.0013639999           ,30.0
0.0013679998           ,29.60000038
0.0013719999           ,29.60000038
0.0013759998999999998  ,30.0
0.0013799999           ,29.60000038
0.0013839998000000002  ,29.60000038
0.0013879998999999999  ,29.20000076
0.0013919999           ,29.20000076
0.0013959998999999999  ,29.20000076
0.0013999998000000001  ,29.20000076
0.0014039998999999998  ,29.20000076
0.0014079999           ,29.20000076
0.0014119998999999998  ,29.20000076
0.0014159998           ,28.80000114
0.0014199999           ,28.80000114
0.0014239998999999999  ,28.80000114
0.0014279999           ,28.80000114
0.0014319998           ,28.80000114
0.0014359999           ,28.39999962
0.0014399998999999998  ,28.80000114
0.0014439999           ,28.80000114
0.0014479998           ,28.39999962
0.0014519999           ,28.39999962
0.0014559999           ,28.39999962
0.0014599998           ,28.39999962
0.0014639999           ,28.0
0.0014679998999999999  ,28.0
0.0014719999           ,28.0
0.0014759998           ,28.0
0.0014799999           ,28.0
0.0014839998999999998  ,27.60000038
0.0014879999           ,27.60000038
0.0014919998000000002  ,27.60000038
0.0014959999           ,27.60000038
0.0014999999           ,27.20000076
0.0015039998999999999  ,27.20000076
0.0015079998000000002  ,27.60000038
0.0015119998999999999  ,27.20000076
0.0015159999           ,27.20000076
0.0015199998999999998  ,26.80000114
0.0015239998000000001  ,26.80000114
0.0015279998999999998  ,26.80000114
0.0015319999           ,26.80000114
0.0015359998000000002  ,26.80000114
0.0015399998999999999  ,26.80000114
0.0015439999           ,26.80000114
0.0015479998999999999  ,26.80000114
0.0015519998000000001  ,26.80000114
0.0015559998999999998  ,26.80000114
0.0015599999           ,26.39999962
0.0015639998999999998  ,26.39999962
0.0015679998           ,26.39999962
0.0015719999           ,26.39999962
0.0015759999           ,26.39999962
0.0015799999           ,26.0
0.0015839998           ,26.0
0.0015879999           ,26.0
0.0015919998999999998  ,26.0
0.0015959999           ,26.0
0.0015999998           ,25.60000038
0.0016039999           ,25.60000038
0.0016079998999999998  ,25.60000038
0.0016119999           ,25.60000038
0.0016159998000000002  ,25.60000038
0.0016199998999999999  ,25.60000038
0.0016239999           ,25.20000076
0.0016279998           ,25.20000076
0.0016319999           ,25.20000076
0.0016359998999999998  ,25.20000076
0.0016399999           ,24.80000114
0.0016439998000000002  ,24.80000114
0.0016479999           ,25.20000076
0.0016519999           ,24.80000114
0.0016559998999999999  ,24.80000114
0.0016599998000000002  ,24.80000114
0.0016639998999999999  ,24.80000114
0.0016679999           ,24.80000114
0.0016719998999999998  ,24.80000114
0.0016759998000000001  ,24.39999962
0.0016799998999999998  ,24.39999962
0.0016839999           ,24.39999962
0.0016879999           ,24.39999962
0.0016919998           ,24.39999962
0.0016959999           ,24.0
0.0016999998999999999  ,24.0
0.0017039999           ,24.0
0.0017079998999999998  ,24.0
0.0017119999           ,24.0
0.0017159998999999998  ,23.60000038
0.0017199998           ,23.60000038
0.0017239998999999998  ,23.60000038
0.0017279999           ,23.60000038
0.0017319999           ,23.60000038
0.0017359998           ,23.60000038
0.0017399999           ,23.20000076
0.0017439998999999999  ,23.20000076
0.0017479999           ,23.20000076
0.0017519998           ,23.20000076
0.0017559999           ,23.20000076
0.0017599998999999998  ,23.20000076
0.0017639999           ,23.20000076
0.0017679998000000002  ,22.80000114
0.0017719998999999999  ,22.80000114
0.0017759999           ,23.20000076
0.0017799998999999999  ,22.80000114
0.0017839998000000001  ,22.80000114
0.0017879998999999998  ,22.80000114
0.0017919999           ,22.80000114
0.0017959998           ,22.39999962
0.0017999999           ,22.39999962
0.0018039999           ,22.39999962
0.0018079999           ,22.39999962
0.0018119998000000002  ,22.39999962
0.0018159998999999999  ,22.39999962
0.0018199999           ,22.0
0.0018239998999999998  ,22.0
0.0018279998000000001  ,22.0
0.0018319998999999998  ,22.0
0.0018359999           ,22.0
0.0018399998999999998  ,22.0
0.0018439998           ,22.0
0.0018479999           ,22.0
0.0018519998999999999  ,21.60000038
0.0018559999           ,21.60000038
0.0018599998           ,21.60000038
0.0018639999           ,21.60000038
0.0018679998999999998  ,21.60000038
0.0018719999           ,21.20000076
0.0018759998000000002  ,21.20000076
0.0018799999           ,21.20000076
0.0018839999           ,21.20000076
0.0018879998           ,21.20000076
0.0018919999           ,21.20000076
0.0018959998999999999  ,21.20000076
0.0018999999           ,21.20000076
0.0019039998           ,21.20000076
0.0019079999           ,20.80000114
0.0019119998999999998  ,20.80000114
0.0019159999           ,20.80000114
0.0019199998000000002  ,20.80000114
0.0019239999           ,20.39999962
0.0019279999           ,20.80000114
0.0019319998999999999  ,20.39999962
0.0019359998000000002  ,20.39999962
0.0019399998999999999  ,20.39999962
0.0019439999           ,20.39999962
0.0019479998999999998  ,20.39999962
0.0019519998           ,20.0
0.001956               ,20.39999962
0.0019599998000000003  ,20.0
0.0019639998           ,20.0
0.0019679999           ,20.0
0.0019719998999999998  ,20.0
0.0019759999           ,20.0
0.0019799999           ,20.0
0.001984               ,20.0
0.0019879998           ,19.6000004
0.0019919998           ,20.0
0.0019959998000000003  ,19.6000004
0.0019999999           ,19.6000004
0.0020039999           ,19.6000004
0.0020079998999999998  ,19.6000004
0.002012               ,19.2000008
0.002016               ,19.6000004
0.0020199998           ,19.6000004
0.0020239998           ,19.6000004
0.0020279998000000002  ,19.2000008
0.0020319999           ,19.2000008
0.0020359999           ,19.2000008
0.0020399999           ,19.2000008
0.002044               ,18.8000011
0.0020479998000000003  ,18.8000011
0.0020519998           ,19.2000008
0.0020559998           ,18.8000011
0.0020599998999999997  ,18.8000011
0.0020639999           ,18.8000011
0.0020679999           ,18.8000011
0.0020719999           ,18.8000011
0.002076               ,18.8000011
0.0020799998           ,18.8000011
0.0020839998000000003  ,18.3999996
0.0020879998           ,18.3999996
0.0020919999           ,18.3999996
0.0020959998999999997  ,18.3999996
0.0020999999           ,18.0
0.002104               ,18.0
0.002108               ,18.3999996
0.0021119998           ,18.0
0.0021159998           ,18.0
0.0021199998000000003  ,18.0
0.0021239999           ,18.0
0.0021279999           ,18.0
0.0021319998999999997  ,17.6000004
0.002136               ,18.0
0.0021399998           ,17.6000004
0.0021439998           ,18.0
0.0021479998           ,17.6000004
0.0021519999           ,17.6000004
0.0021559999           ,17.6000004
0.0021599999           ,17.6000004
0.0021639999           ,17.2000008
0.002168               ,17.2000008
0.0021719998000000003  ,17.2000008
0.0021759998           ,17.2000008
0.0021799998           ,17.2000008
0.0021839998999999997  ,17.2000008
0.0021879999           ,17.2000008
0.0021919999           ,17.2000008
0.002196               ,17.2000008
0.0022                 ,17.2000008
0.0022039998           ,17.2000008
0.0022079998000000003  ,16.8000011
0.0022119998           ,16.8000011
0.0022159999           ,16.8000011
0.0022199998999999997  ,16.8000011
0.0022239999           ,16.8000011
0.002228               ,16.8000011
0.0022319998           ,16.3999996
0.0022359998           ,16.3999996
0.0022399998           ,16.3999996
0.0022439999           ,16.3999996
0.0022479999           ,16.3999996
0.0022519999           ,16.3999996
0.0022559998999999997  ,16.3999996
0.00226                ,16.3999996
0.0022639998000000003  ,16.3999996
0.0022679998           ,16.3999996
0.0022719998           ,16.3999996
0.0022759998999999998  ,16.3999996
0.0022799999           ,16.3999996
0.0022839999           ,16.3999996
0.002288               ,16.0
0.002292               ,16.0
0.0022959998000000002  ,16.0
0.0022999998           ,16.0
0.0023039998           ,16.0
0.0023079999           ,16.0
0.0023119999           ,16.0
0.0023159999           ,16.0
0.00232                ,16.0
0.0023239998           ,15.6000004
0.0023279998           ,15.6000004
0.0023319998000000002  ,15.1999998
0.0023359999           ,15.6000004
0.0023399999           ,15.6000004
0.0023439998999999997  ,15.6000004
0.002348               ,15.6000004
0.002352               ,15.6000004
0.0023559998           ,15.1999998
0.0023599998           ,15.1999998
0.0023639998           ,15.1999998
0.0023679999           ,15.1999998
0.0023719999           ,15.1999998
0.0023759999           ,15.1999998
0.00238                ,15.1999998
0.002384               ,15.1999998
0.0023879998000000003  ,15.1999998
0.0023919998           ,15.1999998
0.0023959999           ,15.1999998
0.0023999998999999998  ,15.1999998
0.0024039999           ,15.1999998
0.0024079999           ,15.1999998
0.002412               ,14.8000002
0.0024159998           ,14.8000002
0.0024199998           ,14.8000002
0.0024239998000000003  ,15.1999998
0.0024279999           ,14.8000002
0.0024319999           ,14.8000002
0.0024359998999999998  ,14.4000006
0.00244                ,14.4000006
0.002444               ,14.4000006
0.0024479998           ,14.4000006
0.0024519998           ,14.4000006
0.0024559998           ,14.4000006
0.0024599999           ,14.4000006
0.0024639999           ,14.4000006
0.0024679999           ,14.4000006
0.002472               ,14.4000006
0.0024759998000000003  ,14.4000006
0.0024799998           ,14.4000006
0.0024839998           ,14.0
0.0024879998999999997  ,14.0
0.0024919999           ,14.0
0.0024959999           ,14.0
0.0024999999           ,14.4000006
0.002504               ,14.0
0.0025079998           ,14.0
0.0025119998000000003  ,14.0
0.0025159998           ,14.0
0.0025199999           ,14.0
0.0025239998999999997  ,14.0
0.0025279999           ,14.0
0.002532               ,13.6000004
0.002536               ,13.6000004
0.0025399998           ,13.6000004
0.0025439998           ,13.6000004
0.0025479998000000003  ,13.6000004
0.0025519999           ,13.6000004
0.0025559999           ,13.6000004
0.0025599998999999997  ,13.1999998
0.002564               ,13.1999998
0.0025679998           ,13.1999998
0.0025719998           ,13.1999998
0.0025759998           ,13.1999998
0.0025799999           ,13.1999998
0.0025839999           ,13.1999998
0.0025879999           ,13.1999998
0.0025919999           ,13.1999998
0.002596               ,13.1999998
0.0025999998000000002  ,13.1999998
0.0026039998           ,13.1999998
0.0026079998           ,13.1999998
0.0026119998999999997  ,13.1999998
0.0026159999           ,13.1999998
0.0026199999           ,13.1999998
0.002624               ,12.8000002
0.002628               ,12.8000002
0.0026319997999999997  ,12.8000002
0.0026359998           ,12.8000002
0.0026399998           ,12.8000002
0.0026439999           ,12.8000002
0.0026479998999999997  ,12.8000002
0.0026519999           ,12.8000002
0.002656               ,12.8000002
0.0026599998           ,12.8000002
0.0026639997999999996  ,12.8000002
0.0026679997999999997  ,12.4000006
0.0026719999           ,12.8000002
0.0026759999           ,12.8000002
0.0026799999           ,12.8000002
0.0026839998999999997  ,12.4000006
0.002688               ,12.4000006
0.0026919998           ,12.4000006
0.0026959998           ,12.4000006
0.0026999997999999996  ,12.4000006
0.0027039998999999998  ,12.4000006
0.0027079999           ,12.4000006
0.0027119999           ,12.4000006
0.002716               ,12.4000006
0.0027199999900000002  ,12.4000006
0.00272399979          ,12.4000006
0.0027279998200000002  ,12.0
0.00273199985          ,12.0
0.00273599988          ,12.0
0.0027399999099999997  ,12.0
0.00274399994          ,12.0
0.0027479999699999997  ,12.0
0.00275199977          ,12.0
0.0027559997999999997  ,12.0
0.00275999983          ,12.0
0.0027639998599999997  ,12.0
0.00276799989          ,12.0
0.0027719999200000005  ,11.6000004
0.00277599995          ,12.0
0.00277999998          ,11.6000004
0.00278399978          ,11.6000004
0.0027879998100000004  ,11.6000004
0.00279199984          ,11.6000004
0.0027959998700000004  ,11.6000004
0.0027999999           ,11.6000004
0.0028039999300000003  ,12.0
0.00280799996          ,11.6000004
0.0028119999900000003  ,11.6000004
0.00281599979          ,11.6000004
0.0028199998200000003  ,11.6000004
0.00282399985          ,11.6000004
0.0028279998800000003  ,11.6000004
0.00283199991          ,11.1999998
0.0028359999400000002  ,11.6000004
0.0028399999699999998  ,11.1999998
0.0028439997700000002  ,11.1999998
0.0028479997999999998  ,11.1999998
0.00285199983          ,11.1999998
0.0028559998599999997  ,11.1999998
0.00285999989          ,11.6000004
0.00286399992          ,11.1999998
0.00286799995          ,11.1999998
0.00287199998          ,11.1999998
0.00287599978          ,11.1999998
0.00287999981          ,11.1999998
0.00288399984          ,11.1999998
0.00288799987          ,11.1999998
0.0028919999           ,10.8000002
0.00289599993          ,10.8000002
0.00289999996          ,10.8000002
0.0029039997600000004  ,10.8000002
0.00290799979          ,10.8000002
0.0029119998200000004  ,10.8000002
0.00291599985          ,10.8000002
0.0029199998800000003  ,10.8000002
0.00292399991          ,10.8000002
0.00292799994          ,10.8000002
0.00293199997          ,10.8000002
0.0029359997700000003  ,10.8000002
0.0029399998           ,10.4000006
0.0029439998300000002  ,10.8000002
0.00294799986          ,10.8000002
0.00295199989          ,10.8000002
0.00295599992          ,10.4000006
0.00295999995          ,10.4000006
0.00296399998          ,10.4000006
0.00296799978          ,10.4000006
0.00297199981          ,10.4000006
0.00297599984          ,10.4000006
0.00297999987          ,10.4000006
0.0029839999           ,10.4000006
0.00298799993          ,10.4000006
0.0029919999699999996  ,10.4000006
0.00299599976          ,10.4000006
0.00299999979          ,10.4000006
0.00300399982          ,10.4000006
0.00300799985          ,10.4000006
0.00301199988          ,10.0
0.0030159999200000003  ,10.4000006
0.00301999995          ,10.0
0.0030239999800000003  ,10.0
0.00302799977          ,10.0
0.0030319998           ,10.0
0.00303599983          ,10.0
0.00303999986          ,10.0
0.0030439999           ,10.0
0.00304799993          ,10.0
0.0030519999599999998  ,10.0
0.00305599999          ,10.0
0.0030599997800000002  ,10.0
0.00306399981          ,10.0
0.0030679998499999997  ,9.600000381000001
0.00307199988          ,9.600000381000001
0.0030759999099999997  ,9.600000381000001
0.00307999994          ,9.600000381000001
0.0030839999699999996  ,9.600000381000001
0.00308799976          ,9.600000381000001
0.0030919997999999996  ,9.600000381000001
0.00309599983          ,9.600000381000001
0.0030999998599999996  ,9.600000381000001
0.00310399989          ,9.600000381000001
0.0031079999200000004  ,9.600000381000001
0.00311199995          ,9.600000381000001
0.0031159999800000004  ,9.600000381000001
0.00311999978          ,9.600000381000001
0.0031239998100000004  ,9.600000381000001
0.00312799984          ,9.600000381000001
0.0031319998700000003  ,9.600000381000001
0.0031359999           ,9.600000381000001
0.0031399999300000003  ,9.600000381000001
0.00314399996          ,9.600000381000001
0.0031479999900000002  ,9.600000381000001
0.00315199979          ,9.600000381000001
0.0031559998200000002  ,9.600000381000001
0.0031599998499999998  ,9.199999809
0.00316399988          ,9.199999809
0.0031679999099999997  ,9.199999809
0.00317199994          ,9.199999809
0.0031759999699999997  ,9.199999809
0.00317999977          ,9.199999809
0.0031839997999999997  ,9.199999809
0.00318799983          ,9.199999809
0.0031919998599999997  ,9.199999809
0.00319599989          ,9.199999809
0.0031999999200000005  ,8.800000191
0.00320399995          ,9.199999809
0.0032079999800000004  ,9.199999809
0.00321199978          ,9.199999809
0.0032159998100000004  ,8.800000191
0.00321999984          ,9.199999809
0.0032239998700000004  ,8.800000191
0.0032279999           ,8.800000191
0.0032319999300000003  ,8.800000191
0.00323599996          ,8.800000191
0.0032399999900000003  ,8.800000191
0.00324399979          ,8.800000191
0.0032479998200000003  ,8.800000191
0.00325199985          ,8.800000191
0.0032559998800000003  ,8.800000191
0.00325999991          ,8.800000191
0.00326399994          ,8.400000572
0.0032679999699999998  ,8.800000191
0.0032719997700000002  ,8.800000191
0.0032759997999999998  ,8.800000191
0.00327999983          ,8.400000572
0.0032839998599999997  ,8.800000191
0.00328799989          ,8.800000191
0.00329199992          ,8.800000191
0.00329599995          ,8.400000572
0.00329999998          ,8.800000191
0.00330399978          ,8.400000572
0.0033079998100000005  ,8.400000572
0.00331199984          ,8.400000572
0.00331599987          ,8.400000572
0.0033199999           ,8.400000572
0.00332399993          ,8.400000572
0.00332799996          ,8.400000572
0.0033319997600000004  ,8.400000572
0.00333599979          ,8.400000572
0.0033399998200000004  ,8.400000572
0.00334399985          ,8.400000572
0.0033479998800000003  ,8.400000572
0.00335199991          ,8.400000572
0.00335599994          ,8.400000572
0.00335999997          ,8.400000572
0.0033639997700000003  ,8.400000572
0.0033679998           ,8.0
0.0033719998300000002  ,8.400000572
0.00337599986          ,8.400000572
0.00337999989          ,8.400000572
0.00338399992          ,8.0
0.00338799995          ,8.400000572
0.00339199998          ,8.400000572
0.00339599978          ,8.400000572
0.00339999981          ,8.0
0.00340399984          ,8.0
0.00340799987          ,8.0
0.0034119999           ,8.0
0.00341599993          ,8.0
0.00341999996          ,8.0
0.00342399976          ,8.0
0.00342799979          ,7.599999905
0.00343199982          ,7.599999905
0.00343599985          ,8.0
0.00343999988          ,8.0
0.00344399991          ,8.0
0.00344799994          ,8.0
0.0034519999800000003  ,8.0
0.00345599977          ,8.0
0.0034599998           ,8.0
0.00346399983          ,8.0
0.00346799986          ,8.0
0.00347199989          ,8.0
0.00347599993          ,7.599999905
0.0034799999599999997  ,7.599999905
0.00348399999          ,7.599999905
0.0034879997800000002  ,7.599999905
0.00349199981          ,7.599999905
0.00349599984          ,7.599999905
0.00349999988          ,7.599999905
0.0035039999099999997  ,7.599999905
0.00350799994          ,7.599999905
0.0035119999699999996  ,7.599999905
0.00351599976          ,7.599999905
0.00351999979          ,7.599999905
0.00352399983          ,7.599999905
0.0035279998599999996  ,7.599999905
0.00353199989          ,7.599999905
0.0035359999200000004  ,7.599999905
0.00353999995          ,7.599999905
0.0035439999800000004  ,7.599999905
0.00354799978          ,7.599999905
0.0035519998100000004  ,7.599999905
0.00355599984          ,7.20000029
0.0035599998700000003  ,7.599999905
0.0035639999           ,7.20000029
0.0035679999300000003  ,7.20000029
0.00357199996          ,7.20000029
0.0035759999900000002  ,7.20000029
0.00357999979          ,7.20000029
0.0035839998200000002  ,7.20000029
0.0035879998499999998  ,7.20000029
0.00359199988          ,7.20000029
0.0035959999099999997  ,7.20000029
0.00359999994          ,7.20000029
0.0036039999699999997  ,7.20000029
0.00360799977          ,7.20000029
0.0036119997999999997  ,7.20000029
0.00361599983          ,7.20000029
0.0036199998599999996  ,7.20000029
0.00362399989          ,7.20000029
0.0036279999200000005  ,7.20000029
0.00363199995          ,6.80000019
0.0036359999800000004  ,6.80000019
0.00363999978          ,7.20000029
0.0036439998100000004  ,7.20000029
0.00364799984          ,6.80000019
0.0036519998700000004  ,6.80000019
0.0036559999           ,7.20000029
0.0036599999300000003  ,6.80000019
0.00366399996          ,7.20000029
0.0036679997600000003  ,6.80000019
0.00367199979          ,6.80000019
0.0036759998200000003  ,7.20000029
0.00367999985          ,6.80000019
0.0036839998800000003  ,6.80000019
0.00368799991          ,6.80000019
0.00369199994          ,7.20000029
0.0036959999699999998  ,6.80000019
0.00369999977          ,6.80000019
0.0037039997999999998  ,6.80000019
0.00370799983          ,6.80000019
0.0037119998599999997  ,6.80000019
0.00371599989          ,6.80000019
0.00371999992          ,6.80000019
0.00372399995          ,6.80000019
0.00372799998          ,6.80000019
0.00373199978          ,6.4000001
0.0037359998100000005  ,6.4000001
0.00373999984          ,6.80000019
0.00374399987          ,6.80000019
0.0037479999           ,6.4000001
0.00375199993          ,6.4000001
0.00375599996          ,6.4000001
0.0037599997600000004  ,6.80000019
0.00376399979          ,6.4000001
0.0037679998200000004  ,6.4000001
0.00377199985          ,6.4000001
0.0037759998800000003  ,6.4000001
0.00377999991          ,6.4000001
0.0037839999400000003  ,6.4000001
0.00378799997          ,6.4000001
0.0037919997700000003  ,6.4000001
0.0037959998           ,6.4000001
0.0037999998300000002  ,6.4000001
0.0038039998599999998  ,6.4000001
0.00380799989          ,6.4000001
0.00381199992          ,6.4000001
0.00381599995          ,6.4000001
0.00381999998          ,6.4000001
0.00382399978          ,6.4000001
0.00382799981          ,6.4000001
0.00383199984          ,6.4000001
0.00383599987          ,6.4000001
0.0038399999           ,6.4000001
0.00384399993          ,6.4000001
0.00384799996          ,6.4000001
0.00385199976          ,6.4000001
0.00385599979          ,6.4000001
0.00385999982          ,6.4000001
0.00386399985          ,6.4000001
0.00386799988          ,6.0
0.00387199991          ,6.4000001
0.00387599994          ,6.4000001
0.00387999997          ,6.4000001
0.0038839997700000004  ,6.0
0.0038879998           ,6.4000001
0.00389199983          ,6.0
0.00389599986          ,6.4000001
0.00389999989          ,6.0
0.0039039999200000002  ,6.4000001
0.00390799996          ,6.0
0.00391199999          ,6.0
0.00391600002          ,6.0
0.00392000005          ,6.0
0.00392400008          ,6.0
0.00392799964          ,6.0
0.00393199967          ,6.0
0.0039359997           ,6.0
0.00393999973          ,6.0
0.0039439997600000005  ,6.0
0.00394799979          ,6.0
0.0039519998200000005  ,6.0
0.00395599985          ,6.0
0.00395999989          ,6.0
0.00396399992          ,6.0
0.00396799995          ,6.0
0.00397199998          ,6.0
0.0039760000099999995  ,6.0
0.00398000004          ,6.0
0.003984000069999999   ,6.0
0.0039880001           ,6.0
0.00399199966          ,5.5999999
0.00399599969          ,6.0
0.00399999972          ,5.5999999
0.00400399975          ,6.0
0.00400799979          ,5.5999999
0.00401199982          ,5.5999999
0.00401599985          ,5.5999999
0.00401999988          ,5.5999999
0.00402399991          ,6.0
0.00402799994          ,6.0
0.00403199997          ,5.5999999
0.004036               ,5.5999999
0.00404000003          ,5.5999999
0.00404400006          ,5.5999999
0.00404800009          ,6.0
0.004051999650000001   ,5.5999999
0.00405599969          ,5.5999999
0.0040599997200000005  ,5.5999999
0.00406399975          ,5.5999999
0.0040679997800000004  ,5.5999999
0.00407199981          ,5.5999999
0.0040759998399999995  ,5.5999999
0.00407999987          ,5.5999999
0.0040839998999999995  ,5.5999999
0.00408799993          ,5.5999999
0.0040919999599999994  ,5.5999999
0.00409599999          ,5.5999999
0.004100000019999999   ,5.5999999
0.00410400005          ,5.5999999
0.004108000079999999   ,5.5999999
0.00411199965          ,5.5999999
0.00411599968          ,5.5999999
0.00411999971          ,5.5999999
0.00412399974          ,5.20000029
0.00412799977          ,5.5999999
0.0041319998           ,5.5999999
0.00413599983          ,5.5999999
0.00413999986          ,5.20000029
0.00414399989          ,5.5999999
0.00414799992          ,5.20000029
0.00415199995          ,5.5999999
0.00415599998          ,5.20000029
0.00416000001          ,5.5999999
0.00416400004          ,5.5999999
0.0041680000699999996  ,5.20000029
0.0041720001           ,5.20000029
0.00417599967          ,5.5999999
0.0041799997           ,5.20000029
0.0041839997299999996  ,5.5999999
0.00418799976          ,5.5999999
0.0041919997899999995  ,5.20000029
0.00419599982          ,5.20000029
0.0041999998499999995  ,5.20000029
0.00420399988          ,5.20000029
0.004207999909999999   ,5.20000029
0.00421199994          ,5.20000029
0.004215999969999999   ,5.20000029
0.00422                ,5.20000029
0.00422400003          ,5.20000029
0.00422800006          ,5.20000029
0.00423200009          ,5.20000029
0.00423599966          ,5.20000029
0.00423999969          ,5.20000029
0.00424399972          ,5.20000029
0.00424799975          ,4.80000019
0.00425199978          ,5.20000029
0.00425599981          ,5.20000029
0.00425999984          ,4.80000019
0.00426399987          ,5.20000029
0.0042679999           ,5.20000029
0.00427199993          ,4.80000019
0.00427599996          ,4.80000019
0.00427999999          ,5.20000029
0.0042840000199999995  ,5.20000029
0.00428800005          ,4.80000019
0.00429200009          ,4.80000019
0.00429599965          ,4.80000019
0.0042999996799999995  ,4.80000019
0.00430399971          ,4.80000019
0.0043079997399999995  ,4.80000019
0.00431199977          ,4.80000019
0.0043159997999999995  ,4.80000019
0.00431999983          ,4.80000019
0.004323999859999999   ,4.80000019
0.00432799989          ,4.80000019
0.00433199992          ,4.80000019
0.00433599995          ,4.80000019
0.00433999998          ,4.80000019
0.00434400002          ,4.80000019
0.00434800005          ,4.80000019
0.00435200008          ,4.80000019
0.00435599964          ,4.80000019
0.00435999967          ,4.80000019
0.004363999699999999   ,4.80000019
0.00436799973          ,4.80000019
0.00437199976          ,4.80000019
0.00437599979          ,4.80000019
0.00437999982          ,4.80000019
0.00438399985          ,4.80000019
0.00438799988          ,4.80000019
0.00439199992          ,4.80000019
0.00439599995          ,4.80000019
0.00439999998          ,4.80000019
0.00440400001          ,4.4000001
0.00440800004          ,4.80000019
0.00441200007          ,4.80000019
0.0044160001           ,4.4000001
0.00441999966          ,4.4000001
0.0044239996899999995  ,4.4000001
0.00442799972          ,4.80000019
0.0044319997499999994  ,4.80000019
0.00443599978          ,4.4000001
0.00443999982          ,4.4000001
0.00444399985          ,4.4000001
0.00444799988          ,4.4000001
0.00445199991          ,4.4000001
0.00445599994          ,4.4000001
0.00445999997          ,4.4000001
0.004464               ,4.4000001
0.0044680000300000005  ,4.4000001
0.00447200006          ,4.4000001
0.0044760000900000005  ,4.4000001
0.00447999965          ,4.4000001
0.00448399968          ,4.4000001
0.00448799971          ,4.0
0.00449199975          ,4.0
0.00449599978          ,4.4000001
0.00449999981          ,4.4000001
0.00450399984          ,4.0
0.00450799987          ,4.4000001
0.0045119999           ,4.4000001
0.00451599993          ,4.4000001
0.00451999996          ,4.4000001
0.00452399999          ,4.4000001
0.00452800002          ,4.4000001
0.00453200005          ,4.0
0.00453600008          ,4.0
0.00453999965          ,4.0
0.00454399968          ,4.0
0.00454799971          ,4.0
0.00455199974          ,4.4000001
0.00455599977          ,4.4000001
0.0045599998           ,4.0
0.00456399983          ,4.4000001
0.00456799986          ,4.0
0.00457199989          ,4.0
0.0045759999200000005  ,4.4000001
0.00457999995          ,4.4000001
0.0045839999800000005  ,4.0
0.00458800001          ,4.0
0.0045920000400000004  ,4.0
0.00459600007          ,4.0
0.0046000001           ,4.4000001
0.00460399967          ,3.60000014
0.0046079997           ,4.0
0.00461199973          ,4.0
0.00461599976          ,4.0
0.00461999979          ,4.0
0.00462399982          ,4.0
0.00462799985          ,4.0
0.00463199988          ,3.60000014
0.00463599991          ,4.0
0.00463999994          ,4.0
0.00464399997          ,4.0
0.004648               ,4.0
0.004652000030000001   ,4.0
0.00465600006          ,4.0
0.004660000090000001   ,3.60000014
0.00466399966          ,4.0
0.00466799969          ,4.0
0.00467199972          ,4.0
0.00467599975          ,3.60000014
0.00467999978          ,4.0
0.0046839998100000006  ,3.60000014
0.00468799984          ,3.60000014
0.0046919998700000005  ,4.0
0.0046959999           ,4.0
0.0046999999300000005  ,3.60000014
0.00470399996          ,3.60000014
0.00470799999          ,4.0
0.00471200002          ,3.60000014
0.00471600005          ,3.60000014
0.00472000008          ,3.60000014
0.00472399965          ,4.0
0.00472799968          ,3.60000014
0.00473199971          ,3.60000014
0.00473599974          ,3.60000014
0.00473999977          ,3.60000014
0.0047439998           ,3.60000014
0.00474799983          ,4.0
0.00475199986          ,3.60000014
0.00475599989          ,3.60000014
0.004759999920000001   ,3.60000014
0.00476399995          ,3.60000014
0.004767999980000001   ,3.60000014
0.00477200001          ,3.60000014
0.00477600005          ,3.60000014
0.00478000008          ,3.60000014
0.00478399964          ,3.60000014
0.00478799967          ,3.60000014
0.0047919997           ,3.60000014
0.00479599973          ,3.60000014
0.0047999997600000005  ,3.60000014
0.00480399979          ,3.60000014
0.0048079998200000005  ,3.60000014
0.00481199985          ,3.60000014
0.0048159998800000004  ,3.60000014
0.00481999991          ,3.60000014
0.00482399995          ,3.60000014
0.00482799998          ,3.60000014
0.00483200001          ,3.60000014
0.00483600004          ,3.20000005
0.004840000069999999   ,3.60000014
0.0048440001           ,3.60000014
0.00484799966          ,3.60000014
0.00485199969          ,3.20000005
0.00485599972          ,3.60000014
0.00485999975          ,3.20000005
0.00486399978          ,3.20000005
0.004867999810000001   ,3.60000014
0.00487199984          ,3.60000014
0.00487599988          ,3.60000014
0.00487999991          ,3.60000014
0.00488399994          ,3.60000014
0.00488799997          ,3.60000014
0.004892               ,3.60000014
0.00489600003          ,3.20000005
0.00490000006          ,3.20000005
0.00490400009          ,3.60000014
0.004907999650000001   ,3.20000005
0.00491199968          ,3.60000014
0.0049159997100000005  ,3.20000005
0.00491999974          ,3.60000014
0.0049239997800000004  ,3.20000005
0.00492799981          ,3.20000005
0.00493199984          ,3.20000005
0.00493599987          ,3.20000005
0.0049399998999999995  ,3.60000014
0.00494399993          ,3.20000005
0.004947999959999999   ,3.20000005
0.00495199999          ,3.60000014
0.004956000019999999   ,3.20000005
0.00496000005          ,3.20000005
0.004964000079999999   ,3.20000005
0.00496799964          ,3.20000005
0.00497199968          ,3.20000005
0.00497599971          ,3.20000005
0.00497999974          ,3.20000005
0.00498399977          ,3.20000005
0.0049879998           ,3.20000005
0.00499199983          ,3.20000005
0.00499599986          ,3.20000005
0.00499999989          ,3.20000005
0.00500399992          ,3.20000005
0.00500799995          ,3.20000005
0.00501199998          ,3.20000005
0.00501600001          ,3.20000005
0.00502000004          ,3.20000005
0.0050240000699999995  ,3.20000005
0.0050280001           ,3.20000005
0.0050319996700000005  ,3.20000005
0.0050359997           ,3.20000005
0.0050399997299999996  ,3.20000005
0.00504399976          ,3.20000005
0.0050479997899999995  ,3.20000005
0.00505199982          ,3.20000005
0.0050559998499999995  ,3.20000005
0.00505999988          ,3.20000005
0.005063999909999999   ,2.79999995
0.00506799994          ,3.20000005
0.005071999969999999   ,3.20000005
0.005076               ,2.79999995
0.00508000003          ,2.79999995
0.00508400006          ,3.20000005
0.00508800009          ,2.79999995
0.00509199966          ,3.20000005
0.00509599969          ,2.79999995
0.00509999972          ,2.79999995
0.00510399975          ,2.79999995
0.00510799978          ,2.79999995
0.00511199981          ,2.79999995
0.00511599984          ,3.20000005
0.00511999987          ,3.20000005
0.0051239999           ,2.79999995
0.00512799993          ,2.79999995
0.00513199996          ,3.20000005
0.00513599999          ,3.20000005
0.0051400000199999995  ,2.79999995
0.00514400005          ,2.79999995
0.0051480000799999995  ,2.79999995
0.00515199965          ,2.79999995
0.0051559996799999995  ,2.79999995
0.00515999971          ,2.79999995
0.0051639997399999995  ,2.79999995
0.00516799977          ,2.79999995
0.0051719997999999994  ,2.79999995
0.00517599983          ,2.79999995
0.005179999859999999   ,2.79999995
0.00518399989          ,2.79999995
0.00518799992          ,2.79999995
0.00519199995          ,2.79999995
0.00519599998          ,2.79999995
0.00520000001          ,2.79999995
0.00520400004          ,2.79999995
0.00520800008          ,2.79999995
0.00521199964          ,2.79999995
0.00521599967          ,2.79999995
0.0052199997           ,2.79999995
0.00522399973          ,2.79999995
0.00522799976          ,2.79999995
0.00523199979          ,2.79999995
0.00523599982          ,2.79999995
0.00523999985          ,2.79999995
0.00524399988          ,2.79999995
0.00524799991          ,2.79999995
0.005251999939999999   ,2.79999995
0.0052559999699999995  ,2.79999995
0.005260000010000001   ,2.79999995
0.005264000039999999   ,2.79999995
0.00526800007          ,2.79999995
0.0052720001           ,2.79999995
0.00527599966          ,2.79999995
0.00527999969          ,2.79999995
0.00528399972          ,2.79999995
0.005287999749999999   ,2.79999995
0.00529199978          ,2.79999995
0.00529599981          ,2.79999995
0.005299999840000001   ,2.79999995
0.005303999869999999   ,2.79999995
0.005307999910000001   ,2.79999995
0.005311999939999999   ,2.79999995
0.00531599997          ,2.79999995
0.00532                ,2.79999995
0.0053240000300000005  ,2.79999995
0.005328000060000001   ,2.79999995
0.00533200009          ,2.79999995
0.005335999649999999   ,2.79999995
0.00533999968          ,2.79999995
0.00534399971          ,2.79999995
0.0053479997400000005  ,2.79999995
0.005351999769999999   ,2.79999995
0.00535599981          ,2.79999995
0.005359999840000001   ,2.79999995
0.0053639998699999995  ,2.79999995
0.0053679999           ,2.79999995
0.00537199993          ,2.79999995
0.005375999960000001   ,2.79999995
0.005379999989999999   ,2.4000001
0.00538400002          ,2.79999995
0.00538800005          ,2.79999995
0.005392000080000001   ,2.79999995
0.00539599964          ,2.79999995
0.00539999967          ,2.79999995
0.005403999699999999   ,2.79999995
0.005407999740000001   ,2.79999995
0.005411999769999999   ,2.4000001
0.0054159998           ,2.79999995
0.00541999983          ,2.4000001
0.0054239998600000006  ,2.79999995
0.005427999889999999   ,2.4000001
0.00543199992          ,2.4000001
0.00543599995          ,2.79999995
0.0054399999800000005  ,2.79999995
0.005444000010000001   ,2.79999995
0.0054480000399999996  ,2.79999995
0.00545200007          ,2.79999995
0.0054560001           ,2.4000001
0.005459999669999999   ,2.79999995
0.0054639997           ,2.79999995
0.00546799973          ,2.4000001
0.00547199976          ,2.4000001
0.005475999790000001   ,2.79999995
0.0054799998199999995  ,2.4000001
0.00548399985          ,2.4000001
0.00548799988          ,2.79999995
0.005491999910000001   ,2.4000001
0.005495999939999999   ,2.4000001
0.00549999997          ,2.79999995
0.005504               ,2.79999995
0.005508000030000001   ,2.4000001
0.00551200006          ,2.4000001
0.00551600009          ,2.4000001
0.00551999966          ,2.4000001
0.005523999690000001   ,2.79999995
0.005527999719999999   ,2.4000001
0.00553199975          ,2.4000001
0.00553599978          ,2.4000001
0.0055399998100000005  ,2.4000001
0.005543999840000001   ,2.4000001
0.00554799987          ,2.4000001
0.0055519999           ,2.4000001
0.0055559999300000005  ,2.4000001
0.00555999996          ,2.79999995
0.0055639999899999995  ,2.4000001
0.00556800002          ,2.79999995
0.00557200005          ,2.4000001
0.00557600008          ,2.4000001
0.0055799996499999996  ,2.79999995
0.00558399968          ,2.4000001
0.00558799971          ,2.4000001
0.005591999740000001   ,2.4000001
0.0055959997699999995  ,2.4000001
0.0055999998           ,2.4000001
0.00560399983          ,2.4000001
0.005607999860000001   ,2.4000001
0.005611999889999999   ,2.4000001
0.00561599992          ,2.4000001
0.00561999995          ,2.4000001
0.005623999980000001   ,2.4000001
0.00562800001          ,2.4000001
0.00563200004          ,2.4000001
0.00563600007          ,2.4000001
0.005639999640000001   ,2.4000001
0.005643999669999999   ,2.4000001
0.0056479997           ,2.4000001
0.00565199973          ,2.4000001
0.0056559997600000005  ,2.4000001
0.00565999979          ,2.4000001
0.00566399982          ,2.4000001
0.00566799985          ,2.4000001
0.0056719998800000004  ,2.4000001
0.00567599991          ,2.4000001
0.0056799999399999995  ,2.4000001
0.00568399997          ,2.4000001
0.005688               ,2.4000001
0.00569200004          ,2.4000001
0.00569600007          ,2.4000001
0.0057000001           ,2.0
0.00570399966          ,2.4000001
0.005707999690000001   ,2.4000001
0.0057119997199999994  ,2.4000001
0.00571599975          ,2.4000001
0.00571999978          ,2.0
0.005723999810000001   ,2.4000001
0.00572799984          ,2.4000001
0.00573199987          ,2.0
0.0057359999           ,2.4000001
0.00573999994          ,2.4000001
0.00574399997          ,2.0
0.005748               ,2.0
0.00575200003          ,2.4000001
0.0057560000600000005  ,2.0
0.00576000009          ,2.4000001
0.00576399965          ,2.4000001
0.00576799968          ,2.0
0.0057719997100000005  ,2.4000001
0.00577599974          ,2.0
0.00577999977          ,2.0
0.0057839998           ,2.0
0.00578799983          ,2.4000001
0.00579199987          ,2.4000001
0.0057959999           ,2.0
0.00579999993          ,2.0
0.00580399996          ,2.4000001
0.00580799999          ,2.4000001
0.005812000019999999   ,2.4000001
0.00581600005          ,2.0
0.00582000008          ,2.0
0.005823999640000001   ,2.0
0.005827999669999999   ,2.0
0.0058319997           ,2.0
0.00583599973          ,2.0
0.00583999977          ,2.0
0.0058439998           ,2.0
0.00584799983          ,2.0
0.00585199986          ,2.0
0.00585599989          ,1.6
0.00585999992          ,2.0
0.00586399995          ,2.0
0.00586799998          ,2.0
0.0058720000100000004  ,2.0
0.00587600004          ,2.0
0.0058800000699999995  ,2.0
0.0058840001           ,2.0
0.0058879996600000005  ,2.0
0.0058919997           ,2.0
0.00589599973          ,2.0
0.00589999976          ,2.0
0.00590399979          ,2.0
0.00590799982          ,2.0
0.0059119998499999995  ,2.0
0.00591599988          ,2.0
0.00591999991          ,2.0
0.00592399994          ,2.0
0.005927999969999999   ,2.0
0.005932               ,2.0
0.00593600003          ,2.0
0.005940000060000001   ,2.0
0.005944000089999999   ,2.0
0.00594799966          ,2.0
0.00595199969          ,2.0
0.00595599972          ,2.0
0.00595999975          ,2.0
0.00596399978          ,1.6
0.00596799981          ,2.0
0.0059719998400000005  ,2.0
0.00597599987          ,2.0
0.0059799999           ,2.0
0.00598399993          ,2.0
0.00598799996          ,2.0
0.005991999989999999   ,2.0
0.0059960000199999995  ,2.0
0.00600000005          ,2.0
0.00600400008          ,2.0
0.00600799965          ,2.0
0.0060119996799999995  ,2.0
0.00601599971          ,2.0
0.00601999974          ,2.0
0.00602399977          ,2.0
0.0060279997999999994  ,2.0
0.00603199983          ,2.0
0.00603599986          ,1.6
0.00603999989          ,2.0
0.006043999919999999   ,2.0
0.00604799995          ,2.0
0.00605199998          ,1.6
0.006056000010000001   ,2.0
0.006060000039999999   ,2.0
0.00606400007          ,1.6
0.00606799964          ,1.6
0.00607199967          ,1.6
0.0060759997           ,2.0
0.00607999973          ,2.0
0.00608399976          ,1.6
0.0060879997900000005  ,1.6
0.006091999819999999   ,2.0
0.00609599985          ,2.0
0.00609999988          ,2.0
0.00610399991          ,1.6
0.006107999939999999   ,1.6
0.0061119999699999995  ,1.6
0.006116               ,1.6
0.00612000003          ,1.6
0.00612400007          ,1.6
0.0061280001           ,1.6
0.00613199966          ,1.6
0.00613599969          ,1.6
0.00613999972          ,2.0
0.006143999749999999   ,1.6
0.00614799978          ,2.0
0.00615199981          ,1.6
0.006155999840000001   ,2.0
0.006159999869999999   ,1.6
0.0061639999           ,1.6
0.00616799993          ,1.6
0.0061719999600000006  ,1.6
0.006176               ,1.6
0.0061800000300000005  ,1.6
0.006184000060000001   ,2.0
0.0061880000899999996  ,1.6
0.006191999649999999   ,1.6
0.00619599968          ,2.0
0.00619999971          ,1.6
0.0062039997400000005  ,2.0
0.006207999769999999   ,1.6
0.0062119998           ,1.6
0.00621599983          ,2.0
0.00621999986          ,1.6
0.0062239999           ,1.6
0.00622799993          ,1.6
0.006231999960000001   ,1.6
0.006235999989999999   ,1.6
0.00624000002          ,1.6
0.00624400005          ,1.6
0.006248000080000001   ,1.6
0.00625199964          ,1.6
0.00625599967          ,1.6
0.006259999699999999   ,1.6
0.00626399973          ,1.6
0.00626799976          ,1.6
0.006271999790000001   ,1.6
0.00627599983          ,1.6
0.0062799998600000006  ,1.6
0.006283999889999999   ,1.6
0.00628799992          ,1.6
0.00629199995          ,1.6
0.0062959999800000005  ,1.6
0.006300000010000001   ,1.6
0.0063040000399999995  ,1.6
0.00630800007          ,1.6
0.00631199963          ,2.0
0.00631599966          ,1.6
0.0063199996900000005  ,1.6
0.00632399973          ,1.6
0.00632799976          ,1.6
0.006331999790000001   ,1.6
0.0063359998199999995  ,1.6
0.00633999985          ,1.6
0.00634399988          ,1.6
0.006347999910000001   ,1.6
0.006351999939999999   ,1.6
0.00635599997          ,1.6
0.00636                ,1.6
0.006364000030000001   ,1.6
0.00636800006          ,1.6
0.00637200009          ,1.6
0.00637599966          ,1.6
0.006379999690000001   ,1.6
0.006383999719999999   ,1.6
0.00638799975          ,1.6
0.00639199978          ,1.6
0.0063959998100000005  ,1.6
0.006399999840000001   ,1.6
0.00640399987          ,1.6
0.0064079999           ,1.6
0.0064119999300000004  ,1.6
0.006415999960000001   ,1.6
0.0064199999899999995  ,1.6
0.00642400002          ,1.6
0.00642800005          ,1.6
0.00643200008          ,1.6
0.0064359996499999995  ,1.6
0.00643999968          ,1.6
0.00644399971          ,1.6
0.006447999740000001   ,1.6
0.0064519997699999995  ,1.6
0.0064559998           ,1.6
0.00645999983          ,1.6
0.006463999860000001   ,1.6
0.006467999889999999   ,1.6
0.00647199992          ,1.6
0.00647599995          ,1.6
0.006479999980000001   ,1.6
0.00648400001          ,1.6
0.00648800004          ,1.6
0.00649200007          ,1.6
0.006495999640000001   ,1.6
0.006499999669999999   ,1.6
0.0065039997           ,1.6
0.00650799973          ,1.6
0.0065119997600000005  ,1.6
0.006515999790000001   ,1.6
0.00651999982          ,1.6
0.00652399985          ,1.6
0.00652799988          ,1.6
0.00653199991          ,1.6
0.0065359999399999995  ,1.6
0.00653999997          ,1.6
0.006544               ,1.6
0.00654800003          ,1.6
0.00655200006          ,1.6
0.00655600009          ,1.2
0.00655999966          ,1.6
0.006563999690000001   ,1.6
0.0065679997199999994  ,1.6
0.00657199975          ,1.6
0.00657599978          ,1.6
0.006579999810000001   ,1.6
0.00658399984          ,1.6
0.00658799987          ,1.6
0.0065919999           ,1.6
0.006595999930000001   ,1.6
0.00659999996          ,1.6
0.00660399999          ,1.6
0.00660800003          ,1.6
0.0066120000600000004  ,1.6
0.00661600009          ,1.6
0.00661999965          ,1.6
0.00662399968          ,1.6
0.0066279997100000005  ,1.6
0.00663199974          ,1.6
0.00663599977          ,1.6
0.0066399998           ,1.2
0.00664399983          ,1.6
0.00664799986          ,1.6
0.0066519998899999995  ,1.6
0.00665599992          ,1.6
0.00665999996          ,1.6
0.00666399999          ,1.6
0.006668000019999999   ,1.2
0.00667200005          ,1.6
0.00667600008          ,1.6
0.006679999640000001   ,1.6
0.006683999669999999   ,1.6
0.0066879997           ,1.6
0.00669199973          ,1.6
0.006695999760000001   ,1.6
0.00669999979          ,1.6
0.00670399982          ,1.6
0.00670799986          ,1.6
0.00671199989          ,1.6
0.00671599992          ,1.6
0.00671999995          ,1.6
0.00672399998          ,1.6
0.00672800001          ,1.6
0.00673200004          ,1.6
0.0067360000699999995  ,1.6
0.00673999963          ,1.6
0.0067439996600000005  ,1.2
0.00674799969          ,1.2
0.00675199972          ,1.6
0.00675599976          ,1.2
0.00675999979          ,1.2
0.00676399982          ,1.6
0.0067679998499999994  ,1.6
0.00677199988          ,1.6
0.00677599991          ,1.2
0.00677999994          ,1.2
0.006783999969999999   ,1.6
0.006788               ,1.6
0.00679200003          ,1.6
0.006796000060000001   ,1.2
0.006800000089999999   ,1.6
0.00680399965          ,1.6
0.00680799969          ,1.6
0.00681199972          ,1.2
0.00681599975          ,1.2
0.00681999978          ,1.6
0.00682399981          ,1.6
0.0068279998400000005  ,1.2
0.00683199987          ,1.6
0.0068359999           ,1.6
0.00683999993          ,1.6
0.00684399996          ,1.6
0.006847999989999999   ,1.6
0.0068520000199999995  ,1.6
0.00685600005          ,1.6
0.00686000008          ,1.6
0.00686399965          ,1.2
0.0068679996799999995  ,1.2
0.00687199971          ,1.6
0.00687599974          ,1.6
0.00687999977          ,1.6
0.006883999799999999   ,1.2
0.00688799983          ,1.2
0.00689199986          ,1.6
0.00689599989          ,1.2
0.006899999919999999   ,1.6
0.00690399995          ,1.2
0.00690799998          ,1.2
0.006912000010000001   ,1.2
0.006916000039999999   ,1.2
0.00692000007          ,1.2
0.00692399964          ,1.2
0.00692799967          ,1.6
0.0069319997           ,1.6
0.00693599973          ,1.2
0.00693999976          ,1.2
0.0069439997900000005  ,1.6
0.006947999819999999   ,1.6
0.00695199985          ,1.6
0.00695599988          ,1.2
0.00695999991          ,1.2
0.006963999939999999   ,1.6
0.0069679999699999995  ,1.2
0.006972               ,1.6
0.00697600003          ,1.2
0.006980000060000001   ,1.6
0.006984000089999999   ,1.6
0.00698799966          ,1.6
0.00699199969          ,1.2
0.00699599972          ,1.2
0.006999999749999999   ,1.2
0.00700399978          ,1.2
0.00700799981          ,1.2
0.007011999840000001   ,1.2
0.007015999869999999   ,1.2
0.0070199999           ,1.6
0.00702399993          ,1.2
0.0070279999600000006  ,1.6
0.007031999989999999   ,1.6
0.00703600002          ,1.6
0.00704000005          ,1.2
0.0070440000899999996  ,1.2
0.007047999649999999   ,1.2
0.00705199968          ,1.2
0.00705599971          ,1.2
0.0070599997400000005  ,1.2
0.007063999769999999   ,1.2
0.0070679997999999996  ,1.6
0.00707199983          ,1.2
0.00707599986          ,1.6
0.007079999889999999   ,1.2
0.0070839999199999995  ,1.2
0.00708799995          ,1.2
0.007091999989999999   ,1.6
0.00709600002          ,1.2
0.00710000005          ,1.6
0.007104000080000001   ,1.2
0.00710799964          ,1.2
0.00711199967          ,1.2
0.007115999699999999   ,1.6
0.00711999973          ,1.2
0.00712399976          ,1.2
0.007127999790000001   ,1.2
0.007131999819999999   ,1.2
0.00713599985          ,1.2
0.007139999889999999   ,1.2
0.00714399992          ,1.2
0.00714799995          ,1.2
0.0071519999800000005  ,1.2
0.007156000010000001   ,1.6
0.0071600000399999995  ,1.2
0.00716400007          ,1.2
0.00716799963          ,1.2
0.00717199966          ,1.2
0.0071759996900000005  ,1.2
0.007179999719999999   ,1.2
0.0071839997499999995  ,1.6
0.00718799978          ,1.2
0.0071919998199999995  ,1.2
0.00719599985          ,1.2
0.00719999988          ,1.2
0.007203999910000001   ,1.2
0.007207999939999999   ,0.800000011921
0.00721199997          ,1.2
0.007216               ,1.2
0.007220000030000001   ,1.2
0.00722400006          ,1.2
0.00722800009          ,1.2
0.007231999649999999   ,1.2
0.00723599968          ,1.2
0.007239999719999999   ,1.6
0.00724399975          ,1.2
0.00724799978          ,1.6
0.0072519998100000005  ,1.2
0.007255999840000001   ,1.2
0.00725999987          ,1.2
0.0072639999           ,1.2
0.0072679999300000004  ,1.2
0.007271999960000001   ,1.2
0.0072759999899999995  ,1.2
0.00728000002          ,1.2
0.00728400005          ,1.2
0.00728800008          ,1.2
0.0072919996499999995  ,1.2
0.00729599968          ,1.2
0.00729999971          ,1.6
0.007303999740000001   ,1.2
0.0073079997699999994  ,1.2
0.0073119998           ,1.2
0.00731599983          ,1.2
0.007319999860000001   ,1.2
0.007323999889999999   ,1.2
0.00732799992          ,1.2
0.00733199995          ,1.2
0.007335999980000001   ,1.2
0.00734000001          ,1.2
0.00734400004          ,1.2
0.00734800007          ,1.2
0.007351999640000001   ,1.2
0.007355999669999999   ,1.2
0.0073599997           ,1.2
0.00736399973          ,1.2
0.0073679997600000005  ,1.2
0.007371999790000001   ,1.2
0.00737599982          ,1.2
0.00737999985          ,1.2
0.00738399988          ,1.2
0.00738799991          ,1.6
0.007391999941         ,1.2
0.007395999972         ,1.2
0.007400000002         ,1.2
0.007404000032999999   ,1.2
0.007408000063         ,1.2
0.007412000094         ,1.2
0.007415999658         ,1.2
0.0074199996889999995  ,1.2
0.007423999719         ,1.2
0.00742799975          ,1.2
0.00743199978          ,1.2
0.007435999810999999   ,1.2
0.007439999841         ,1.2
0.007443999872         ,1.2
0.007447999902         ,1.2
0.007451999933         ,1.2
0.007455999963         ,1.2
0.007459999993         ,1.2
0.007464000024         ,1.2
0.0074680000540000005  ,1.2
0.007472000085         ,1.2
0.00747599965          ,1.2
0.00747999968          ,1.2
0.007483999711         ,1.2
0.007487999741         ,1.2
0.007491999771         ,1.2
0.007495999802         ,1.2
0.007499999832         ,1.2
0.0075039998629999995  ,1.2
0.007507999893         ,1.2
0.007511999924         ,1.2
0.007515999954         ,1.2
0.007519999985         ,1.2
0.007524000015         ,1.2
0.007528000046         ,1.2
0.007532000076         ,1.2
0.007535999640999999   ,1.2
0.007539999671         ,0.800000011921
0.007543999702         ,1.2
0.007547999732         ,1.2
0.007551999763         ,1.2
0.007555999793         ,1.2
0.007559999824         ,1.2
0.007563999854         ,1.2
0.0075679998840000005  ,1.2
0.007571999915         ,1.2
0.007575999945         ,1.2
0.007579999976         ,1.2
0.0075840000060000004  ,1.2
0.007588000037         ,0.800000011921
0.007592000067         ,1.2
0.007595999632         ,1.2
0.0075999996620000005  ,1.2
0.007603999693         ,1.2
0.007607999723         ,1.2
0.007611999754         ,1.2
0.007615999784         ,1.2
0.007619999815         ,1.2
0.007623999845         ,0.800000011921
0.007627999876         ,1.2
0.007631999906         ,0.800000011921
0.007635999937         ,1.2
0.007639999967         ,1.2
0.007643999998         ,1.2
0.007648000028         ,1.2
0.007652000058000001   ,1.2
0.0076560000890000006  ,1.2
0.007659999654         ,1.2
0.007663999684         ,1.2
0.007667999715         ,1.2
0.007671999745         ,1.2
0.007675999776         ,1.2
0.007679999806         ,1.2
0.0076839998360000005  ,1.2
0.0076879998670000005  ,1.2
0.007691999897         ,0.800000011921
0.007695999928         ,0.800000011921
0.007699999958         ,1.2
0.007703999989         ,1.2
0.007708000019         ,0.800000011921
0.00771200005          ,1.2
0.00771600008          ,1.2
0.007719999645         ,0.800000011921
0.007723999675         ,0.800000011921
0.007727999706         ,0.800000011921
0.007731999736         ,1.2
0.007735999767         ,1.2
0.007739999797         ,1.2
0.007743999828         ,1.2
0.007747999858         ,1.2
0.007751999889         ,1.2
0.007755999919000001   ,1.2
0.007759999949         ,0.800000011921
0.00776399998          ,1.2
0.0077680000100000006  ,1.2
0.0077720000410000005  ,1.2
0.007776000071         ,0.800000011921
0.007779999636         ,1.2
0.007783999667         ,1.2
0.0077879996970000006  ,1.2
0.007791999727         ,0.800000011921
0.007795999758         ,1.2
0.0077999997880000005  ,1.2
0.0078039998190000005  ,1.2
0.007807999849         ,1.2
0.00781199988          ,1.2
0.00781599991          ,1.2
0.007819999941         ,1.2
0.007823999971         ,1.2
0.007828000002         ,1.2
0.007832000032         ,0.800000011921
0.007836000063         ,1.2
0.007840000093         ,1.2
0.007844000123         ,1.2
0.007848000154000001   ,1.2
0.007852000183999999   ,1.2
0.007856000215         ,1.2
0.007860000245         ,0.800000011921
0.007864000276         ,0.800000011921
0.007868000306000001   ,0.800000011921
0.007871999405         ,1.2
0.007875999436         ,1.2
0.007879999466         ,1.2
0.007883999497         ,0.800000011921
0.007887999527         ,1.2
0.007891999558         ,1.2
0.007895999588         ,1.2
0.007899999619         ,0.800000011921
0.007903999649         ,0.800000011921
0.007907999679000001   ,0.800000011921
0.007911999710000001   ,0.800000011921
0.00791599974          ,1.2
0.007919999771         ,1.2
0.007923999801         ,1.2
0.007927999832         ,1.2
0.007931999862000001   ,1.2
0.007935999893         ,0.800000011921
0.007939999923         ,1.2
0.007943999954         ,0.800000011921
0.007947999984         ,0.800000011921
0.007952000014         ,1.2
0.007956000045         ,1.2
0.007960000075         ,0.800000011921
0.007964000106000001   ,1.2
0.007968000135999999   ,1.2
0.007972000167         ,0.800000011921
0.007976000197         ,1.2
0.007980000228         ,1.2
0.007984000258         ,0.800000011921
0.007988000289         ,0.800000011921
0.007992000318999999   ,1.2
0.007995999418000001   ,0.800000011921
0.007999999449         ,0.800000011921
0.008003999479         ,0.800000011921
0.00800799951          ,0.800000011921
0.00801199954          ,0.800000011921
0.00801599957          ,1.2
0.008019999601         ,0.800000011921
0.008023999631000001   ,0.800000011921
0.008027999662000001   ,0.800000011921
0.008031999692         ,1.2
0.008035999723         ,0.800000011921
0.008039999753         ,0.800000011921
0.008043999784         ,1.2
0.008047999814000001   ,1.2
0.008051999845         ,0.800000011921
0.008055999875         ,1.2
0.008059999906         ,0.800000011921
0.008063999936         ,1.2
0.008067999966         ,1.2
0.008071999997         ,1.2
0.008076000027         ,1.2
0.008080000058000001   ,0.800000011921
0.008084000087999999   ,1.2
0.008088000119         ,1.2
0.008092000149         ,0.800000011921
0.00809600018          ,0.800000011921
0.00810000021          ,0.800000011921
0.008104000241         ,0.800000011921
0.008108000270999999   ,0.800000011921
0.008112000301         ,1.2
0.008115999401         ,0.800000011921
