-0.0187999997          ,0.800000011921
-0.018759999399999998  ,1.6
-0.0187199991          ,0.800000011921
-0.0186799988          ,0.800000011921
-0.0186400004          ,0.800000011921
-0.0186000001          ,0.800000011921
-0.0185599998          ,1.6
-0.0185199995          ,0.800000011921
-0.0184799992          ,0.800000011921
-0.018439998899999997  ,0.800000011921
-0.0184000004          ,0.800000011921
-0.0183600001          ,0.800000011921
-0.0183199998          ,0.800000011921
-0.018279999499999998  ,0.800000011921
-0.0182399992          ,1.6
-0.0181999989          ,0.800000011921
-0.0181600004          ,0.800000011921
-0.0181200001          ,1.6
-0.0180799998          ,0.800000011921
-0.0180399995          ,0.800000011921
-0.0179999992          ,1.6
-0.0179599989          ,0.800000011921
-0.0179200005          ,0.800000011921
-0.0178800002          ,0.800000011921
-0.0178399999          ,0.800000011921
-0.017799999599999998  ,0.800000011921
-0.0177599993          ,0.800000011921
-0.017719999           ,0.800000011921
-0.0176800005          ,0.800000011921
-0.0176400002          ,0.800000011921
-0.0175999999          ,0.800000011921
-0.0175599996          ,0.800000011921
-0.0175199993          ,0.800000011921
-0.017479999           ,1.6
-0.0174400005          ,0.800000011921
-0.0174000002          ,0.800000011921
-0.0173599999          ,1.6
-0.0173199996          ,1.6
-0.017279999299999998  ,0.800000011921
-0.017239999           ,0.800000011921
-0.0172000006          ,1.6
-0.0171600003          ,0.800000011921
-0.01712               ,1.6
-0.0170799997          ,0.800000011921
-0.0170399994          ,0.800000011921
-0.0169999991          ,0.800000011921
-0.0169600006          ,0.800000011921
-0.0169200003          ,1.6
-0.01688               ,0.800000011921
-0.0168399997          ,1.6
-0.016799999399999998  ,0.800000011921
-0.0167599991          ,0.800000011921
-0.0167200007          ,0.800000011921
-0.0166800003          ,0.800000011921
-0.01664               ,0.800000011921
-0.0165999997          ,1.6
-0.0165599994          ,1.6
-0.0165199991          ,0.800000011921
-0.0164800007          ,0.800000011921
-0.0164400004          ,0.800000011921
-0.0164000001          ,0.800000011921
-0.0163599998          ,1.6
-0.016319999499999998  ,0.800000011921
-0.0162799992          ,0.800000011921
-0.0162400007          ,0.800000011921
-0.0162000004          ,0.800000011921
-0.0161600001          ,0.800000011921
-0.0161199998          ,0.800000011921
-0.0160799995          ,1.6
-0.0160399992          ,0.800000011921
-0.0159999989          ,0.800000011921
-0.0159600005          ,1.6
-0.0159200002          ,0.800000011921
-0.0158799998          ,0.800000011921
-0.0158399995          ,0.800000011921
-0.015799999199999998  ,0.800000011921
-0.0157599989          ,0.800000011921
-0.0157200005          ,0.800000011921
-0.0156800002          ,0.800000011921
-0.0156399999          ,0.800000011921
-0.0155999996          ,0.800000011921
-0.0155600002          ,0.800000011921
-0.0155199999          ,0.800000011921
-0.015479999599999999  ,0.800000011921
-0.0154400002          ,0.800000011921
-0.0153999999          ,0.800000011921
-0.0153599996          ,0.800000011921
-0.0153200002          ,0.800000011921
-0.0152799999          ,0.800000011921
-0.0152399996          ,0.800000011921
-0.0152000003          ,0.800000011921
-0.01516               ,0.800000011921
-0.0151199996          ,0.800000011921
-0.0150800003          ,0.800000011921
-0.01504               ,0.800000011921
-0.014999999699999999  ,1.6
-0.0149600003          ,0.800000011921
-0.01492               ,0.800000011921
-0.0148799997          ,0.800000011921
-0.0148399994          ,0.800000011921
-0.0148                ,0.800000011921
-0.0147599997          ,0.800000011921
-0.0147199994          ,0.800000011921
-0.01468               ,0.800000011921
-0.0146399997          ,0.800000011921
-0.014599999399999999  ,1.6
-0.01456               ,0.800000011921
-0.0145199997          ,0.800000011921
-0.014479999399999999  ,0.800000011921
-0.0144400001          ,0.800000011921
-0.0143999998          ,0.800000011921
-0.0143599994          ,1.6
-0.0143200001          ,0.800000011921
-0.0142799998          ,0.800000011921
-0.0142399995          ,1.6
-0.0142000001          ,1.6
-0.0141599998          ,0.800000011921
-0.0141199995          ,0.800000011921
-0.0140800001          ,0.800000011921
-0.0140399998          ,0.800000011921
-0.013999999499999999  ,0.800000011921
-0.0139600001          ,0.800000011921
-0.0139199998          ,1.6
-0.0138799995          ,0.800000011921
-0.0138400001          ,0.800000011921
-0.0137999998          ,1.6
-0.0137599995          ,0.800000011921
-0.0137200002          ,1.6
-0.0136799999          ,1.6
-0.0136399996          ,0.800000011921
-0.0136000002          ,0.800000011921
-0.0135599999          ,1.6
-0.013519999599999999  ,0.800000011921
-0.0134800002          ,0.800000011921
-0.0134399999          ,0.800000011921
-0.0133999996          ,0.800000011921
-0.0133600002          ,1.6
-0.0133199999          ,0.800000011921
-0.0132799996          ,1.6
-0.013240000200000001  ,0.800000011921
-0.0131999999          ,0.800000011921
-0.0131599996          ,0.800000011921
-0.0131200003          ,0.800000011921
-0.0130799999          ,0.800000011921
-0.0130399996          ,0.800000011921
-0.0130000003          ,0.800000011921
-0.01296               ,0.800000011921
-0.0129199997          ,0.0
-0.0128800003          ,0.800000011921
-0.01284               ,0.800000011921
-0.0127999997          ,0.800000011921
-0.012760000300000001  ,0.800000011921
-0.01272               ,0.800000011921
-0.0126799997          ,0.800000011921
-0.0126400003          ,0.800000011921
-0.0126                ,1.6
-0.0125599997          ,0.800000011921
-0.0125200003          ,0.800000011921
-0.01248               ,0.800000011921
-0.0124399997          ,0.800000011921
-0.0123999994          ,0.800000011921
-0.0123600001          ,0.800000011921
-0.0123199997          ,0.800000011921
-0.0122799994          ,0.800000011921
-0.0122400001          ,0.800000011921
-0.0121999998          ,0.800000011921
-0.0121599995          ,0.800000011921
-0.0121200001          ,1.6
-0.0120799998          ,0.800000011921
-0.012039999499999999  ,0.800000011921
-0.0120000001          ,0.800000011921
-0.0119599998          ,0.800000011921
-0.0119199995          ,1.6
-0.0118800001          ,0.800000011921
-0.0118399998          ,0.800000011921
-0.0117999995          ,0.800000011921
-0.011760000100000001  ,0.800000011921
-0.0117199998          ,0.800000011921
-0.0116799995          ,0.800000011921
-0.0116400002          ,1.6
-0.0115999999          ,0.800000011921
-0.0115599995          ,0.800000011921
-0.0115200002          ,0.800000011921
-0.0114799999          ,1.6
-0.0114399996          ,1.6
-0.0114000002          ,0.800000011921
-0.0113599999          ,0.800000011921
-0.0113199996          ,1.6
-0.011280000200000001  ,1.6
-0.0112399999          ,0.800000011921
-0.0111999996          ,0.800000011921
-0.0111600002          ,0.800000011921
-0.0111199999          ,0.800000011921
-0.0110799996          ,0.800000011921
-0.0110400002          ,0.800000011921
-0.0109999999          ,0.800000011921
-0.010959999599999999  ,0.800000011921
-0.0109200003          ,0.800000011921
-0.01088               ,0.800000011921
-0.0108399997          ,1.6
-0.010800000300000001  ,0.800000011921
-0.01076               ,0.800000011921
-0.0107199997          ,1.6
-0.0106800003          ,0.800000011921
-0.01064               ,1.6
-0.0105999997          ,0.800000011921
-0.0105600003          ,0.800000011921
-0.01052               ,0.800000011921
-0.0104799997          ,0.800000011921
-0.0104400003          ,0.800000011921
-0.0104                ,0.800000011921
-0.010359999699999999  ,0.800000011921
-0.010320000400000001  ,0.800000011921
-0.01028               ,0.800000011921
-0.0102399997          ,0.800000011921
-0.010200000400000001  ,1.6
-0.0101600001          ,0.800000011921
-0.0101199998          ,1.6
-0.0100800004          ,0.800000011921
-0.0100400001          ,0.800000011921
-0.009999999776        ,0.800000011921
-0.009960000403        ,0.800000011921
-0.009920000099        ,0.800000011921
-0.009879999794        ,0.800000011921
-0.009840000421        ,0.800000011921
-0.009800000116        ,0.800000011921
-0.009759999812        ,0.800000011921
-0.009719999507000001  ,1.6
-0.009680000134        ,0.800000011921
-0.009639999828999999  ,0.800000011921
-0.009599999525        ,0.800000011921
-0.009560000151        ,0.800000011921
-0.009519999847        ,0.800000011921
-0.009479999542        ,0.800000011921
-0.009440000169        ,0.800000011921
-0.009399999864000001  ,0.0
-0.00935999956         ,0.800000011921
-0.009320000187        ,0.800000011921
-0.009279999882        ,0.800000011921
-0.009239999577        ,0.800000011921
-0.009200000204        ,1.6
-0.0091599999          ,1.6
-0.009119999595        ,0.800000011921
-0.009080000222        ,0.800000011921
-0.009039999917        ,0.800000011921
-0.008999999613        ,0.800000011921
-0.008960000239        ,0.800000011921
-0.008919999935        ,0.800000011921
-0.00887999963         ,0.800000011921
-0.008840000257        ,0.800000011921
-0.008799999952        ,0.800000011921
-0.008759999648        ,0.800000011921
-0.008720000274        ,0.800000011921
-0.00867999997         ,0.800000011921
-0.008639999665        ,0.800000011921
-0.008600000292        ,0.800000011921
-0.008559999987        ,1.6
-0.008519999682999999  ,1.6
-0.00848000031         ,0.800000011921
-0.008440000005        ,0.800000011921
-0.008399999699999999  ,0.800000011921
-0.008360000327        ,0.800000011921
-0.008320000023        ,0.800000011921
-0.008279999718000001  ,0.800000011921
-0.008240000345        ,0.800000011921
-0.008200000039999999  ,0.800000011921
-0.008159999736        ,0.800000011921
-0.008120000362        ,0.800000011921
-0.008080000058000001  ,0.800000011921
-0.008039999753        ,0.800000011921
-0.008000000379999999  ,0.800000011921
-0.007960000075        ,0.800000011921
-0.007919999771        ,0.800000011921
-0.007880000398        ,0.800000011921
-0.007840000093        ,0.800000011921
-0.0077999997880000005 ,0.800000011921
-0.007759999949        ,0.800000011921
-0.007720000111        ,0.800000011921
-0.007679999806        ,0.800000011921
-0.007639999967        ,0.800000011921
-0.007600000128        ,0.800000011921
-0.007559999824        ,0.800000011921
-0.007519999985        ,0.800000011921
-0.007480000146        ,0.800000011921
-0.007439999841        ,0.800000011921
-0.007400000002        ,0.800000011921
-0.00736000016         ,0.800000011921
-0.007319999860000001  ,0.800000011921
-0.00728000002         ,0.800000011921
-0.00724000018         ,0.800000011921
-0.00719999988         ,0.800000011921
-0.0071600000399999995 ,0.800000011921
-0.0071200002000000005 ,1.6
-0.007079999889999999  ,0.800000011921
-0.00704000005         ,0.800000011921
-0.00700000022         ,1.6
-0.00695999991         ,0.800000011921
-0.00692000007         ,1.6
-0.006880000230000001  ,0.800000011921
-0.00683999993         ,0.800000011921
-0.006800000089999999  ,0.800000011921
-0.00676000025         ,0.800000011921
-0.00671999995         ,1.6
-0.006680000110000001  ,0.800000011921
-0.00664000027         ,0.800000011921
-0.00659999996         ,0.800000011921
-0.00656000013         ,1.6
-0.00651999982         ,0.800000011921
-0.006479999980000001  ,0.800000011921
-0.00644000014         ,0.800000011921
-0.006399999840000001  ,1.6
-0.00636               ,1.6
-0.0063200001599999995 ,0.800000011921
-0.0062799998600000006 ,0.800000011921
-0.00624000002         ,0.800000011921
-0.006200000180000001  ,0.800000011921
-0.006159999869999999  ,0.800000011921
-0.00612000003         ,0.800000011921
-0.0060800002          ,1.6
-0.00603999989         ,0.800000011921
-0.00600000005         ,1.6
-0.005960000209999999  ,0.800000011921
-0.00591999991         ,0.800000011921
-0.0058800000699999995 ,0.800000011921
-0.0058400002300000005 ,0.800000011921
-0.00579999993         ,0.800000011921
-0.00576000009         ,0.800000011921
-0.00572000025         ,0.800000011921
-0.0056799999399999995 ,0.800000011921
-0.0056400001000000005 ,1.6
-0.00560000027         ,1.6
-0.00555999996         ,0.800000011921
-0.00552000012         ,0.800000011921
-0.00548000028         ,1.6
-0.0054399999800000005 ,0.800000011921
-0.00540000014         ,0.800000011921
-0.005359999840000001  ,1.6
-0.00532               ,0.800000011921
-0.005280000159999999  ,0.800000011921
-0.00523999985         ,0.800000011921
-0.00520000001         ,0.800000011921
-0.00516000018         ,0.800000011921
-0.00511999987         ,0.800000011921
-0.00508000003         ,0.800000011921
-0.0050400001899999994 ,0.800000011921
-0.00499999989         ,1.6
-0.00496000005         ,0.800000011921
-0.00492000021         ,0.800000011921
-0.00487999991         ,1.6
-0.004840000069999999  ,0.800000011921
-0.0048000002299999995 ,1.6
-0.004759999920000001  ,0.800000011921
-0.00472000008         ,0.800000011921
-0.00468000025         ,0.800000011921
-0.00463999994         ,0.800000011921
-0.0046000001          ,0.800000011921
-0.0045600002600000005 ,0.800000011921
-0.00451999996         ,0.800000011921
-0.00448000012         ,0.800000011921
-0.00444000028         ,0.800000011921
-0.00439999998         ,0.800000011921
-0.0043600001400000005 ,1.6
-0.004320000300000001  ,0.800000011921
-0.00427999999         ,0.800000011921
-0.00424000015         ,0.800000011921
-0.00420000032         ,0.800000011921
-0.00416000001         ,0.800000011921
-0.00412000017         ,0.800000011921
-0.00408000033         ,0.800000011921
-0.00404000003         ,0.800000011921
-0.004000000189999999  ,0.800000011921
-0.00395999989         ,0.800000011921
-0.00392000005         ,1.6
-0.0038800002100000002 ,0.800000011921
-0.0038400001400000004 ,0.800000011921
-0.0038000000599999998 ,0.800000011921
-0.00376000023         ,0.800000011921
-0.00372000015         ,0.0
-0.00368000008         ,0.800000011921
-0.00364000001         ,0.800000011921
-0.00360000017         ,0.800000011921
-0.0035600001000000003 ,1.6
-0.0035200000300000004 ,0.800000011921
-0.0034800001899999997 ,0.800000011921
-0.00344000012         ,0.800000011921
-0.00340000005         ,0.800000011921
-0.00336000021         ,0.800000011921
-0.00332000013         ,0.800000011921
-0.00328000006         ,0.800000011921
-0.00324000022         ,0.800000011921
-0.00320000015         ,0.800000011921
-0.0031600000799999997 ,0.800000011921
-0.00312000001         ,0.800000011921
-0.00308000017         ,0.800000011921
-0.0030400001          ,0.800000011921
-0.0030000000300000004 ,0.800000011921
-0.0029600001899999996 ,0.800000011921
-0.00292000012         ,1.6
-0.00288000004         ,0.800000011921
-0.0028400002          ,0.800000011921
-0.00280000013         ,0.800000011921
-0.00276000006         ,0.800000011921
-0.00272000022         ,0.800000011921
-0.0026800002          ,0.800000011921
-0.0026400001          ,0.800000011921
-0.0026000002          ,0.0
-0.0025600002          ,0.800000011921
-0.0025200001          ,1.6
-0.0024800003          ,1.6
-0.0024400002          ,0.800000011921
-0.0024000001000000003 ,0.800000011921
-0.00236               ,0.800000011921
-0.0023200002          ,1.6
-0.0022800001          ,0.800000011921
-0.0022400001000000003 ,1.6
-0.0022000001999999998 ,0.800000011921
-0.0021600001          ,1.6
-0.0021200001          ,1.6
-0.0020800002          ,0.800000011921
-0.0020400001999999998 ,0.800000011921
-0.0020000001          ,0.800000011921
-0.0019600003          ,0.800000011921
-0.0019200002          ,0.800000011921
-0.0018800001000000002 ,0.800000011921
-0.0018400002          ,0.800000011921
-0.0018000001999999998 ,0.800000011921
-0.0017600001          ,0.800000011921
-0.0017200001999999998 ,0.800000011921
-0.0016800002          ,0.800000011921
-0.0016400001          ,0.800000011921
-0.0016000002          ,0.800000011921
-0.0015600001          ,0.800000011921
-0.0015200002          ,0.800000011921
-0.0014800001999999998 ,0.800000011921
-0.0014400001000000001 ,0.800000011921
-0.0014000001999999998 ,0.800000011921
-0.0013600001000000001 ,0.800000011921
-0.0013200001999999998 ,0.800000011921
-0.0012800002          ,0.800000011921
-0.0012400001          ,0.800000011921
-0.0012000002          ,0.800000011921
-0.0011600002          ,0.800000011921
-0.0011200001          ,0.800000011921
-0.0010800002          ,0.800000011921
-0.0010400002          ,0.800000011921
-0.0010000002          ,0.800000011921
-0.0009600002090000001 ,0.800000011921
-0.0009200001949999999 ,0.800000011921
-0.000880000181        ,0.800000011921
-0.000840000168        ,0.800000011921
-0.0008000001540000001 ,0.800000011921
-0.000760000199        ,0.800000011921
-0.000720000186        ,0.800000011921
-0.000680000172        ,1.6
-0.0006400002169999999 ,1.6
-0.000600000203        ,0.800000011921
-0.00056000019         ,0.800000011921
-0.000520000176        ,0.800000011921
-0.000480000192        ,0.800000011921
-0.000440000207        ,0.800000011921
-0.00040000019399999995,0.800000011921
-0.00036000017999999995,1.6
-0.000320000196        ,0.800000011921
-0.000280000211        ,0.800000011921
-0.00024000019799999997,0.800000011921
-0.000200000199        ,0.800000011921
-0.0001600002          ,0.800000011921
-0.000120000201        ,0.800000011921
-8.0000202e-05         ,0.800000011921
-4.0000203e-05         ,0.800000011921
-2.0400000000000002e-10,0.800000011921
3.9999795e-05          ,6.4000001
7.9999794e-05          ,12.0
0.000119999793         ,16.8000011
0.000159999792         ,20.80000114
0.000199999791         ,24.80000114
0.00023999979          ,28.80000114
0.000279999804         ,32.0
0.000319999788         ,35.20000076
0.000359999773         ,37.60000229
0.000399999786         ,40.0
0.00043999980000000006 ,42.40000153
0.000479999784         ,44.0
0.000519999769         ,44.79999924
0.000559999782         ,46.40000153
0.000599999796         ,46.40000153
0.0006399997510000001  ,47.20000076
0.000679999765         ,47.20000076
0.000719999778         ,47.20000076
0.000759999792         ,48.0
0.0007999998050000001  ,47.20000076
0.000839999761         ,46.40000153
0.0008799997740000001  ,46.40000153
0.000919999788         ,45.60000229
0.000959999743         ,44.79999924
0.001                  ,44.0
0.0010399998           ,42.40000153
0.0010799997           ,42.40000153
0.0011199998           ,40.79999924
0.0011599998           ,40.0
0.0011999998           ,39.20000076
0.0012399998           ,38.40000153
0.0012799997           ,36.79999924
0.0013199998000000001  ,36.0
0.0013599998           ,35.20000076
0.0013999997           ,34.40000153
0.0014399998           ,32.79999924
0.0014799997           ,32.79999924
0.0015199997           ,32.0
0.0015599998000000001  ,31.20000076
0.0015999997           ,30.39999962
0.0016399998000000001  ,29.60000038
0.0016799998           ,28.80000114
0.0017199997           ,27.20000076
0.0017599998000000002  ,27.20000076
0.0017999997           ,26.39999962
0.0018399998000000002  ,25.60000038
0.0018799998           ,24.80000114
0.0019199997           ,24.80000114
0.0019599998000000003  ,24.0
0.0019999999           ,24.0
0.0020399997           ,24.0
0.0020799998           ,23.20000076
0.0021199998000000003  ,22.39999962
0.0021599997           ,22.39999962
0.0021999998           ,21.60000038
0.0022399998           ,21.60000038
0.0022799997           ,21.60000038
0.0023199997           ,21.60000038
0.0023599998           ,22.39999962
0.0023999996           ,21.60000038
0.0024399997000000002  ,22.39999962
0.0024799998           ,22.39999962
0.0025199996           ,22.39999962
0.0025599997           ,23.20000076
0.0025999998000000002  ,24.0
0.0026399996000000003  ,25.60000038
0.0026799996999999996  ,25.60000038
0.0027199997600000003  ,27.20000076
0.00275999983          ,28.80000114
0.00279999967          ,30.39999962
0.00283999974          ,31.20000076
0.00287999981          ,33.60000229
0.0029199996500000004  ,35.20000076
0.00295999972          ,37.60000229
0.00299999979          ,39.20000076
0.00303999963          ,41.60000229
0.0030799996999999997  ,44.0
0.00311999978          ,46.40000153
0.0031599996100000003  ,49.60000229
0.0031999996899999997  ,52.0
0.0032399997600000003  ,54.40000153
0.00327999983          ,56.799999237
0.00331999967          ,59.200000763
0.00335999974          ,61.600002288999995
0.00339999981          ,64.800003052
0.0034399996500000004  ,66.400001526
0.0034799997200000003  ,68.0
0.00351999979          ,69.599998474
0.00355999963          ,72.0
0.00359999971          ,73.599998474
0.00363999978          ,74.400001526
0.00367999962          ,75.200004578
0.0037199996899999997  ,76.800003052
0.0037599997600000004  ,76.800003052
0.0037999996000000003  ,77.599998474
0.00383999967          ,77.599998474
0.00387999974          ,77.599998474
0.00391999958          ,76.800003052
0.00395999989          ,76.0
0.00399999972          ,75.200004578
0.00403999956          ,74.400001526
0.00407999987          ,73.599998474
0.00411999971          ,72.800003052
0.0041599995500000006  ,71.200004578
0.0041999998499999995  ,69.599998474
0.00423999969          ,68.0
0.00427999953          ,67.200004578
0.00431999983          ,65.599998474
0.00435999967          ,63.200000763
0.00439999951          ,61.600002288999995
0.00443999982          ,60.0
0.00447999965          ,58.400001526000004
0.00451999949          ,56.0
0.0045599998           ,54.40000153
0.00459999964          ,53.60000229
0.0046399994799999995  ,51.20000076
0.00467999978          ,49.60000229
0.00471999962          ,48.0
0.00475999946          ,47.20000076
0.0047999997600000005  ,44.79999924
0.0048399996           ,44.0
0.00487999991          ,42.40000153
0.00491999974          ,41.60000229
0.00495999958          ,40.0
0.00499999989          ,39.20000076
0.0050399997299999996  ,38.40000153
0.00507999957          ,36.79999924
0.00511999987          ,35.20000076
0.00515999971          ,34.40000153
0.00519999955          ,33.60000229
0.00523999985          ,32.79999924
0.00527999969          ,32.0
0.00531999953          ,31.20000076
0.005359999840000001   ,30.39999962
0.00539999967          ,29.60000038
0.00543999951          ,28.80000114
0.0054799998199999995  ,28.0
0.00551999966          ,27.20000076
0.005559999499999999   ,27.20000076
0.0055999998           ,27.20000076
0.005639999640000001   ,26.39999962
0.00567999948          ,25.60000038
0.00571999978          ,25.60000038
0.00575999962          ,25.60000038
0.00579999946          ,25.60000038
0.00583999977          ,25.60000038
0.0058799996           ,25.60000038
0.00591999944          ,25.60000038
0.00595999975          ,25.60000038
0.00599999959          ,26.39999962
0.00603999943          ,26.39999962
0.00607999973          ,27.20000076
0.00611999957          ,28.80000114
0.00615999941          ,29.60000038
0.00619999971          ,31.20000076
0.00623999955          ,32.0
0.0062799998600000006  ,33.60000229
0.0063199996900000005  ,35.20000076
0.0063599995299999995  ,36.79999924
0.006399999840000001   ,38.40000153
0.00643999968          ,40.0
0.006479999520000001   ,42.40000153
0.00651999982          ,44.79999924
0.00655999966          ,47.20000076
0.006599999499999999   ,49.60000229
0.0066399998           ,51.20000076
0.006679999640000001   ,53.60000229
0.00671999948          ,55.200000763
0.00675999979          ,58.400001526000004
0.00679999962          ,60.799999237
0.00683999946          ,62.400001526000004
0.00687999977          ,64.0
0.00691999961          ,65.599998474
0.00695999945          ,67.200004578
0.006999999749999999   ,68.0
0.00703999959          ,69.599998474
0.00707999943          ,70.400001526
0.00711999973          ,71.200004578
0.0071599995700000005  ,72.0
0.0071999994099999996  ,72.0
0.007239999719999999   ,72.0
0.007279999549999999   ,71.200004578
0.00731999939          ,71.200004578
0.0073599997           ,70.400001526
0.007399999536999999   ,69.599998474
0.007439999841         ,68.0
0.00747999968          ,68.0
0.0075199995189999995  ,66.400001526
0.007559999824         ,65.599998474
0.0075999996620000005  ,64.0
0.007639999501         ,62.400001526000004
0.007679999806         ,60.799999237
0.007719999645         ,59.200000763
0.007759999484         ,58.400001526000004
0.0077999997880000005  ,56.0
0.007839999162         ,54.40000153
0.007879999466         ,52.79999924
0.007919999771         ,51.20000076
0.007959999144         ,49.60000229
0.007999999449         ,48.79999924
0.008039999753         ,47.20000076
0.008080000058000001   ,45.60000229
0.008119999431         ,44.0
0.008159999736         ,42.40000153
0.008200000039999999   ,41.60000229
0.008239999413         ,40.0
0.008279999718000001   ,39.20000076
0.008320000023         ,38.40000153
0.008359999396         ,36.79999924
0.008399999699999999   ,36.0
0.008440000005         ,34.40000153
0.008479999378         ,33.60000229
0.008519999682999999   ,32.79999924
0.008559999987         ,32.0
0.008599999361000001   ,30.39999962
0.008639999665         ,29.60000038
0.00867999997          ,29.60000038
0.008719999342999999   ,28.0
0.008759999648         ,27.20000076
0.008799999952         ,27.20000076
0.008839999325999999   ,26.39999962
0.00887999963          ,25.60000038
0.008919999935         ,25.60000038
0.008959999308         ,25.60000038
0.008999999613         ,24.0
0.009039999917         ,24.0
0.00907999929          ,24.0
0.009119999595         ,23.20000076
0.0091599999           ,23.20000076
0.009199999273         ,23.20000076
0.009239999577         ,23.20000076
0.009279999882         ,23.20000076
0.009319999255000001   ,23.20000076
0.00935999956          ,23.20000076
0.009399999864000001   ,24.0
0.009439999238         ,24.80000114
0.009479999542         ,25.60000038
0.009519999847         ,25.60000038
0.00955999922          ,27.20000076
0.009599999525         ,27.20000076
0.009639999828999999   ,28.80000114
0.009679999202         ,30.39999962
0.009719999507000001   ,31.20000076
0.009759999812         ,32.79999924
0.009799999185         ,34.40000153
0.009839999488999999   ,36.79999924
0.009879999794         ,38.40000153
0.009919999167         ,40.0
0.009959999472         ,42.40000153
0.009999999776         ,44.0
0.0100399991           ,46.40000153
0.010079999499999999   ,48.0
0.0101199998           ,49.60000229
0.0101599991           ,52.0
0.0101999994           ,54.40000153
0.0102399997           ,56.0
0.010279999100000001   ,57.600002288999995
0.0103199994           ,59.200000763
0.010359999699999999   ,60.799999237
0.0103999991           ,61.600002288999995
0.0104399994           ,62.400001526000004
0.0104799997           ,63.200000763
0.0105199991           ,64.0
0.010559999399999999   ,64.800003052
0.0105999997           ,64.800003052
0.010639999099999999   ,64.800003052
0.0106799994           ,64.800003052
0.0107199997           ,64.0
0.01076                ,64.0
0.0107999993           ,63.200000763
0.0108399997           ,62.400001526000004
0.01088                ,60.799999237
0.0109199993           ,60.0
0.010959999599999999   ,58.400001526000004
0.0109999999           ,56.799999237
0.011039999299999999   ,56.0
0.0110799996           ,54.40000153
0.0111199999           ,53.60000229
0.011159999299999999   ,52.79999924
0.0111999996           ,50.40000153
0.0112399999           ,48.79999924
0.0112799993           ,48.0
0.0113199996           ,46.40000153
0.0113599999           ,44.79999924
0.0113999993           ,43.20000076
0.0114399996           ,42.40000153
0.0114799999           ,40.79999924
0.011519999199999999   ,40.0
0.0115599995           ,38.40000153
0.0115999999           ,37.60000229
0.011639999199999999   ,36.0
0.0116799995           ,34.40000153
0.0117199998           ,34.40000153
0.0117599992           ,32.79999924
0.0117999995           ,32.0
0.0118399998           ,31.20000076
0.0118799992           ,30.39999962
0.0119199995           ,29.60000038
0.0119599998           ,28.0
0.0119999992           ,28.0
0.012039999499999999   ,27.20000076
0.0120799998           ,26.39999962
0.012119999199999999   ,25.60000038
0.0121599995           ,24.80000114
0.0121999998           ,24.0
0.0122399991           ,24.0
0.0122799994           ,23.20000076
0.0123199997           ,22.39999962
0.0123599991           ,21.60000038
0.0123999994           ,21.60000038
0.0124399997           ,20.80000114
0.0124799991           ,20.80000114
0.012519999399999999   ,20.80000114
0.0125599997           ,20.80000114
0.012599999099999998   ,21.60000038
0.012639999399999999   ,20.80000114
0.0126799997           ,20.0
0.012719999099999999   ,20.80000114
0.0127599994           ,20.80000114
0.0127999997           ,21.60000038
0.012839999            ,21.60000038
0.0128799994           ,22.39999962
0.0129199997           ,23.20000076
0.012959999            ,24.0
0.012999999299999999   ,24.80000114
0.0130399996           ,25.60000038
0.013079998999999998   ,27.20000076
0.013119999299999999   ,28.0
0.0131599996           ,29.60000038
0.0131999999           ,31.20000076
0.0132399993           ,32.79999924
0.0132799996           ,34.40000153
0.0133199999           ,36.0
0.0133599993           ,38.40000153
0.0133999996           ,40.0
0.0134399999           ,41.60000229
0.0134799993           ,43.20000076
0.013519999599999999   ,45.60000229
0.0135599999           ,47.20000076
0.013599999199999999   ,48.79999924
0.0136399996           ,50.40000153
0.0136799999           ,52.0
0.0137199992           ,53.60000229
0.0137599995           ,54.40000153
0.0137999998           ,55.200000763
0.0138399992           ,56.0
0.0138799995           ,56.799999237
0.0139199998           ,57.600002288999995
0.0139599992           ,57.600002288999995
0.013999999499999999   ,58.400001526000004
0.0140399998           ,57.600002288999995
0.014079999199999998   ,57.600002288999995
0.0141199995           ,56.799999237
0.0141599998           ,56.799999237
0.014199999199999999   ,56.799999237
0.0142399995           ,55.200000763
0.0142799998           ,55.200000763
0.0143199991           ,53.60000229
0.0143599994           ,52.79999924
0.0143999998           ,52.0
0.0144399991           ,50.40000153
0.014479999399999999   ,49.60000229
0.0145199997           ,48.0
0.014559999099999998   ,46.40000153
0.014599999399999999   ,45.60000229
0.0146399997           ,44.0
0.014679999099999999   ,43.20000076
0.0147199994           ,41.60000229
0.0147599997           ,40.0
0.014799999099999999   ,39.20000076
0.0148399994           ,38.40000153
0.0148799997           ,36.79999924
0.0149199991           ,36.0
0.0149599994           ,35.20000076
0.014999999699999999   ,33.60000229
0.015039998999999998   ,32.79999924
0.015079999299999999   ,32.0
0.0151199996           ,31.20000076
0.015159998999999999   ,29.60000038
0.0151999993           ,29.60000038
0.0152399996           ,28.0
0.015279998999999999   ,27.20000076
0.0153199993           ,26.39999962
0.0153599996           ,25.60000038
0.015399999            ,25.60000038
0.0154399993           ,24.80000114
0.015479999599999999   ,24.0
0.015519999            ,22.39999962
0.015559999299999999   ,22.39999962
0.0155999996           ,21.60000038
0.0156399999           ,21.60000038
0.0156800002           ,21.60000038
0.0157199986           ,20.80000114
0.0157599989           ,20.0
0.015799999199999998   ,20.0
0.0158399995           ,19.2000008
0.0158799998           ,19.2000008
0.0159200002           ,19.2000008
0.0159599986           ,19.2000008
0.0159999989           ,19.2000008
0.0160399992           ,19.2000008
0.0160799995           ,19.2000008
0.0161199998           ,19.2000008
0.0161600001           ,19.2000008
0.0161999986           ,19.2000008
0.0162399989           ,20.0
0.0162799992           ,20.80000114
0.016319999499999998   ,20.80000114
0.0163599998           ,21.60000038
0.0164000001           ,22.39999962
0.0164399985           ,23.20000076
0.0164799988           ,24.80000114
0.0165199991           ,25.60000038
0.0165599994           ,26.39999962
0.0165999997           ,28.0
0.01664                ,29.60000038
0.0166799985           ,31.20000076
0.0167199988           ,32.79999924
0.0167599991           ,34.40000153
0.016799999399999998   ,36.0
0.0168399997           ,37.60000229
0.01688                ,39.20000076
0.016919998500000002   ,40.79999924
0.016959998799999997   ,42.40000153
0.0169999991           ,44.0
0.0170399994           ,45.60000229
0.0170799997           ,46.40000153
0.01712                ,48.0
0.0171600003           ,48.79999924
0.0171999987           ,50.40000153
0.017239999            ,51.20000076
0.017279999299999998   ,51.20000076
0.0173199996           ,51.20000076
0.0173599999           ,52.79999924
0.0174000002           ,52.79999924
0.0174399987           ,52.0
0.017479999            ,52.0
0.0175199993           ,52.0
0.0175599996           ,51.20000076
0.0175999999           ,51.20000076
0.0176400002           ,49.60000229
0.0176799987           ,49.60000229
0.017719999            ,48.79999924
0.0177599993           ,47.20000076
0.017799999599999998   ,46.40000153
0.0178399999           ,44.79999924
0.0178800002           ,44.0
0.0179199986           ,43.20000076
0.0179599989           ,42.40000153
0.0179999992           ,40.79999924
0.0180399995           ,40.0
0.0180799998           ,38.40000153
0.0181200001           ,37.60000229
0.0181599986           ,36.0
0.0181999989           ,34.40000153
0.0182399992           ,34.40000153
0.018279999499999998   ,32.79999924
0.0183199998           ,32.79999924
0.0183600001           ,31.20000076
0.0183999985           ,29.60000038
0.018439998899999997   ,29.60000038
0.0184799992           ,28.80000114
0.0185199995           ,27.20000076
0.0185599998           ,26.39999962
0.0186000001           ,26.39999962
0.0186399985           ,25.60000038
0.0186799988           ,24.80000114
0.0187199991           ,24.0
0.018759999399999998   ,23.20000076
0.0187999997           ,22.39999962
0.01884                ,21.60000038
0.018879998500000002   ,20.80000114
0.018919998799999997   ,20.0
0.0189599991           ,20.0
0.0189999994           ,20.0
0.0190399997           ,19.2000008
0.01908                ,19.2000008
0.0191199984           ,18.3999996
0.0191599987           ,18.3999996
0.019199999            ,18.3999996
0.0192399994           ,17.6000004
0.019279999699999998   ,17.6000004
0.01932                ,16.8000011
0.0193599984           ,16.8000011
0.0193999987           ,16.8000011
0.019439999            ,16.8000011
0.0194799993           ,16.8000011
0.0195199996           ,16.8000011
0.0195599999           ,16.8000011
0.0196000002           ,17.6000004
0.0196399987           ,17.6000004
0.019679999            ,18.3999996
0.0197199993           ,19.2000008
0.019759999599999998   ,19.2000008
0.0197999999           ,20.0
0.0198400002           ,20.80000114
0.0198799986           ,22.39999962
0.0199199989           ,23.20000076
0.0199599992           ,24.0
0.0199999996           ,25.60000038
0.0200399999           ,26.39999962
0.0200800002           ,28.0
0.0201199986           ,29.60000038
0.02015999891          ,31.20000076
0.02019999921          ,32.79999924
0.02023999952          ,33.60000229
0.020279999820000002   ,35.20000076
0.02032000013          ,36.79999924
0.02035999857          ,38.40000153
0.02039999887          ,39.20000076
0.02043999918          ,40.79999924
0.02047999948          ,42.40000153
0.02051999979          ,43.20000076
0.020560000090000002   ,44.0
0.02059999853          ,44.79999924
0.02063999884          ,45.60000229
0.020679999140000002   ,46.40000153
0.020719999450000002   ,46.40000153
0.02075999975          ,47.20000076
0.02080000006          ,47.20000076
0.0208399985           ,47.20000076
0.0208799988           ,46.40000153
0.02091999911          ,46.40000153
0.020959999410000003   ,46.40000153
0.02099999972          ,45.60000229
0.021040000019999998   ,44.79999924
0.02107999846          ,44.79999924
0.02111999877          ,44.0
0.02115999907          ,42.40000153
0.02119999938          ,41.60000229
0.02123999968          ,40.79999924
0.02127999999          ,39.20000076
0.021319998429999997   ,38.40000153
0.021359998730000003   ,38.40000153
0.02139999904          ,36.79999924
0.021439999339999998   ,36.0
0.021479999649999998   ,34.40000153
0.02151999995          ,33.60000229
0.02155999839          ,32.79999924
0.0215999987           ,32.0
0.021639999            ,31.20000076
0.02167999931          ,30.39999962
0.021719999610000002   ,28.80000114
0.021759999920000002   ,28.0
0.02179999836          ,27.20000076
0.02183999866          ,26.39999962
0.021879998969999998   ,25.60000038
0.02191999927          ,24.80000114
0.02195999958          ,24.80000114
0.02199999988          ,24.0
0.02203999832          ,23.20000076
0.02207999863          ,22.39999962
0.022119998930000002   ,21.60000038
0.022159999240000002   ,20.80000114
0.022199999539999998   ,20.0
0.022239999849999997   ,20.0
0.02228000015          ,19.2000008
0.02231999859          ,18.3999996
0.0223599989           ,18.3999996
0.0223999992           ,18.3999996
0.02243999951          ,17.6000004
0.02247999981          ,16.8000011
0.02252000012          ,16.8000011
0.022559998560000002   ,16.8000011
0.022599998859999998   ,16.0
0.022639999169999998   ,16.0
0.02267999947          ,16.0
0.02271999978          ,16.0
0.02276000008          ,15.1999998
0.02279999852          ,15.1999998
0.02283999883          ,15.1999998
0.022879999130000002   ,15.1999998
0.02291999944          ,16.0
0.02295999974          ,16.0
0.023000000040000003   ,16.0
0.023039998489999998   ,16.0
0.02307999879          ,16.8000011
0.0231199991           ,17.6000004
0.0231599994           ,17.6000004
0.0231999997           ,18.3999996
0.02324000001          ,19.2000008
0.023279998450000002   ,20.0
0.023319998760000002   ,20.80000114
0.02335999906          ,21.60000038
0.02339999937          ,23.20000076
0.023439999670000003   ,24.0
0.02347999997          ,25.60000038
0.02351999842          ,26.39999962
0.02355999872          ,28.0
0.02359999903          ,28.80000114
0.02363999933          ,30.39999962
0.02367999963          ,32.0
0.02371999994          ,32.79999924
0.02375999838          ,34.40000153
0.02379999869          ,36.0
0.023839998990000003   ,36.79999924
0.02387999929          ,37.60000229
0.0239199996           ,38.40000153
0.0239599999           ,39.20000076
0.02399999835          ,40.0
0.02403999865          ,40.79999924
0.02407999896          ,41.60000229
0.02411999926          ,42.40000153
0.02415999956          ,42.40000153
0.024199999870000002   ,42.40000153
0.024239998309999997   ,42.40000153
0.024279998620000003   ,42.40000153
0.02431999892          ,42.40000153
0.024359999219999998   ,41.60000229
0.02439999953          ,40.79999924
0.02443999983          ,40.0
0.02447999828          ,40.0
0.02451999858          ,39.20000076
0.02455999888          ,38.40000153
0.024599999190000003   ,37.60000229
0.02463999949          ,36.79999924
0.0246799998           ,35.20000076
0.02471999824          ,34.40000153
0.02475999855          ,33.60000229
0.024799998849999998   ,32.79999924
0.02483999915          ,32.0
0.02487999946          ,31.20000076
0.02491999976          ,30.39999962
0.024960000070000002   ,28.80000114
0.02499999851          ,28.80000114
0.025039998810000002   ,28.0
0.02507999912          ,27.20000076
0.025119999419999997   ,26.39999962
0.025159999730000004   ,25.60000038
0.02520000003          ,24.80000114
0.02523999847          ,23.20000076
0.02527999878          ,23.20000076
0.02531999908          ,21.60000038
0.02535999939          ,21.60000038
0.02539999969          ,21.60000038
0.02544                ,20.80000114
0.025479998440000002   ,20.0
0.025519998739999997   ,19.2000008
0.025559999049999997   ,19.2000008
0.02559999935          ,18.3999996
0.02563999966          ,18.3999996
0.025679999959999998   ,16.8000011
0.0257199984           ,16.0
0.02575999871          ,16.0
0.02579999901          ,16.0
0.02583999932          ,15.1999998
0.025879999619999997   ,15.1999998
0.025919999929999996   ,14.4000006
0.025959998369999997   ,14.4000006
0.02599999867          ,14.4000006
0.02603999898          ,13.6000004
0.02607999928          ,13.6000004
0.026119999589999998   ,13.6000004
0.02615999989          ,13.6000004
0.02619999833          ,13.6000004
0.02623999864          ,13.6000004
0.026279998939999997   ,13.6000004
0.026319999249999997   ,13.6000004
0.026359999550000002   ,13.6000004
0.02639999986          ,14.4000006
0.0264399983           ,14.4000006
0.0264799986           ,14.4000006
0.02651999891          ,15.1999998
0.02655999921          ,16.0
0.02659999952          ,16.0
0.02663999982          ,16.8000011
0.026679998259999997   ,17.6000004
0.026719998569999997   ,18.3999996
0.026759998870000003   ,19.2000008
0.02679999918          ,20.80000114
0.026839999479999998   ,21.60000038
0.026879999789999998   ,22.39999962
0.02691999823          ,24.0
0.02695999853          ,24.80000114
0.02699999884          ,26.39999962
0.02703999914          ,27.20000076
0.02707999945          ,28.0
0.027119999750000002   ,29.60000038
0.027159998190000003   ,31.20000076
0.0271999985           ,32.79999924
0.027239998799999998   ,32.79999924
0.027279999109999998   ,34.40000153
0.02731999941          ,35.20000076
0.02735999972          ,36.0
0.02740000002          ,36.79999924
0.02743999846          ,36.79999924
0.02747999877          ,37.60000229
0.027519999070000002   ,37.60000229
0.027559999380000002   ,38.40000153
0.027599999679999997   ,38.40000153
0.027639999989999997   ,38.40000153
0.027679998429999998   ,38.40000153
0.02771999873          ,37.60000229
0.02775999904          ,37.60000229
0.02779999934          ,37.60000229
0.02783999965          ,36.0
0.02787999995          ,36.0
0.027919998390000002   ,35.20000076
0.027959998700000002   ,34.40000153
0.027999998999999998   ,33.60000229
0.028039999309999997   ,32.79999924
0.02807999961          ,32.0
0.02811999992          ,32.0
0.02815999836          ,30.39999962
0.02819999866          ,29.60000038
0.02823999897          ,28.80000114
0.02827999927          ,28.0
0.02831999958          ,27.20000076
0.02835999988          ,26.39999962
0.028399998319999998   ,25.60000038
0.028439998629999998   ,24.80000114
0.02847999893          ,24.0
0.02851999924          ,24.0
0.02855999954          ,23.20000076
0.02859999985          ,22.39999962
0.02863999829          ,21.60000038
0.028679998590000002   ,20.80000114
0.0287199989           ,20.0
0.0287599992           ,20.0
0.02879999951          ,19.2000008
0.028839999810000003   ,18.3999996
0.02887999825          ,18.3999996
0.02891999856          ,17.6000004
0.02895999886          ,16.8000011
0.02899999917          ,16.8000011
0.02903999947          ,16.0
0.02907999977          ,16.0
0.029119998220000002   ,15.1999998
0.02915999852          ,14.4000006
0.02919999883          ,14.4000006
0.029239999130000003   ,14.4000006
0.02927999943          ,13.6000004
0.029319999739999998   ,14.4000006
0.02935999818          ,14.4000006
0.02939999849          ,12.8000002
0.02943999879          ,12.8000002
0.0294799991           ,12.8000002
0.0295199994           ,12.8000002
0.029559999700000002   ,12.0
0.02959999815          ,12.8000002
0.029639998450000003   ,12.8000002
0.029679998760000003   ,12.8000002
0.02971999906          ,12.8000002
0.02975999936          ,12.8000002
0.02979999967          ,12.8000002
0.02983999997          ,12.8000002
0.02987999842          ,13.6000004
0.02991999872          ,13.6000004
0.02995999902          ,14.4000006
0.029999999330000002   ,14.4000006
0.03003999963          ,15.1999998
0.03007999994          ,16.0
0.03011999838          ,16.8000011
0.03015999869          ,17.6000004
0.03019999899          ,18.3999996
0.03023999929          ,20.0
0.0302799996           ,20.80000114
0.030319999900000002   ,21.60000038
0.03035999835          ,22.39999962
0.030399998650000003   ,24.0
0.03043999895          ,24.80000114
0.03047999926          ,25.60000038
0.030519999559999997   ,27.20000076
0.030559999870000003   ,28.0
0.030599998309999998   ,28.80000114
0.03063999861          ,30.39999962
0.03067999892          ,31.20000076
0.03071999922          ,32.0
0.030759999530000002   ,32.79999924
0.03079999983          ,32.79999924
0.030839998280000003   ,32.79999924
0.03087999858          ,33.60000229
0.030919998879999997   ,33.60000229
0.030959999190000004   ,34.40000153
0.03099999949          ,34.40000153
0.0310399998           ,34.40000153
0.03107999824          ,34.40000153
0.03111999854          ,33.60000229
0.03115999885          ,33.60000229
0.03119999915          ,32.79999924
0.03123999946          ,32.79999924
0.031279999759999996   ,32.0
0.0313199982           ,32.0
0.03136000037          ,31.20000076
0.03139999881          ,31.20000076
0.03143999726          ,29.60000038
0.031479999419999995   ,29.60000038
0.031519997859999996   ,28.80000114
0.03156000003          ,27.20000076
0.03159999847          ,26.39999962
0.03164000064          ,25.60000038
0.03167999908          ,25.60000038
0.03171999753          ,24.80000114
0.03175999969          ,24.0
0.03179999813          ,23.20000076
0.0318400003           ,22.39999962
0.03187999874          ,21.60000038
0.03191999719          ,20.80000114
0.031959999350000004   ,20.80000114
0.03199999779          ,20.0
0.032039999959999996   ,19.2000008
0.0320799984           ,19.2000008
0.03212000057          ,18.3999996
0.03215999901          ,17.6000004
0.032199997450000004   ,17.6000004
0.03223999962          ,16.8000011
0.032279998059999995   ,16.0
0.03232000023          ,16.0
0.03235999867          ,15.1999998
0.032399997119999996   ,15.1999998
0.03243999928          ,14.4000006
0.03247999772          ,13.6000004
0.03251999989          ,13.6000004
0.03255999833          ,13.6000004
0.0326000005           ,12.8000002
0.03263999894          ,12.8000002
0.03267999738          ,12.0
0.032719999550000003   ,12.0
0.032759997990000005   ,12.0
0.032800000159999995   ,12.0
0.032839998599999996   ,11.1999998
0.03288000077          ,12.0
0.03291999921          ,10.4000006
0.03295999765          ,11.1999998
0.03299999982          ,11.1999998
0.03303999826          ,11.1999998
0.03308000043          ,11.1999998
0.03311999887          ,11.1999998
0.03315999731          ,11.1999998
0.03319999948          ,12.0
0.03323999792          ,12.0
0.03328000009          ,12.0
0.03331999853          ,12.8000002
0.033360000699999996   ,12.8000002
0.03339999914          ,12.8000002
0.03343999758          ,13.6000004
0.03347999975          ,14.4000006
0.033519998190000004   ,15.1999998
0.03356000036          ,16.0
0.033599998799999996   ,16.8000011
0.03363999724          ,17.6000004
0.03367999941          ,18.3999996
0.03371999785          ,19.2000008
0.03376000002          ,20.0
0.03379999846          ,20.80000114
0.03384000063          ,22.39999962
0.03387999907          ,23.20000076
0.03391999751          ,24.0
0.03395999968          ,25.60000038
0.03399999812          ,25.60000038
0.034040000290000004   ,26.39999962
0.03407999873          ,28.0
0.03411999717          ,28.80000114
0.03415999934          ,29.60000038
0.03419999778          ,29.60000038
0.03423999995          ,29.60000038
0.034279998390000004   ,30.39999962
0.03432000056          ,31.20000076
0.034359999            ,31.20000076
0.034399997439999996   ,31.20000076
0.03443999961          ,30.39999962
0.03447999805          ,31.20000076
0.03452000022          ,31.20000076
0.03455999866          ,30.39999962
0.0345999971           ,29.60000038
0.03463999927          ,29.60000038
0.03467999771          ,28.80000114
0.03471999988          ,28.80000114
0.03475999832          ,28.0
0.03480000049          ,27.20000076
0.034839998930000005   ,27.20000076
0.03487999737          ,26.39999962
0.034919999539999996   ,25.60000038
0.03495999798          ,25.60000038
0.03500000015          ,24.80000114
0.03503999859          ,24.0
0.03508000076          ,23.20000076
0.0351199992           ,22.39999962
0.03515999764          ,21.60000038
0.03519999981          ,21.60000038
0.03523999825          ,20.0
0.03528000042          ,20.0
0.03531999886          ,19.2000008
0.0353599973           ,18.3999996
0.03539999947          ,17.6000004
0.03543999791          ,17.6000004
0.03548000008          ,16.8000011
0.03551999852          ,16.0
0.03556000069          ,16.0
0.035599999130000004   ,16.0
0.035639997570000005   ,15.1999998
0.03567999974          ,15.1999998
0.03571999818          ,14.4000006
0.03576000035          ,13.6000004
0.03579999879          ,13.6000004
0.035839997230000004   ,12.8000002
0.0358799994           ,12.8000002
0.03591999784          ,12.8000002
0.03596000001          ,12.0
0.03599999845          ,12.0
0.03604000062          ,12.0
0.03607999906          ,12.0
0.0361199975           ,11.1999998
0.036159999670000005   ,11.1999998
0.03619999811          ,11.1999998
0.03624000028          ,11.1999998
0.03627999872          ,10.4000006
0.03631999716          ,10.4000006
0.036359999330000004   ,10.4000006
0.03639999777          ,10.4000006
0.03643999994          ,10.4000006
0.03647999838          ,10.4000006
0.03652000055          ,10.4000006
0.03655999899          ,10.4000006
0.036599997429999996   ,10.4000006
0.0366399996           ,11.1999998
0.03667999804          ,11.1999998
0.03672000021          ,12.0
0.03675999865          ,12.0
0.036799997089999995   ,12.8000002
0.03683999926          ,12.8000002
0.0368799977           ,12.8000002
0.036919999870000005   ,13.6000004
0.03695999831          ,14.4000006
0.037000000479999996   ,14.4000006
0.03703999892          ,16.0
0.03707999736          ,16.8000011
0.03711999953          ,17.6000004
0.03715999797          ,18.3999996
0.03720000014          ,19.2000008
0.03723999858          ,20.0
0.037279997020000004   ,21.60000038
0.03731999919          ,21.60000038
0.037359997629999996   ,23.20000076
0.0373999998           ,24.0
0.03743999824          ,24.80000114
0.03748000041          ,25.60000038
0.03751999885          ,25.60000038
0.03755999729          ,26.39999962
0.03759999946          ,26.39999962
0.0376399979           ,27.20000076
0.037680000070000004   ,27.20000076
0.03771999851          ,28.0
0.03776000068          ,27.20000076
0.03779999912          ,28.0
0.03783999756          ,27.20000076
0.03787999973          ,28.0
0.03791999817          ,27.20000076
0.03796000034          ,27.20000076
0.03799999878          ,26.39999962
0.03803999722          ,26.39999962
0.03807999939          ,25.60000038
0.038119997829999995   ,25.60000038
0.03816                ,25.60000038
0.03819999844          ,24.80000114
0.038240000610000005   ,24.0
0.03827999905          ,24.0
0.03831999749          ,23.20000076
0.03835999966          ,22.39999962
0.0383999981           ,21.60000038
0.038440000269999997   ,21.60000038
0.03847999871          ,20.0
0.03851999715          ,20.0
0.03855999932          ,19.2000008
0.03859999776          ,18.3999996
0.038639999929999995   ,18.3999996
0.038679998369999996   ,18.3999996
0.03872000054          ,16.8000011
0.03875999898          ,16.8000011
0.03879999742          ,16.0
0.03883999959          ,15.1999998
0.03887999803          ,15.1999998
0.0389200002           ,15.1999998
0.03895999864          ,14.4000006
0.03899999708          ,13.6000004
0.03903999925          ,13.6000004
0.03907999769          ,12.8000002
0.03911999986          ,12.8000002
0.0391599983           ,12.0
0.03920000046          ,12.0
0.03923999891          ,11.1999998
0.03927999735          ,11.1999998
0.03931999952          ,11.1999998
0.039359997960000004   ,10.4000006
0.03940000013          ,11.1999998
0.039439998569999996   ,10.4000006
0.03947999701          ,10.4000006
0.03951999918          ,9.600000381000001
0.03955999762          ,9.600000381000001
0.03959999979          ,9.600000381000001
0.03963999823          ,9.600000381000001
0.03968000039          ,8.800000191
0.03971999884          ,9.600000381000001
0.03975999728          ,8.800000191
0.03979999945          ,8.800000191
0.03983999789          ,8.800000191
0.039880000049999996   ,8.800000191
0.0399199985           ,8.800000191
0.03995999694          ,9.600000381000001
0.03999999911          ,8.800000191
0.04003999755          ,9.600000381000001
0.04007999972          ,10.4000006
0.04011999816          ,10.4000006
0.04016000032          ,10.4000006
0.04019999877          ,11.1999998
0.040239997209999996   ,11.1999998
0.04027999938          ,12.0
0.04031999782          ,12.0
0.04035999998          ,12.8000002
0.04039999843          ,13.6000004
0.04044000059          ,14.4000006
0.04047999904          ,15.1999998
0.04051999748          ,16.0
0.040559999640000004   ,16.0
0.04059999809          ,16.8000011
0.04064000025          ,17.6000004
0.040679998700000004   ,19.2000008
0.04071999714          ,19.2000008
0.040759999309999996   ,20.0
0.04079999775          ,21.60000038
0.04083999991          ,21.60000038
0.04087999836          ,22.39999962
0.04092000052          ,23.20000076
0.04095999897          ,23.20000076
0.04099999741          ,24.0
0.04103999957          ,24.80000114
0.04107999802          ,24.80000114
0.041120000180000005   ,24.80000114
0.04115999863          ,25.60000038
0.04119999707          ,25.60000038
0.04123999923          ,25.60000038
0.04127999768          ,25.60000038
0.04131999984          ,24.80000114
0.04135999829          ,24.80000114
0.04140000045          ,24.0
0.04143999889          ,24.0
0.041479997340000005   ,23.20000076
0.0415199995           ,23.20000076
0.04155999795          ,22.39999962
0.04160000011          ,22.39999962
0.04163999856          ,21.60000038
0.041679997            ,21.60000038
0.04171999916          ,20.0
0.04175999761          ,20.0
0.04179999977          ,19.2000008
0.04183999822          ,19.2000008
0.041880000380000004   ,18.3999996
0.041919998820000005   ,18.3999996
0.04195999727          ,17.6000004
0.04199999943          ,16.8000011
0.04203999788          ,16.8000011
0.042080000039999996   ,16.0
0.042119998480000004   ,15.1999998
0.04215999693          ,15.1999998
0.04219999909          ,14.4000006
0.04223999754          ,14.4000006
0.042279999699999994   ,14.4000006
0.04231999815          ,13.6000004
0.04236000031000001    ,13.6000004
0.04239999875          ,12.8000002
0.042439997199999996   ,12.8000002
0.04247999936          ,12.0
0.04251999781          ,12.0
0.042559999970000005   ,11.1999998
0.04259999841          ,11.1999998
0.042640000580000004   ,11.1999998
0.04267999902          ,10.4000006
0.04271999747000001    ,10.4000006
0.042759999630000003   ,10.4000006
0.04279999807          ,10.4000006
0.04284000024          ,9.600000381000001
0.042879998679999996   ,9.600000381000001
0.042919997130000005   ,9.600000381000001
0.042959999289999995   ,8.800000191
0.042999997740000004   ,9.600000381000001
0.0430399999           ,8.800000191
0.043079998339999995   ,8.800000191
0.04312000051          ,8.800000191
0.04315999894999999    ,8.0
0.0431999974           ,8.800000191
0.04323999956          ,8.800000191
0.043279998            ,8.800000191
0.04332000017          ,8.800000191
0.04335999861          ,8.800000191
0.04339999706          ,8.800000191
0.043439999220000004   ,8.800000191
0.04347999766          ,8.800000191
0.04351999983          ,9.600000381000001
0.04355999827          ,9.600000381000001
0.043600000439999995   ,10.4000006
0.04363999888          ,10.4000006
0.04367999732          ,10.4000006
0.04371999949          ,11.1999998
0.043759997929999996   ,12.0
0.0438000001           ,12.0
0.04383999854          ,12.8000002
0.04387999699          ,13.6000004
0.04391999915          ,14.4000006
0.043959997589999994   ,14.4000006
0.04399999976          ,16.0
0.0440399982           ,16.8000011
0.04408000037          ,16.8000011
0.04411999881          ,17.6000004
0.04415999725          ,18.3999996
0.04419999942          ,19.2000008
0.044239997860000005   ,20.0
0.044280000029999995   ,20.80000114
0.044319998470000004   ,20.80000114
0.04435999691          ,21.60000038
0.044399999079999995   ,21.60000038
0.04443999752          ,22.39999962
0.044479999689999994   ,21.60000038
0.04451999813          ,22.39999962
0.0445600003           ,22.39999962
0.04459999874          ,23.20000076
0.04463999718          ,22.39999962
0.04467999935          ,22.39999962
0.04471999779          ,22.39999962
0.044759999960000005   ,21.60000038
0.0447999984           ,21.60000038
0.04483999684          ,21.60000038
0.04487999901          ,21.60000038
0.04491999745          ,20.80000114
0.04495999962          ,20.0
0.04499999806          ,20.0
0.04504000023          ,19.2000008
0.045079998669999996   ,19.2000008
0.045119997110000004   ,19.2000008
0.04515999928          ,18.3999996
0.045199997719999996   ,17.6000004
0.04523999989          ,17.6000004
0.045279998329999994   ,16.0
0.0453200005           ,16.0
0.04535999894          ,16.0
0.04539999738          ,15.1999998
0.04543999955          ,14.4000006
0.04547999799          ,14.4000006
0.04552000016          ,13.6000004
0.045559998600000005   ,13.6000004
0.04559999704          ,13.6000004
0.045639999210000004   ,12.8000002
0.04567999765          ,12.8000002
0.045719999819999996   ,12.0
0.045759998260000004   ,12.0
0.045800000429999994   ,11.1999998
0.04583999887          ,10.4000006
0.04587999731          ,10.4000006
0.04591999948          ,10.4000006
0.04595999792          ,10.4000006
0.04600000008999999    ,9.600000381000001
0.04603999853          ,9.600000381000001
0.046079996969999995   ,9.600000381000001
0.04611999914          ,8.800000191
0.04615999758          ,8.800000191
0.04619999975          ,8.800000191
0.04623999819          ,8.800000191
0.046280000360000004   ,8.800000191
0.0463199988           ,8.800000191
0.046359997240000006   ,8.0
0.04639999941          ,8.0
0.046439997850000005   ,8.0
0.04648000002          ,8.0
0.046519998459999996   ,7.20000029
0.046559996900000004   ,8.0
0.046599999069999995   ,8.0
0.04663999751          ,7.20000029
0.04667999968          ,8.0
0.04671999812          ,7.20000029
0.04676000029          ,8.0
0.04679999872999999    ,8.0
0.04683999717          ,8.0
0.046879999340000006   ,8.0
0.04691999778          ,8.800000191
0.046959999950000005   ,8.800000191
0.04699999839          ,8.800000191
0.04703999683          ,9.600000381000001
0.047079999000000004   ,9.600000381000001
0.04711999744          ,10.4000006
0.04715999961          ,10.4000006
0.04719999805          ,11.1999998
0.04724000022          ,12.0
0.04727999866          ,12.0
0.0473199971           ,12.0
0.04735999927          ,12.8000002
0.047399997709999996   ,13.6000004
0.04743999988          ,14.4000006
0.04747999832          ,15.1999998
0.04751999676          ,16.0
0.04755999893          ,16.8000011
0.047599997369999994   ,16.8000011
0.04763999954          ,18.3999996
0.047679997980000006   ,18.3999996
0.04772000015          ,18.3999996
0.047759998590000005   ,19.2000008
0.04779999703          ,20.0
0.0478399992           ,20.0
0.047879997640000005   ,20.0
0.047919999809999995   ,20.0
0.047959998250000004   ,20.80000114
0.04800000042          ,20.0
0.04803999886          ,20.0
0.0480799973           ,20.0
0.048119999469999994   ,20.0
0.04815999791          ,20.0
0.048200000080000006   ,20.0
0.04823999852          ,19.2000008
0.04827999696          ,19.2000008
0.04831999913          ,18.3999996
0.04835999757          ,18.3999996
0.048399999740000005   ,18.3999996
0.04843999818          ,17.6000004
0.04848000035          ,17.6000004
0.04851999879          ,16.8000011
0.048559997230000006   ,16.0
0.0485999994           ,16.0
0.04863999784          ,16.0
0.04868000001          ,15.1999998
0.048719998449999996   ,14.4000006
0.048759996890000004   ,13.6000004
0.04879999906          ,13.6000004
0.0488399975           ,14.4000006
0.04887999967          ,13.6000004
0.048919998109999994   ,12.8000002
0.04896000028          ,12.0
0.04899999872000001    ,12.0
0.04903999716          ,12.0
0.04907999933          ,11.1999998
0.04911999777          ,11.1999998
0.04915999994          ,11.1999998
0.049199998380000005   ,10.4000006
0.04923999682          ,10.4000006
0.049279998990000004   ,10.4000006
0.04931999743          ,9.600000381000001
0.0493599996           ,9.600000381000001
0.04939999804          ,9.600000381000001
0.049440000209999994   ,8.800000191
0.04947999865          ,8.800000191
0.04951999709          ,8.800000191
0.04955999926          ,8.800000191
0.049599997699999995   ,8.800000191
0.04963999987          ,8.0
0.04967999831          ,8.0
0.049719996749999995   ,8.0
0.04975999892          ,8.0
0.049799997359999994   ,8.0
0.04983999953          ,7.20000029
0.04987999797          ,7.20000029
0.049920000140000004   ,7.20000029
0.04995999858          ,7.20000029
0.04999999702          ,7.20000029
0.05003999919          ,7.20000029
0.050079997630000005   ,7.20000029
0.0501199998           ,7.20000029
0.05015999824          ,7.20000029
0.05019999668          ,7.20000029
0.050239998849999995   ,7.20000029
0.05027999729          ,7.20000029
0.05031999946000001    ,8.0
0.0503599979           ,8.0
0.05040000007          ,8.0
0.05043999851          ,8.800000191
0.05047999695          ,8.800000191
0.05051999911999999    ,9.600000381000001
0.05055999756          ,9.600000381000001
0.050599999730000005   ,10.4000006
0.05063999817          ,10.4000006
0.050680000329999995   ,11.1999998
0.05071999878          ,12.0
0.05075999722          ,12.0
0.05079999939          ,12.8000002
0.05083999783          ,12.8000002
0.05088                ,14.4000006
0.050919998439999996   ,14.4000006
0.050959996880000004   ,14.4000006
0.05099999905          ,16.0
0.051039997489999996   ,16.0
0.05107999966          ,16.8000011
0.051119998099999994   ,17.6000004
0.05116000026          ,17.6000004
0.05119999871          ,17.6000004
0.05123999715          ,18.3999996
0.05127999932          ,18.3999996
0.05131999775999999    ,18.3999996
0.051359999919999996   ,18.3999996
0.051399998370000005   ,18.3999996
0.05143999681          ,18.3999996
0.051479998980000004   ,18.3999996
0.05151999742          ,17.6000004
0.051559999589999995   ,18.3999996
0.051599998030000004   ,17.6000004
0.05164000019          ,17.6000004
0.05167999864          ,17.6000004
0.051719997079999996   ,16.8000011
0.05175999925          ,16.8000011
0.05179999769          ,16.0
0.051839999850000006   ,16.0
0.0518799983           ,15.1999998
0.051919996739999995   ,15.1999998
0.05195999891          ,15.1999998
0.05199999735          ,14.4000006
0.052039999510000004   ,14.4000006
0.05207999796          ,13.6000004
0.05212000012          ,12.8000002
0.05215999857          ,12.8000002
0.052199997010000006   ,12.0
0.052239999179999996   ,12.8000002
0.052279997620000004   ,12.0
0.05231999978          ,11.1999998
0.052359998229999996   ,11.1999998
0.052399996670000004   ,10.4000006
0.052439998839999995   ,10.4000006
0.05247999728          ,10.4000006
0.05251999944          ,9.600000381000001
0.05255999789          ,9.600000381000001
0.05260000005          ,8.800000191
0.05263999849999999    ,8.800000191
0.05267999694          ,8.800000191
0.052719999100000005   ,8.800000191
0.05275999755          ,8.0
0.05279999971          ,8.0
0.05283999816          ,8.0
0.0528799966           ,7.20000029
0.05291999876          ,7.20000029
0.05295999721          ,7.20000029
0.05299999937          ,7.20000029
0.05303999782          ,7.20000029
0.053079999979999994   ,7.20000029
0.05311999843          ,7.20000029
0.05315999687          ,6.4000001
0.05319999903          ,6.4000001
0.053239997479999995   ,6.4000001
0.05327999964          ,6.4000001
0.05331999809          ,6.4000001
0.053360000250000005   ,6.4000001
0.05339999869          ,6.4000001
0.053439997139999994   ,6.4000001
0.0534799993           ,6.4000001
0.053519997750000006   ,6.4000001
0.05355999991          ,5.5999999
0.05359999835          ,6.4000001
0.0536399968           ,6.4000001
0.053679998959999996   ,6.4000001
0.053719997410000005   ,7.20000029
0.05375999957          ,7.20000029
0.05379999802          ,7.20000029
0.05384000018          ,8.0
0.053879998619999994   ,8.0
0.05391999707          ,8.800000191
0.05395999923000001    ,8.800000191
0.05399999768          ,8.800000191
0.05403999984          ,9.600000381000001
0.05407999828          ,10.4000006
0.05411999673          ,10.4000006
0.054159998890000005   ,11.1999998
0.05419999734          ,12.0
0.054239999500000004   ,12.0
0.05427999794          ,12.0
0.05432000011          ,12.8000002
0.054359998550000004   ,13.6000004
0.054399997            ,14.4000006
0.05443999916          ,14.4000006
0.05447999761          ,14.4000006
0.05451999977          ,16.0
0.05455999821          ,16.0
0.054599996656         ,16.0
0.054639998823         ,16.0
0.054679997265         ,16.0
0.054719999433         ,16.8000011
0.054759997873999995   ,16.0
0.054800000042         ,16.8000011
0.054839998483999994   ,16.8000011
0.054879996926         ,16.0
0.054919999093         ,16.0
0.054959997535         ,16.0
0.054999999702         ,16.0
0.055039998144         ,16.0
0.055079996586         ,16.0
0.055119998753000006   ,15.1999998
0.055159997195         ,16.0
0.055199999362000006   ,15.1999998
0.055239997804         ,14.4000006
0.055279999971000006   ,14.4000006
0.055319998413000004   ,14.4000006
0.055359996854999996   ,12.8000002
0.055399999022000004   ,13.6000004
0.055439997463999996   ,12.8000002
0.055479999632         ,12.8000002
0.055519998074         ,12.0
0.055560000241         ,12.0
0.055599998683         ,12.0
0.05563999712500001    ,11.1999998
0.055679999292         ,11.1999998
0.055719997734         ,10.4000006
0.055759999901         ,10.4000006
0.055799998343         ,10.4000006
0.055839996785000005   ,9.600000381000001
0.055879998952         ,9.600000381000001
0.055919997394000005   ,9.600000381000001
0.055959999561         ,8.800000191
0.055999998003000005   ,8.800000191
0.05604000017          ,8.800000191
0.056079998612         ,8.0
0.056119997054000004   ,8.0
0.056159999222         ,8.0
0.056199997663000004   ,7.20000029
0.056239999831         ,8.0
0.056279998273         ,7.20000029
0.056319996715         ,7.20000029
0.056359998882         ,7.20000029
0.056399997324         ,7.20000029
0.056439999490999995   ,7.20000029
0.056479997933         ,7.20000029
0.056520000099999995   ,6.4000001
0.056559998542         ,6.4000001
0.056599996984         ,6.4000001
0.056639999151         ,6.4000001
0.056679997593         ,5.5999999
0.05671999976          ,6.4000001
0.056759998202         ,6.4000001
0.056799996644000005   ,5.5999999
0.056839998811         ,5.5999999
0.056879997253         ,6.4000001
0.056919999421         ,5.5999999
0.056959997862999996   ,6.4000001
0.05700000003          ,5.5999999
0.057039998471999996   ,5.5999999
0.057079996914         ,6.4000001
0.057119999080999996   ,6.4000001
0.057159997523         ,6.4000001
0.057199999689999996   ,6.4000001
0.057239998131999995   ,7.20000029
0.057279996574         ,7.20000029
0.057319998740999994   ,8.0
0.057359997183         ,8.0
0.057399999349999994   ,8.0
0.057439997792         ,8.800000191
0.057479999959         ,8.800000191
0.057519998401         ,10.4000006
0.057559996843         ,10.4000006
0.057599999011000005   ,10.4000006
0.057639997452         ,10.4000006
0.057679999620000005   ,12.0
0.057719998062000004   ,12.0
0.057759996503999995   ,12.8000002
0.057799998671000004   ,12.8000002
0.057839997112999995   ,12.8000002
0.057879999280000004   ,13.6000004
0.057919997721999995   ,14.4000006
0.057959999889000004   ,14.4000006
0.057999998331         ,14.4000006
0.058039996772999994   ,14.4000006
0.05807999894          ,15.1999998
0.058119997381999994   ,15.1999998
0.058159999549         ,14.4000006
0.058199997991         ,15.1999998
0.058240000159         ,15.1999998
0.0582799986           ,14.4000006
0.058319997042         ,14.4000006
0.05835999921          ,15.1999998
0.058399997652000005   ,14.4000006
0.058439999819         ,14.4000006
0.058479998261000005   ,14.4000006
0.058519996703         ,14.4000006
0.05855999887          ,13.6000004
0.058599997312         ,13.6000004
0.058639999479         ,12.8000002
0.058679997921         ,12.8000002
0.058720000088         ,12.0
0.05875999853          ,12.0
0.058799996972         ,12.0
0.058839999139         ,11.1999998
0.058879997581         ,11.1999998
0.058919999748         ,11.1999998
0.05895999819          ,10.4000006
0.058999996632         ,10.4000006
0.0590399988           ,10.4000006
0.059079997241         ,9.600000381000001
0.059119999409         ,9.600000381000001
0.059159997851         ,8.800000191
0.059200000018         ,8.800000191
0.05923999846          ,8.800000191
0.059279996902000004   ,8.0
0.059319999069         ,8.0
0.059359997511         ,7.20000029
0.059399999678         ,7.20000029
0.05943999812          ,8.0
0.059479996562         ,7.20000029
0.059519998729         ,7.20000029
0.059559997171         ,7.20000029
0.059599999338         ,6.4000001
0.05963999778          ,6.4000001
0.059679999948         ,6.4000001
0.059719998388999995   ,6.4000001
0.059759996831         ,6.4000001
0.059799998998999994   ,6.4000001
0.059839997441         ,6.4000001
0.059879999607999994   ,5.5999999
0.05991999805          ,6.4000001
0.059959996492         ,5.5999999
0.059999998659         ,5.5999999
0.060039997101         ,5.5999999
0.06007999926799999    ,5.5999999
0.06011999771          ,4.80000019
0.060159999877000006   ,4.80000019
0.060199998319         ,5.5999999
0.060239996760999996   ,4.80000019
0.060279998928         ,5.5999999
0.060319997369999996   ,4.80000019
0.060359999537000004   ,5.5999999
0.060399997978999996   ,4.80000019
0.060439996421         ,4.80000019
0.060479998589         ,5.5999999
0.060519997029999995   ,5.5999999
0.060559999198         ,5.5999999
0.06059999764000001    ,5.5999999
0.060639999807         ,6.4000001
0.06067999824900001    ,7.20000029
0.060719996691         ,7.20000029
0.060759998858         ,7.20000029
0.060799997300000005   ,7.20000029
0.060839999467         ,8.0
0.060879997909000005   ,8.0
0.060920000076         ,8.800000191
0.060959998518000005   ,8.800000191
0.060999996960000004   ,9.600000381000001
0.061039999127000005   ,10.4000006
0.061079997569000004   ,10.4000006
0.061119999737         ,10.4000006
0.061159998178000004   ,11.1999998
0.061199996619999995   ,11.1999998
0.061239998788         ,12.0
0.06127999723          ,12.0
0.061319999397         ,12.8000002
0.061359997839         ,12.8000002
0.061400000006         ,12.8000002
0.061439998448         ,13.6000004
0.06147999689          ,13.6000004
0.061519999057         ,13.6000004
0.061559997499         ,13.6000004
0.061599999666         ,13.6000004
0.061639998108         ,12.8000002
0.061679996550000005   ,13.6000004
0.061719998717         ,13.6000004
0.061759997159000005   ,13.6000004
0.061799999326         ,13.6000004
0.061839997768         ,12.8000002
0.061879999936         ,12.8000002
0.061919998377999996   ,12.8000002
0.061959996819         ,12.8000002
0.061999998986999996   ,12.0
0.062039997429         ,12.0
0.062079999595999996   ,12.0
0.062119998038         ,11.1999998
0.06215999648          ,11.1999998
0.062199998646999995   ,11.1999998
0.062239997089         ,10.4000006
0.062279999255999995   ,10.4000006
0.062319997698         ,9.600000381000001
0.062359999864999995   ,9.600000381000001
0.062399998307         ,9.600000381000001
0.062439996749         ,9.600000381000001
0.062479998916         ,8.800000191
0.062519997358         ,8.800000191
0.062559999526         ,8.800000191
0.06260000169300001    ,8.800000191
0.062639996409         ,8.0
0.06267999857699999    ,8.0
0.062720000744         ,8.0
0.062759995461         ,7.20000029
0.062799997628         ,7.20000029
0.062839999795         ,7.20000029
0.062879994512         ,7.20000029
0.062919996679         ,7.20000029
0.06295999884600001    ,7.20000029
0.063000001013         ,6.4000001
0.06303999572999999    ,6.4000001
0.063079997897         ,5.5999999
0.06312000006400001    ,5.5999999
0.063159994781         ,5.5999999
0.06319999694799999    ,6.4000001
0.063239999115         ,5.5999999
0.063280001283         ,5.5999999
0.063319995999         ,5.5999999
0.063359998167         ,5.5999999
0.063400000334         ,5.5999999
0.06343999505          ,4.80000019
0.063479997218         ,5.5999999
0.063519999385         ,4.80000019
0.063560001552         ,4.80000019
0.063599996269         ,4.80000019
0.063639998436         ,4.80000019
0.063680000603         ,4.80000019
0.06371999532          ,4.80000019
0.06375999748700001    ,4.80000019
0.063799999654         ,4.80000019
0.063840001822         ,4.80000019
0.063879996538         ,5.5999999
0.06391999870500001    ,4.80000019
0.063960000873         ,5.5999999
0.06399999558899999    ,5.5999999
0.064039997756         ,6.4000001
0.064079999924         ,6.4000001
0.06411999464          ,6.4000001
0.064159996808         ,6.4000001
0.064199998975         ,7.20000029
0.064240001142         ,7.20000029
0.064279995859         ,7.20000029
0.064319998026         ,8.0
0.06436000019299999    ,8.800000191
0.06439999491000001    ,8.800000191
0.064439997077         ,9.600000381000001
0.064479999244         ,9.600000381000001
0.06452000141099999    ,9.600000381000001
0.06455999612800001    ,10.4000006
0.064599998295         ,10.4000006
0.064640000463         ,10.4000006
0.064679995179         ,11.1999998
0.06471999734600001    ,12.0
0.064759999514         ,12.0
0.064800001681         ,12.0
0.064839996397         ,12.0
0.064879998565         ,12.0
0.06492000073200001    ,12.8000002
0.064959995449         ,12.8000002
0.064999997616         ,12.8000002
0.065039999783         ,12.8000002
0.0650799945           ,12.0
0.065119996667         ,12.0
0.06515999883399999    ,12.0
0.065200001001         ,12.0
0.065239995718         ,12.0
0.065279997885         ,12.0
0.06532000005199999    ,11.1999998
0.06535999476900001    ,11.1999998
0.065399996936         ,10.4000006
0.065439999104         ,10.4000006
0.065480001271         ,10.4000006
0.065519995987         ,10.4000006
0.065559998155         ,9.600000381000001
0.065600000322         ,9.600000381000001
0.065639995039         ,9.600000381000001
0.065679997206         ,8.800000191
0.06571999937300001    ,8.800000191
0.06576000154          ,8.800000191
0.065799996257         ,8.0
0.065839998424         ,8.0
0.065880000591         ,8.0
0.065919995308         ,7.20000029
0.06595999747499999    ,7.20000029
0.065999999642         ,7.20000029
0.06604000181          ,7.20000029
0.066079996526         ,7.20000029
0.066119998693         ,7.20000029
0.066160000861         ,6.4000001
0.066199995577         ,6.4000001
0.066239997745         ,6.4000001
0.066279999912         ,6.4000001
0.06631999462799999    ,6.4000001
0.066359996796         ,5.5999999
0.066399998963         ,5.5999999
0.06644000113          ,5.5999999
0.066479995847         ,5.5999999
0.066519998014         ,5.5999999
0.066560000181         ,5.5999999
0.06659999489799999    ,4.80000019
0.066639997065         ,4.80000019
0.066679999232         ,4.80000019
0.06672000139999999    ,4.80000019
0.066759996116         ,4.80000019
0.066799998283         ,4.80000019
0.066840000451         ,4.80000019
0.066879995167         ,4.80000019
0.066919997334         ,4.80000019
0.066959999502         ,4.80000019
0.067000001669         ,4.80000019
0.067039996386         ,4.80000019
0.067079998553         ,4.80000019
0.06712000072          ,4.80000019
0.067159995437         ,4.0
0.067199997604         ,4.80000019
0.067239999771         ,4.80000019
0.067279994488         ,4.80000019
0.067319996655         ,4.80000019
0.067359998822         ,4.80000019
0.067400000989         ,4.80000019
0.067439995706         ,4.80000019
0.067479997873         ,5.5999999
0.06752000004099999    ,5.5999999
0.067559994757         ,6.4000001
0.067599996924         ,6.4000001
0.067639999092         ,7.20000029
0.067680001259         ,7.20000029
0.067719995975         ,7.20000029
0.067759998143         ,7.20000029
0.06780000031000001    ,8.0
0.067839995027         ,8.0
0.067879997194         ,8.800000191
0.067919999361         ,8.800000191
0.067960001528         ,8.800000191
0.067999996245         ,8.800000191
0.068039998412         ,9.600000381000001
0.068080000579         ,10.4000006
0.068119995296         ,10.4000006
0.068159997463         ,10.4000006
0.06819999963000001    ,11.1999998
0.068240001798         ,11.1999998
0.068279996514         ,10.4000006
0.068319998682         ,11.1999998
0.068360000849         ,11.1999998
0.068399995565         ,11.1999998
0.068439997733         ,11.1999998
0.0684799999           ,11.1999998
0.068519994617         ,11.1999998
0.068559996784         ,11.1999998
0.068599998951         ,11.1999998
0.068640001118         ,10.4000006
0.068679995835         ,10.4000006
0.068719998002         ,10.4000006
0.068760000169         ,10.4000006
0.068799994886         ,10.4000006
0.068839997053         ,10.4000006
0.06887999922          ,9.600000381000001
0.068920001388         ,8.800000191
0.068959996104         ,8.800000191
0.06899999827100001    ,8.800000191
0.069040000439         ,8.800000191
0.069079995155         ,8.800000191
0.069119997323         ,8.0
0.06915999949          ,8.0
0.069200001657         ,7.20000029
0.06923999637400001    ,7.20000029
0.069279998541         ,7.20000029
0.069320000708         ,7.20000029
0.069359995425         ,7.20000029
0.069399997592         ,6.4000001
0.069439999759         ,6.4000001
0.06947999447599999    ,6.4000001
0.069519996643         ,6.4000001
0.06955999881          ,6.4000001
0.069600000978         ,6.4000001
0.069639995694         ,5.5999999
0.069679997861         ,5.5999999
0.069720000029         ,5.5999999
0.069759994745         ,5.5999999
0.069799996912         ,4.80000019
0.06983999907999999    ,4.80000019
0.069880001247         ,5.5999999
0.069919995964         ,4.80000019
0.069959998131         ,4.80000019
0.07000000029799999    ,4.80000019
0.07003999501500001    ,4.80000019
0.070079997182         ,4.80000019
0.070119999349         ,4.80000019
0.070160001516         ,4.80000019
0.070199996233         ,4.80000019
0.0702399984           ,4.80000019
0.070280000567         ,4.80000019
0.070319995284         ,4.80000019
0.070359997451         ,4.80000019
0.07039999961900001    ,4.80000019
0.070439994335         ,4.80000019
0.070479996502         ,4.80000019
0.07051999867          ,4.80000019
0.07056000083700001    ,4.80000019
0.070599995553         ,4.0
0.07063999772099999    ,4.0
0.070679999888         ,4.80000019
0.070719994605         ,4.80000019
0.070759996772         ,4.80000019
0.07079999893899999    ,4.80000019
0.070840001106         ,4.80000019
0.070879995823         ,4.80000019
0.07091999799          ,5.5999999
0.070960000157         ,5.5999999
0.070999994874         ,5.5999999
0.071039997041         ,5.5999999
0.07107999920800001    ,6.4000001
0.071120001376         ,6.4000001
0.071159996092         ,7.20000029
0.07119999826000001    ,7.20000029
0.071240000427         ,7.20000029
0.071279995143         ,8.0
0.071319997311         ,8.800000191
0.07135999947800001    ,8.800000191
0.071400001645         ,8.800000191
0.07143999636199999    ,8.800000191
0.071479998529         ,9.600000381000001
0.071520000696         ,9.600000381000001
0.071559995413         ,9.600000381000001
0.07159999758          ,10.4000006
0.071639999747         ,10.4000006
0.071679994464         ,9.600000381000001
0.071719996631         ,10.4000006
0.071759998798         ,10.4000006
0.071800000966         ,10.4000006
0.071839995682         ,10.4000006
0.071879997849         ,9.600000381000001
0.071920000017         ,10.4000006
0.071959994733         ,10.4000006
0.07199999690100001    ,10.4000006
0.072039999068         ,10.4000006
0.072080001235         ,9.600000381000001
0.072119995952         ,9.600000381000001
0.07215999811900001    ,9.600000381000001
0.072200000286         ,9.600000381000001
0.072239995003         ,8.800000191
0.07227999717          ,8.800000191
0.072319999337         ,8.800000191
0.072360001504         ,8.0
0.072399996221         ,8.0
0.072439998388         ,7.20000029
0.072480000556         ,7.20000029
0.07251999527200001    ,7.20000029
0.072559997439         ,7.20000029
0.07259999960699999    ,7.20000029
0.072639994323         ,6.4000001
0.07267999649          ,6.4000001
0.072719998658         ,6.4000001
0.07276000082499999    ,5.5999999
0.072799995542         ,6.4000001
0.072839997709         ,5.5999999
0.072879999876         ,5.5999999
0.072919994593         ,5.5999999
0.07295999676          ,4.80000019
0.072999998927         ,5.5999999
0.07304000109400001    ,5.5999999
0.073079995811         ,4.80000019
0.07311999797799999    ,4.80000019
0.073160000145         ,4.80000019
0.073199994862         ,4.80000019
0.073239997029         ,4.80000019
0.073279999197         ,4.80000019
0.073320001364         ,4.80000019
0.07335999608          ,4.80000019
0.07339999824799999    ,4.80000019
0.073440000415         ,4.0
0.073479995131         ,4.0
0.073519997299         ,4.0
0.073559999466         ,4.0
0.073600001633         ,4.0
0.07363999635          ,4.0
0.07367999851700001    ,4.0
0.073720000684         ,4.0
0.07375999540099999    ,4.0
0.073799997568         ,4.0
0.07383999973500001    ,4.0
0.073879994452         ,4.0
0.07391999661899999    ,4.0
0.073959998786         ,4.0
0.074000000954         ,4.0
0.07403999567          ,4.0
0.074079997838         ,4.0
0.074120000005         ,4.0
0.074159994721         ,4.0
0.074199996889         ,4.0
0.074239999056         ,4.80000019
0.074280001223         ,4.80000019
0.07431999594          ,4.80000019
0.074359998107         ,5.5999999
0.074400000274         ,5.5999999
0.074439994991         ,5.5999999
0.07447999715800001    ,5.5999999
0.074519999325         ,5.5999999
0.074560001493         ,6.4000001
0.074599996209         ,6.4000001
0.07463999837600001    ,7.20000029
0.074680000544         ,7.20000029
0.07471999525999999    ,7.20000029
0.074759997427         ,7.20000029
0.074799999595         ,8.800000191
0.074839994311         ,8.800000191
0.074879996479         ,8.800000191
0.074919998646         ,8.800000191
0.074960000813         ,8.800000191
0.07499999553          ,8.800000191
0.075039997697         ,8.800000191
0.075079999864         ,9.600000381000001
0.07511999458100001    ,9.600000381000001
0.075159996748         ,8.800000191
0.075199998915         ,9.600000381000001
0.07524000108199999    ,8.800000191
0.07527999579900001    ,9.600000381000001
0.075319997966         ,9.600000381000001
0.075360000134         ,9.600000381000001
0.07539999485          ,8.800000191
0.07543999701700001    ,8.800000191
0.075479999185         ,8.800000191
0.075520001352         ,8.800000191
0.075559996068         ,8.0
0.075599998236         ,8.0
0.07564000040300001    ,8.0
0.07567999512          ,8.0
0.075719997287         ,7.20000029
0.075759999454         ,7.20000029
0.075799994171         ,7.20000029
0.075839996338         ,7.20000029
0.07587999850499999    ,7.20000029
0.075920000672         ,7.20000029
0.075959995389         ,6.4000001
0.075999997556         ,7.20000029
0.07603999972299999    ,6.4000001
0.07607999444          ,6.4000001
0.076119996607         ,6.4000001
0.076159998775         ,5.5999999
0.076200000942         ,5.5999999
0.076239995658         ,5.5999999
0.07627999782599999    ,5.5999999
0.076319999993         ,4.80000019
0.076359994709         ,4.80000019
0.076399996877         ,5.5999999
0.076439999044         ,4.80000019
0.076480001211         ,4.80000019
0.076519995928         ,4.80000019
0.076559998095         ,4.80000019
0.076600000262         ,4.80000019
0.076639994979         ,4.80000019
0.07667999714599999    ,4.80000019
0.076719999313         ,4.80000019
0.076760001481         ,4.0
0.076799996197         ,4.80000019
0.076839998364         ,4.80000019
0.076880000532         ,4.80000019
0.076919995248         ,4.0
0.076959997416         ,4.0
0.076999999583         ,4.0
0.07703999429899999    ,4.80000019
0.077079996467         ,4.0
0.077119998634         ,4.0
0.077160000801         ,4.0
0.077199995518         ,4.0
0.077239997685         ,4.0
0.077279999852         ,3.20000005
0.077319994569         ,4.0
0.077359996736         ,4.0
0.077399998903         ,4.0
0.07744000107          ,4.0
0.077479995787         ,4.0
0.077519997954         ,4.0
0.077560000122         ,4.0
0.077599994838         ,4.0
0.077639997005         ,4.0
0.077679999173         ,4.80000019
0.07772000134          ,4.80000019
0.077759996057         ,4.80000019
0.077799998224         ,4.80000019
0.077840000391         ,5.5999999
0.077879995108         ,4.80000019
0.077919997275         ,5.5999999
0.077959999442         ,6.4000001
0.077999994159         ,6.4000001
0.078039996326         ,6.4000001
0.078079998493         ,7.20000029
0.07812000066          ,7.20000029
0.078159995377         ,7.20000029
0.078199997544         ,7.20000029
0.07823999971199999    ,8.0
0.078279994428         ,8.0
0.078319996595         ,8.0
0.078359998763         ,8.0
0.07840000093          ,8.800000191
0.078439995646         ,8.0
0.078479997814         ,8.800000191
0.07851999998100001    ,8.800000191
0.078559994698         ,8.800000191
0.078599996865         ,8.800000191
0.078639999032         ,8.800000191
0.078680001199         ,8.800000191
0.078719995916         ,8.0
0.078759998083         ,8.0
0.07880000025          ,8.800000191
0.078839994967         ,8.0
0.078879997134         ,8.0
0.07891999930100001    ,8.0
0.07896000146900001    ,7.20000029
0.078999996185         ,8.0
0.079039998353         ,7.20000029
0.07908000052          ,7.20000029
0.079119995236         ,7.20000029
0.079159997404         ,6.4000001
0.079199999571         ,6.4000001
0.079239994287         ,6.4000001
0.079279996455         ,5.5999999
0.07931999862200001    ,6.4000001
0.079360000789         ,6.4000001
0.07939999550599999    ,5.5999999
0.079439997673         ,5.5999999
0.07947999984          ,5.5999999
0.079519994557         ,4.80000019
0.07955999672399999    ,5.5999999
0.079599998891         ,4.80000019
0.079640001059         ,4.80000019
0.079679995775         ,4.80000019
0.079719997942         ,4.80000019
0.07976000010999999    ,4.80000019
0.079799994826         ,4.80000019
0.079839996994         ,4.80000019
0.079879999161         ,4.0
0.07992000132799999    ,4.0
0.07995999604500001    ,4.0
0.079999998212         ,4.0
0.080040000379         ,4.80000019
0.080079995096         ,4.0
0.08011999726300001    ,4.0
0.08015999943          ,4.0
0.08019999414699999    ,4.0
0.080239996314         ,4.0
0.080279998481         ,4.0
0.080320000648         ,4.0
0.080359995365         ,3.20000005
0.080399997532         ,4.0
0.0804399997           ,4.0
0.080479994416         ,3.20000005
0.080519996583         ,3.20000005
0.08055999875099999    ,3.20000005
0.080600000918         ,3.20000005
0.080639995635         ,4.0
0.080679997802         ,4.0
0.08071999996899999    ,3.20000005
0.08075999468600001    ,3.20000005
0.080799996853         ,3.20000005
0.08083999902          ,3.20000005
0.080880001187         ,3.20000005
0.080919995904         ,3.20000005
0.080959998071         ,3.20000005
0.081000000238         ,3.20000005
0.081039994955         ,4.0
0.081079997122         ,4.0
0.08111999929          ,4.0
0.081160001457         ,4.0
