-0.00392000005         ,0.800000011921
-0.00391600002         ,0.800000011921
-0.00391199999         ,0.800000011921
-0.00390799996         ,0.800000011921
-0.00390400016         ,0.800000011921
-0.0039000001299999997 ,0.800000011921
-0.0038960001          ,0.800000011921
-0.0038920000699999998 ,0.800000011921
-0.0038880000400000002 ,0.800000011921
-0.00388400001         ,0.800000011921
-0.00387999997         ,0.800000011921
-0.00387599994         ,0.800000011921
-0.0038720001500000003 ,0.800000011921
-0.00386800012         ,0.800000011921
-0.0038640000900000003 ,0.800000011921
-0.00386000006         ,0.800000011921
-0.00385600002         ,0.800000011921
-0.00385199999         ,0.800000011921
-0.00384799996         ,0.800000011921
-0.00384399993         ,0.800000011921
-0.0038400001400000004 ,0.800000011921
-0.00383600011         ,0.800000011921
-0.0038320000699999996 ,0.800000011921
-0.00382800004         ,0.800000011921
-0.00382400001         ,0.800000011921
-0.00381999998         ,0.800000011921
-0.00381599995         ,0.800000011921
-0.00381200016         ,0.800000011921
-0.0038080001199999997 ,0.800000011921
-0.00380400009         ,0.800000011921
-0.0038000000599999998 ,0.800000011921
-0.00379600003         ,0.800000011921
-0.003792              ,0.800000011921
-0.00378799997         ,0.800000011921
-0.0037839999400000003 ,0.800000011921
-0.0037800001400000002 ,0.800000011921
-0.00377600011         ,0.800000011921
-0.00377200008         ,0.800000011921
-0.00376800005         ,0.800000011921
-0.00376400002         ,0.800000011921
-0.00375999999         ,0.800000011921
-0.00375599996         ,0.800000011921
-0.00375199993         ,0.800000011921
-0.00374800013         ,0.800000011921
-0.0037440001          ,0.800000011921
-0.00374000007         ,0.800000011921
-0.00373600004         ,0.800000011921
-0.00373200001         ,0.800000011921
-0.00372799998         ,0.800000011921
-0.00372399995         ,0.800000011921
-0.00372000015         ,0.800000011921
-0.00371600012         ,0.800000011921
-0.00371200009         ,0.800000011921
-0.00370800006         ,0.800000011921
-0.00370400003         ,0.800000011921
-0.0037                ,0.800000011921
-0.0036959999699999998 ,0.800000011921
-0.00369199994         ,0.800000011921
-0.00368800014         ,0.800000011921
-0.00368400011         ,0.800000011921
-0.00368000008         ,0.800000011921
-0.0036760000500000002 ,0.800000011921
-0.00367200002         ,0.800000011921
-0.0036679999900000003 ,0.800000011921
-0.00366399996         ,0.800000011921
-0.00366000016         ,0.40000000596
-0.00365600013         ,0.800000011921
-0.0036520001          ,0.800000011921
-0.00364800007         ,0.800000011921
-0.00364400004         ,0.800000011921
-0.00364000001         ,0.800000011921
-0.0036359999800000004 ,0.800000011921
-0.00363199995         ,0.800000011921
-0.00362800015         ,0.800000011921
-0.00362400012         ,0.800000011921
-0.00362000009         ,0.800000011921
-0.00361600006         ,0.800000011921
-0.00361200003         ,0.800000011921
-0.003608              ,0.800000011921
-0.0036039999699999997 ,1.6
-0.00359999994         ,2.4000001
-0.00359600014         ,2.79999995
-0.00359200011         ,3.20000005
-0.0035880000799999997 ,4.0
-0.00358400005         ,4.80000019
-0.0035800000199999998 ,5.5999999
-0.0035759999900000002 ,5.5999999
-0.00357199996         ,6.4000001
-0.0035680001600000002 ,6.80000019
-0.00356400013         ,7.599999905
-0.0035600001000000003 ,8.400000572
-0.00355600007         ,8.800000191
-0.0035520000400000003 ,9.600000381000001
-0.00354800001         ,10.0
-0.0035439999800000004 ,10.4000006
-0.00353999995         ,11.1999998
-0.0035360001500000003 ,11.6000004
-0.00353200012         ,12.4000006
-0.0035280000900000004 ,12.8000002
-0.00352400006         ,13.1999998
-0.0035200000300000004 ,14.0
-0.003516              ,14.4000006
-0.0035119999699999996 ,15.1999998
-0.00350799994         ,15.6000004
-0.00350400014         ,16.3999996
-0.00350000011         ,16.3999996
-0.0034960000799999997 ,16.8000011
-0.00349200005         ,17.2000008
-0.0034880000199999997 ,18.0
-0.00348399999         ,18.3999996
-0.0034799999599999997 ,19.2000008
-0.00347600016         ,19.6000004
-0.0034720001299999997 ,20.0
-0.0034680001          ,20.80000114
-0.00346400007         ,21.20000076
-0.0034600000400000002 ,21.60000038
-0.00345600001         ,22.0
-0.0034519999800000003 ,22.80000114
-0.00344799994         ,23.20000076
-0.0034440001500000003 ,23.60000038
-0.00344000012         ,24.0
-0.0034360000900000003 ,24.39999962
-0.00343200006         ,25.20000076
-0.0034280000300000004 ,25.60000038
-0.00342399999         ,26.0
-0.00341999996         ,26.39999962
-0.00341599993         ,26.80000114
-0.0034120001400000004 ,27.20000076
-0.00340800011         ,28.0
-0.0034040000799999996 ,28.0
-0.00340000005         ,28.39999962
-0.00339600001         ,28.80000114
-0.00339199998         ,29.60000038
-0.00338799995         ,30.0
-0.00338400016         ,30.39999962
-0.0033800001299999997 ,30.80000114
-0.0033760001          ,31.20000076
-0.0033720000599999998 ,31.60000038
-0.00336800003         ,32.0
-0.003364              ,32.40000153
-0.00335999997         ,32.79999924
-0.00335599994         ,33.20000076
-0.00335200015         ,33.60000229
-0.00334800011         ,34.0
-0.00334400008         ,34.40000153
-0.00334000005         ,34.79999924
-0.00333600002         ,35.20000076
-0.00333199999         ,35.60000229
-0.00332799996         ,36.0
-0.00332399993         ,36.0
-0.00332000013         ,36.40000153
-0.0033160001          ,36.79999924
-0.00331200007         ,37.20000076
-0.00330800004         ,37.60000229
-0.00330400001         ,38.0
-0.00329999998         ,38.0
-0.00329599995         ,38.40000153
-0.00329200015         ,38.79999924
-0.00328800012         ,39.20000076
-0.00328400009         ,39.60000229
-0.00328000006         ,40.0
-0.00327600003         ,40.40000153
-0.003272              ,40.40000153
-0.0032679999699999998 ,40.40000153
-0.00326399994         ,40.79999924
-0.00326000014         ,41.20000076
-0.0032560001099999998 ,41.60000229
-0.00325200008         ,41.60000229
-0.0032480000500000003 ,42.40000153
-0.00324400002         ,42.40000153
-0.0032399999900000003 ,42.40000153
-0.00323599996         ,43.20000076
-0.00323200016         ,43.20000076
-0.00322800013         ,43.60000229
-0.0032240001          ,44.0
-0.00322000007         ,44.0
-0.00321600004         ,44.40000153
-0.00321200001         ,44.40000153
-0.0032079999800000004 ,44.40000153
-0.00320399995         ,44.79999924
-0.00320000015         ,45.20000076
-0.00319600012         ,45.20000076
-0.00319200009         ,45.60000229
-0.00318800006         ,45.60000229
-0.00318400003         ,46.0
-0.00318               ,46.0
-0.0031759999699999997 ,46.40000153
-0.00317199994         ,46.40000153
-0.00316800014         ,46.79999924
-0.00316400011         ,47.20000076
-0.0031600000799999997 ,47.20000076
-0.00315600005         ,47.20000076
-0.0031520000199999998 ,47.60000229
-0.0031479999900000002 ,47.60000229
-0.00314399996         ,48.0
-0.0031400001600000002 ,48.0
-0.00313600013         ,48.40000153
-0.0031320001000000003 ,48.40000153
-0.00312800007         ,48.40000153
-0.0031240000400000003 ,48.79999924
-0.00312000001         ,48.79999924
-0.0031159999800000004 ,48.79999924
-0.00311199995         ,49.20000076
-0.0031080001500000004 ,49.20000076
-0.00310400012         ,49.60000229
-0.0031000000900000004 ,49.60000229
-0.00309600006         ,50.0
-0.0030920000300000004 ,49.60000229
-0.003088              ,50.0
-0.0030839999699999996 ,50.40000153
-0.00307999994         ,50.40000153
-0.00307600014         ,50.40000153
-0.00307200011         ,50.40000153
-0.0030680000799999997 ,50.79999924
-0.00306400005         ,50.79999924
-0.0030600000199999997 ,50.79999924
-0.00305599999         ,50.79999924
-0.0030519999599999998 ,51.20000076
-0.00304800016         ,51.20000076
-0.0030440001299999997 ,51.20000076
-0.0030400001          ,51.20000076
-0.00303600007         ,51.60000229
-0.0030320000400000002 ,51.60000229
-0.00302800001         ,51.60000229
-0.0030239999800000003 ,51.60000229
-0.00301999995         ,51.60000229
-0.0030160001500000003 ,52.0
-0.00301200012         ,52.0
-0.0030080000900000003 ,52.0
-0.00300400006         ,52.0
-0.0030000000300000004 ,52.0
-0.002996              ,52.0
-0.0029919999699999996 ,52.0
-0.00298799993         ,52.40000153
-0.0029840001400000004 ,52.40000153
-0.00298000011         ,52.0
-0.0029760000799999996 ,52.40000153
-0.00297200005         ,52.40000153
-0.0029680000199999996 ,52.79999924
-0.00296399998         ,52.79999924
-0.00295999995         ,52.79999924
-0.00295600016         ,52.79999924
-0.0029520001299999997 ,52.79999924
-0.0029480001          ,52.79999924
-0.0029440000699999997 ,52.79999924
-0.0029400000300000002 ,52.79999924
-0.002936              ,52.79999924
-0.00293199997         ,52.79999924
-0.00292799994         ,52.79999924
-0.0029240001500000002 ,52.79999924
-0.00292000012         ,52.79999924
-0.00291600008         ,52.79999924
-0.00291200005         ,52.79999924
-0.00290800002         ,53.20000076
-0.00290399999         ,53.20000076
-0.00289999996         ,52.79999924
-0.00289600017         ,53.20000076
-0.0028920001400000003 ,53.20000076
-0.0028880001          ,52.79999924
-0.00288400007         ,52.79999924
-0.00288000004         ,52.79999924
-0.00287600001         ,52.79999924
-0.00287199998         ,52.79999924
-0.00286799995         ,52.79999924
-0.00286400015         ,52.79999924
-0.00286000012         ,52.79999924
-0.00285600009         ,52.79999924
-0.00285200006         ,52.79999924
-0.00284800003         ,52.40000153
-0.002844              ,52.79999924
-0.0028399999699999998 ,52.79999924
-0.0028359999400000002 ,52.40000153
-0.00283200014         ,52.40000153
-0.0028280001099999998 ,52.79999924
-0.00282400008         ,52.40000153
-0.0028200000500000003 ,52.40000153
-0.00281600002         ,52.40000153
-0.0028119999900000003 ,52.40000153
-0.00280799996         ,52.40000153
-0.00280400016         ,52.40000153
-0.00280000013         ,52.40000153
-0.0027960001          ,52.40000153
-0.00279200007         ,52.0
-0.00278800004         ,52.0
-0.00278400001         ,52.0
-0.00277999998         ,52.0
-0.00277599995         ,52.0
-0.00277200015         ,51.60000229
-0.00276800012         ,52.0
-0.00276400009         ,51.60000229
-0.00276000006         ,51.60000229
-0.00275600003         ,51.60000229
-0.002752              ,51.60000229
-0.0027479999699999997 ,51.60000229
-0.00274399994         ,51.20000076
-0.00274000014         ,51.20000076
-0.00273600011         ,51.20000076
-0.0027320000799999997 ,50.79999924
-0.00272800005         ,51.20000076
-0.0027240000199999998 ,51.20000076
-0.0027199999900000002 ,50.79999924
-0.002716              ,50.79999924
-0.0027120002          ,50.79999924
-0.0027080001          ,50.79999924
-0.0027040001000000003 ,50.79999924
-0.0027000001          ,50.40000153
-0.002696              ,50.40000153
-0.002692              ,50.40000153
-0.002688              ,50.40000153
-0.0026839998999999997 ,50.40000153
-0.0026800002          ,50.0
-0.0026760001          ,50.0
-0.0026720001          ,50.0
-0.0026680001000000003 ,49.60000229
-0.002664              ,49.60000229
-0.00266               ,49.60000229
-0.002656              ,49.20000076
-0.0026519999          ,49.20000076
-0.0026480001          ,49.20000076
-0.0026440001          ,49.20000076
-0.0026400001          ,49.20000076
-0.002636              ,49.20000076
-0.002632              ,49.20000076
-0.002628              ,48.79999924
-0.002624              ,48.79999924
-0.0026200002          ,48.79999924
-0.0026160001000000003 ,48.40000153
-0.0026120001          ,48.40000153
-0.0026080001          ,48.40000153
-0.002604              ,48.40000153
-0.0026                ,48.0
-0.002596              ,48.0
-0.0025919999          ,48.0
-0.0025880001          ,47.60000229
-0.0025840001          ,47.60000229
-0.0025800001000000003 ,47.60000229
-0.0025760001          ,47.20000076
-0.002572              ,47.20000076
-0.002568              ,47.20000076
-0.002564              ,47.20000076
-0.0025599998999999997 ,47.20000076
-0.0025560001          ,46.79999924
-0.0025520001          ,46.79999924
-0.0025480001          ,46.79999924
-0.002544              ,46.40000153
-0.00254               ,46.79999924
-0.002536              ,46.40000153
-0.002532              ,46.40000153
-0.0025280002          ,46.40000153
-0.0025240001000000002 ,46.0
-0.0025200001          ,46.0
-0.0025160001          ,45.60000229
-0.002512              ,45.60000229
-0.002508              ,45.60000229
-0.002504              ,45.20000076
-0.0024999999          ,45.20000076
-0.0024960001          ,45.20000076
-0.0024920001          ,45.20000076
-0.0024880001000000002 ,45.20000076
-0.0024840001          ,44.79999924
-0.00248               ,44.79999924
-0.002476              ,44.40000153
-0.002472              ,44.40000153
-0.0024680001999999998 ,44.40000153
-0.0024640001          ,44.40000153
-0.0024600001          ,44.0
-0.0024560001          ,44.0
-0.002452              ,44.0
-0.002448              ,44.0
-0.002444              ,43.60000229
-0.00244               ,43.60000229
-0.0024360002          ,43.60000229
-0.0024320001          ,43.60000229
-0.0024280001          ,43.60000229
-0.0024240001          ,43.20000076
-0.00242               ,43.20000076
-0.002416              ,42.79999924
-0.002412              ,42.79999924
-0.0024079999          ,42.79999924
-0.0024040001          ,42.79999924
-0.0024000001000000003 ,42.40000153
-0.0023960001          ,42.40000153
-0.0023920001          ,42.40000153
-0.002388              ,42.0
-0.002384              ,41.60000229
-0.00238               ,42.0
-0.0023760001999999997 ,42.0
-0.0023720001          ,41.60000229
-0.0023680001          ,41.60000229
-0.0023640001000000002 ,41.60000229
-0.00236               ,41.20000076
-0.002356              ,41.20000076
-0.002352              ,41.20000076
-0.002348              ,40.79999924
-0.0023440002          ,40.79999924
-0.0023400001          ,40.40000153
-0.0023360001          ,40.40000153
-0.0023320001          ,40.40000153
-0.002328              ,40.40000153
-0.002324              ,40.0
-0.00232               ,40.40000153
-0.0023159999          ,40.40000153
-0.0023120001000000003 ,40.0
-0.0023080001          ,39.60000229
-0.0023040001          ,39.60000229
-0.0023000001          ,39.60000229
-0.002296              ,39.20000076
-0.002292              ,39.20000076
-0.002288              ,39.20000076
-0.0022840002          ,39.20000076
-0.0022800001          ,38.79999924
-0.0022760001000000003 ,38.79999924
-0.0022720001          ,38.79999924
-0.002268              ,38.40000153
-0.002264              ,38.40000153
-0.00226               ,38.40000153
-0.0022559998999999997 ,38.40000153
-0.0022520001999999997 ,38.40000153
-0.0022480001          ,38.0
-0.0022440001          ,38.0
-0.0022400001000000003 ,38.0
-0.002236              ,38.0
-0.002232              ,37.60000229
-0.002228              ,37.60000229
-0.0022239999          ,37.20000076
-0.0022200001000000002 ,37.20000076
-0.0022160001          ,37.20000076
-0.0022120001          ,37.20000076
-0.002208              ,36.79999924
-0.002204              ,36.79999924
-0.0022                ,36.79999924
-0.002196              ,36.79999924
-0.0021920002          ,36.79999924
-0.0021880001000000003 ,36.79999924
-0.0021840001          ,36.40000153
-0.0021800001          ,36.40000153
-0.002176              ,36.0
-0.002172              ,36.0
-0.002168              ,36.0
-0.0021639999          ,36.0
-0.0021600001          ,36.0
-0.0021560001          ,35.60000229
-0.0021520001000000003 ,35.60000229
-0.0021480001          ,35.60000229
-0.002144              ,35.60000229
-0.00214               ,35.20000076
-0.002136              ,35.20000076
-0.0021319998999999997 ,34.79999924
-0.0021280001          ,34.79999924
-0.0021240001          ,34.79999924
-0.0021200001          ,34.79999924
-0.002116              ,34.79999924
-0.002112              ,34.40000153
-0.002108              ,34.40000153
-0.002104              ,34.40000153
-0.0021000002          ,34.40000153
-0.0020960001000000002 ,34.40000153
-0.0020920001          ,34.0
-0.0020880001          ,34.0
-0.002084              ,33.60000229
-0.00208               ,33.60000229
-0.002076              ,33.60000229
-0.0020719999          ,33.60000229
-0.0020680001          ,33.60000229
-0.0020640001          ,33.60000229
-0.0020600001000000002 ,33.20000076
-0.0020560001          ,33.20000076
-0.002052              ,33.20000076
-0.002048              ,33.20000076
-0.002044              ,32.79999924
-0.0020400001999999998 ,32.79999924
-0.0020360001          ,32.79999924
-0.0020320001          ,32.79999924
-0.0020280001          ,32.40000153
-0.002024              ,32.40000153
-0.00202               ,32.40000153
-0.002016              ,32.40000153
-0.002012              ,32.0
-0.0020080002          ,32.0
-0.0020040001          ,32.0
-0.0020000001          ,32.0
-0.0019960001          ,31.60000038
-0.001992              ,31.60000038
-0.001988              ,31.60000038
-0.001984              ,31.60000038
-0.0019799999          ,31.20000076
-0.0019760001          ,31.20000076
-0.0019720001000000003 ,31.20000076
-0.0019680001          ,31.20000076
-0.0019640001          ,31.20000076
-0.00196               ,31.20000076
-0.001956              ,30.80000114
-0.0019520001          ,30.80000114
-0.001948              ,30.80000114
-0.001944              ,30.80000114
-0.0019400001000000001 ,30.39999962
-0.0019360001          ,30.39999962
-0.001932              ,30.39999962
-0.001928              ,30.39999962
-0.0019240001000000002 ,30.0
-0.0019200001          ,30.0
-0.001916              ,30.0
-0.001912              ,30.0
-0.0019080001          ,30.0
-0.0019040001000000001 ,29.60000038
-0.0019                ,29.60000038
-0.001896              ,29.60000038
-0.0018920001          ,29.60000038
-0.0018880001000000002 ,29.60000038
-0.001884              ,29.20000076
-0.00188               ,29.20000076
-0.0018760001          ,29.20000076
-0.0018720001          ,29.20000076
-0.001868              ,28.80000114
-0.0018640001          ,28.80000114
-0.0018600001000000001 ,28.80000114
-0.001856              ,28.80000114
-0.001852              ,28.39999962
-0.0018480001          ,28.39999962
-0.0018440001000000002 ,28.80000114
-0.00184               ,28.80000114
-0.001836              ,28.39999962
-0.0018320001000000001 ,28.39999962
-0.0018280001          ,28.0
-0.001824              ,28.0
-0.00182               ,28.0
-0.0018160001000000002 ,28.0
-0.0018120001          ,28.0
-0.001808              ,27.60000038
-0.001804              ,27.60000038
-0.0018000001          ,27.60000038
-0.0017960001          ,27.60000038
-0.001792              ,27.60000038
-0.001788              ,27.60000038
-0.0017840001          ,27.20000076
-0.00178               ,27.20000076
-0.001776              ,27.20000076
-0.0017720001000000002 ,27.20000076
-0.0017680001          ,26.80000114
-0.001764              ,27.20000076
-0.00176               ,26.80000114
-0.0017560001          ,26.80000114
-0.0017520001000000001 ,26.80000114
-0.001748              ,26.80000114
-0.001744              ,26.80000114
-0.0017400001          ,26.80000114
-0.0017360001000000002 ,26.39999962
-0.001732              ,26.39999962
-0.001728              ,26.39999962
-0.0017240001          ,26.39999962
-0.0017200001          ,26.0
-0.001716              ,26.39999962
-0.001712              ,26.0
-0.0017080001000000001 ,26.0
-0.0017040001          ,26.0
-0.0017                ,26.0
-0.0016960001          ,25.60000038
-0.0016920001000000002 ,26.0
-0.001688              ,26.0
-0.001684              ,25.60000038
-0.0016800001          ,25.60000038
-0.0016760001          ,25.20000076
-0.001672              ,25.20000076
-0.001668              ,25.20000076
-0.0016640001000000001 ,25.20000076
-0.0016600001          ,25.20000076
-0.001656              ,25.20000076
-0.001652              ,25.20000076
-0.0016480001000000002 ,25.20000076
-0.0016440001          ,24.80000114
-0.00164               ,24.80000114
-0.001636              ,24.80000114
-0.0016320001          ,24.39999962
-0.0016280001000000001 ,24.80000114
-0.001624              ,24.80000114
-0.00162               ,24.39999962
-0.0016160001          ,24.80000114
-0.0016120001000000002 ,24.39999962
-0.001608              ,24.39999962
-0.0016040001          ,24.0
-0.0016000001000000001 ,24.0
-0.001596              ,24.0
-0.001592              ,24.0
-0.0015880001          ,24.0
-0.0015840001000000002 ,24.0
-0.00158               ,24.0
-0.001576              ,23.60000038
-0.0015720001          ,23.60000038
-0.0015680001000000002 ,23.60000038
-0.001564              ,23.60000038
-0.00156               ,23.60000038
-0.0015560001000000001 ,23.60000038
-0.0015520001          ,23.60000038
-0.001548              ,23.20000076
-0.001544              ,23.20000076
-0.0015400001000000002 ,23.20000076
-0.0015360001          ,23.20000076
-0.001532              ,23.20000076
-0.0015280001          ,23.20000076
-0.0015240001          ,23.20000076
-0.00152               ,23.20000076
-0.001516              ,23.20000076
-0.0015120001000000001 ,22.80000114
-0.0015080001          ,22.80000114
-0.001504              ,22.80000114
-0.0015                ,22.80000114
-0.0014960001000000002 ,22.39999962
-0.0014920001          ,22.39999962
-0.001488              ,22.39999962
-0.001484              ,22.39999962
-0.0014800001          ,22.39999962
-0.0014760001000000001 ,22.0
-0.001472              ,22.39999962
-0.001468              ,22.0
-0.0014640001          ,22.0
-0.0014600001000000002 ,22.0
-0.001456              ,22.0
-0.001452              ,22.0
-0.0014480001          ,21.60000038
-0.0014440001          ,21.60000038
-0.00144               ,22.0
-0.0014360001          ,21.60000038
-0.0014320001000000001 ,21.60000038
-0.001428              ,21.60000038
-0.001424              ,21.60000038
-0.0014200001          ,21.20000076
-0.0014160001000000002 ,21.20000076
-0.001412              ,21.20000076
-0.001408              ,21.20000076
-0.0014040001000000001 ,21.20000076
-0.0014000001          ,21.20000076
-0.001396              ,21.20000076
-0.001392              ,21.20000076
-0.0013880001000000002 ,20.80000114
-0.0013840001          ,21.20000076
-0.00138               ,20.80000114
-0.001376              ,20.80000114
-0.0013720001          ,20.80000114
-0.0013680001000000001 ,20.39999962
-0.001364              ,20.39999962
-0.0013600001000000001 ,20.39999962
-0.0013560001          ,20.39999962
-0.0013520001000000002 ,20.39999962
-0.001348              ,20.39999962
-0.0013440001000000002 ,20.39999962
-0.0013400001          ,20.39999962
-0.001336              ,20.39999962
-0.001332              ,20.0
-0.0013280001          ,20.0
-0.0013240001000000001 ,20.0
-0.00132               ,20.0
-0.001316              ,20.0
-0.0013120001          ,20.0
-0.0013080001          ,20.0
-0.001304              ,19.6000004
-0.0013                ,20.0
-0.0012960000999999999 ,19.6000004
-0.0012920001          ,19.6000004
-0.001288              ,19.6000004
-0.001284              ,19.6000004
-0.0012800001          ,19.6000004
-0.0012760001          ,19.6000004
-0.001272              ,19.6000004
-0.0012680000999999998 ,19.2000008
-0.0012640001          ,19.6000004
-0.00126               ,19.2000008
-0.001256              ,19.2000008
-0.0012520001          ,19.2000008
-0.0012480001          ,19.2000008
-0.001244              ,19.2000008
-0.00124               ,19.2000008
-0.0012360001          ,19.2000008
-0.0012320000999999998 ,18.8000011
-0.001228              ,18.8000011
-0.001224              ,18.8000011
-0.0012200001          ,18.8000011
-0.0012160000999999999 ,18.8000011
-0.001212              ,18.8000011
-0.001208              ,18.3999996
-0.0012040001          ,18.3999996
-0.0012000001          ,18.3999996
-0.001196              ,18.3999996
-0.001192              ,18.3999996
-0.0011880000999999999 ,18.3999996
-0.0011840001          ,18.3999996
-0.00118               ,18.0
-0.0011760001          ,18.3999996
-0.0011720001          ,18.3999996
-0.001168              ,18.0
-0.001164              ,18.0
-0.0011600001          ,18.0
-0.0011560001          ,18.0
-0.001152              ,18.0
-0.001148              ,18.0
-0.0011440000999999999 ,17.6000004
-0.0011400001          ,17.6000004
-0.001136              ,17.6000004
-0.001132              ,17.6000004
-0.0011280001          ,17.6000004
-0.0011240001          ,17.6000004
-0.00112               ,17.6000004
-0.001116              ,17.6000004
-0.0011120001          ,17.6000004
-0.0011080000999999999 ,17.2000008
-0.001104              ,17.2000008
-0.0011000000999999999 ,17.2000008
-0.0010960001          ,17.2000008
-0.001092              ,17.2000008
-0.001088              ,17.2000008
-0.0010840001          ,17.2000008
-0.0010800001          ,17.2000008
-0.001076              ,17.2000008
-0.001072              ,17.2000008
-0.0010680001          ,17.2000008
-0.0010640000999999999 ,16.8000011
-0.00106               ,17.2000008
-0.001056              ,16.8000011
-0.0010520001          ,16.8000011
-0.0010480001          ,16.3999996
-0.001044              ,16.8000011
-0.00104               ,16.3999996
-0.0010360000999999998 ,16.8000011
-0.0010320001          ,16.3999996
-0.001028              ,16.3999996
-0.001024              ,16.3999996
-0.0010200000999999999 ,16.3999996
-0.0010160001          ,16.3999996
-0.001012              ,16.3999996
-0.0010080001          ,16.3999996
-0.0010040001          ,16.3999996
-0.001                 ,16.3999996
-0.0009960000169999999 ,16.3999996
-0.0009920001029999998 ,16.3999996
-0.0009880000729999999 ,16.3999996
-0.000984000042        ,16.3999996
-0.000980000012        ,16.3999996
-0.0009760000389999999 ,16.0
-0.0009720000669999999 ,16.0
-0.000968000037        ,16.0
-0.000964000064        ,16.0
-0.000960000034        ,16.0
-0.000956000062        ,16.0
-0.000952000031        ,16.0
-0.000948000059        ,16.0
-0.0009440000290000001 ,15.6000004
-0.0009400000560000001 ,16.0
-0.0009360000260000001 ,15.6000004
-0.000932000054        ,15.6000004
-0.0009280000810000001 ,16.0
-0.0009240000509999999 ,15.6000004
-0.0009200000789999999 ,15.6000004
-0.000916000048        ,15.6000004
-0.000912000076        ,15.6000004
-0.000908000045        ,15.6000004
-0.000904000073        ,15.6000004
-0.000900000043        ,15.1999998
-0.0008960000699999999 ,15.1999998
-0.0008920000400000001 ,15.1999998
-0.0008880000680000001 ,15.1999998
-0.000884000037        ,15.1999998
-0.000880000065        ,15.1999998
-0.000876000035        ,15.1999998
-0.000872000062        ,15.1999998
-0.000868000032        ,15.1999998
-0.0008640000599999999 ,15.1999998
-0.0008600000290000001 ,15.1999998
-0.000856000057        ,14.8000002
-0.0008520000260000001 ,15.1999998
-0.0008480000539999999 ,14.8000002
-0.0008440000819999999 ,14.8000002
-0.000840000052        ,14.8000002
-0.000836000079        ,14.8000002
-0.000832000049        ,14.8000002
-0.000828000077        ,14.8000002
-0.000824000046        ,14.8000002
-0.000820000074        ,14.8000002
-0.000816000043        ,14.8000002
-0.000812000071        ,14.8000002
-0.0008080000410000001 ,14.4000006
-0.0008040000680000001 ,14.4000006
-0.0008000000380000001 ,14.8000002
-0.0007960000659999999 ,14.4000006
-0.000792000035        ,14.4000006
-0.0007880000629999999 ,14.4000006
-0.000784000033        ,14.4000006
-0.00078000006         ,14.4000006
-0.00077600003         ,14.4000006
-0.000772000058        ,14.4000006
-0.000768000027        ,14.4000006
-0.000764000055        ,14.0
-0.000760000083        ,14.0
-0.000756000052        ,14.0
-0.0007520000800000001 ,14.0
-0.000748000049        ,14.0
-0.000744000077        ,14.4000006
-0.000740000047        ,14.0
-0.000736000075        ,14.0
-0.000732000044        ,14.0
-0.000728000072        ,14.0
-0.0007240000410000001 ,13.6000004
-0.0007200000689999999 ,14.0
-0.000716000039        ,14.0
-0.0007120000659999999 ,14.0
-0.0007080000359999999 ,14.0
-0.0007040000639999999 ,13.6000004
-0.000700000033        ,13.6000004
-0.000696000061        ,13.6000004
-0.000692000031        ,13.6000004
-0.000688000058        ,13.6000004
-0.000684000028        ,13.1999998
-0.000680000056        ,13.1999998
-0.000676000083        ,13.6000004
-0.0006720000530000001 ,13.6000004
-0.0006680000810000001 ,13.1999998
-0.00066400005         ,13.1999998
-0.0006600000780000001 ,13.1999998
-0.000656000047        ,13.1999998
-0.000652000075        ,13.1999998
-0.0006480000450000001 ,13.1999998
-0.000644000072        ,13.1999998
-0.000640000042        ,13.1999998
-0.00063600007         ,12.8000002
-0.000632000039        ,12.8000002
-0.000628000067        ,13.1999998
-0.0006240000370000001 ,13.1999998
-0.000620000064        ,13.1999998
-0.000616000034        ,12.8000002
-0.000612000062        ,12.8000002
-0.000608000031        ,13.1999998
-0.0006040000589999999 ,12.8000002
-0.000600000028        ,12.8000002
-0.000596000056        ,12.8000002
-0.000592000084        ,12.8000002
-0.000588000054        ,12.8000002
-0.000584000081        ,12.8000002
-0.000580000051        ,12.8000002
-0.0005760000789999999 ,12.8000002
-0.000572000048        ,12.8000002
-0.000568000076        ,12.4000006
-0.000564000045        ,12.8000002
-0.000560000073        ,12.8000002
-0.000556000043        ,12.4000006
-0.00055200007         ,12.4000006
-0.00054800004         ,12.4000006
-0.000544000068        ,12.8000002
-0.000540000037        ,12.4000006
-0.0005360000650000001 ,12.4000006
-0.000532000035        ,12.4000006
-0.000528000062        ,12.4000006
-0.000524000032        ,12.4000006
-0.00052000006         ,12.4000006
-0.000516000029        ,12.0
-0.000512000057        ,12.4000006
-0.000508000026        ,12.0
-0.000504000054        ,12.4000006
-0.000500000082        ,12.4000006
-0.000496000051        ,12.4000006
-0.0004920000789999999 ,12.0
-0.000488000049        ,12.0
-0.000484000047        ,12.0
-0.000480000046        ,12.0
-0.000476000045        ,12.0
-0.000472000043        ,12.0
-0.00046800004200000004,12.0
-0.000464000041        ,12.0
-0.000460000068        ,12.0
-0.000456000067        ,11.6000004
-0.000452000066        ,11.6000004
-0.000448000064        ,11.6000004
-0.000444000063        ,11.6000004
-0.00044000006200000004,11.6000004
-0.00043600006         ,12.0
-0.00043200005899999996,11.6000004
-0.000428000058        ,11.6000004
-0.00042400005599999995,11.6000004
-0.000420000055        ,11.1999998
-0.00041600005400000003,11.6000004
-0.000412000052        ,11.6000004
-0.000408000051        ,11.1999998
-0.000404000049        ,11.1999998
-0.00040000004800000004,11.6000004
-0.00039600004699999995,11.1999998
-0.000392000045        ,11.1999998
-0.000388000044        ,11.1999998
-0.000384000043        ,11.1999998
-0.00038000004099999997,11.1999998
-0.00037600006900000003,11.1999998
-0.00037200006800000004,11.1999998
-0.000368000066        ,11.1999998
-0.000364000065        ,11.1999998
-0.000360000064        ,11.1999998
-0.00035600006200000006,11.1999998
-0.00035200006099999996,10.8000002
-0.00034800006000000003,11.1999998
-0.000344000058        ,11.1999998
-0.000340000057        ,10.8000002
-0.000336000056        ,10.8000002
-0.000332000054        ,10.8000002
-0.00032800005299999995,11.1999998
-0.000324000051        ,10.8000002
-0.00032000005         ,10.8000002
-0.000316000049        ,10.8000002
-0.000312000047        ,10.8000002
-0.000308000046        ,10.4000006
-0.000304000045        ,10.8000002
-0.000300000043        ,10.8000002
-0.000296000042        ,10.4000006
-0.00029200007         ,10.4000006
-0.000288000068        ,10.4000006
-0.000284000067        ,10.4000006
-0.000280000066        ,10.4000006
-0.000276000064        ,10.4000006
-0.000272000063        ,10.4000006
-0.000268000062        ,10.4000006
-0.00026400006         ,10.4000006
-0.000260000059        ,10.4000006
-0.000256000058        ,10.4000006
-0.000252000056        ,10.0
-0.000248000055        ,10.4000006
-0.00024400005399999997,10.4000006
-0.000240000052        ,10.0
-0.00023600005099999998,10.0
-0.000232000049        ,10.0
-0.000228000063        ,10.0
-0.000224000061        ,10.0
-0.00022000006         ,10.0
-0.000216000059        ,10.0
-0.00021200005700000002,10.0
-0.000208000056        ,10.0
-0.000204000055        ,10.0
-0.00020000005300000001,10.0
-0.000196000052        ,10.0
-0.00019200005000000002,9.600000381000001
-0.000188000049        ,10.0
-0.000184000062        ,10.0
-0.00018000006099999998,9.600000381000001
-0.00017600006         ,9.600000381000001
-0.000172000058        ,9.600000381000001
-0.000168000057        ,9.600000381000001
-0.000164000056        ,9.600000381000001
-0.000160000054        ,9.600000381000001
-0.000156000053        ,9.600000381000001
-0.000152000051        ,9.600000381000001
-0.00014800004999999998,9.600000381000001
-0.000144000049        ,9.600000381000001
-0.000140000062        ,9.600000381000001
-0.000136000061        ,9.600000381000001
-0.000132000059        ,9.600000381000001
-0.000128000058        ,9.600000381000001
-0.000124000057        ,9.600000381000001
-0.00012000005499999999,9.600000381000001
-0.000116000054        ,9.199999809
-0.000112000053        ,9.600000381000001
-0.00010800005800000001,9.600000381000001
-0.000104000057        ,9.600000381000001
-0.000100000056        ,9.199999809
-9.6000054e-05         ,9.199999809
-9.2000053e-05         ,9.199999809
-8.8000059e-05         ,9.199999809
-8.400005800000001e-05 ,9.199999809
-8.0000056e-05         ,9.199999809
-7.6000055e-05         ,9.199999809
-7.2000053e-05         ,9.199999809
-6.800005900000001e-05 ,9.600000381000001
-6.4000058e-05         ,9.199999809
-6.0000057e-05         ,9.199999809
-5.6000055e-05         ,9.199999809
-5.2000058e-05         ,9.199999809
-4.8000056e-05         ,8.800000191
-4.4000055e-05         ,8.800000191
-4.0000057e-05         ,8.800000191
-3.6000056e-05         ,9.199999809
-3.2000054e-05         ,8.800000191
-2.8000057000000002e-05,8.800000191
-2.4000055e-05         ,8.800000191
-2.0000055999999998e-05,8.800000191
-1.6000056e-05         ,8.800000191
-1.2000057e-05         ,8.800000191
-8.000056e-06          ,8.800000191
-4.0000560000000005e-06,8.800000191
-5.6e-11               ,8.400000572
3.999944e-06           ,8.800000191
7.999944e-06           ,8.400000572
1.1999944e-05          ,8.800000191
1.5999944e-05          ,8.800000191
1.9999943e-05          ,8.400000572
2.3999942999999998e-05 ,8.400000572
2.7999944e-05          ,8.400000572
3.1999944999999995e-05 ,8.400000572
3.5999943e-05          ,8.400000572
3.9999944000000003e-05 ,8.400000572
4.3999942e-05          ,8.400000572
4.7999943000000005e-05 ,8.400000572
5.1999945e-05          ,8.400000572
5.5999943e-05          ,8.400000572
5.9999943999999995e-05 ,8.400000572
6.3999942e-05          ,8.400000572
6.7999943e-05          ,8.400000572
7.1999944e-05          ,8.400000572
7.5999946e-05          ,8.400000572
7.999994e-05           ,8.400000572
8.3999941e-05          ,8.0
8.799994199999999e-05  ,8.0
9.1999944e-05          ,8.400000572
9.5999945e-05          ,8.400000572
9.999994699999999e-05  ,8.0
0.000103999941         ,8.0
0.000107999942         ,8.0
0.00011199994300000001 ,8.0
0.000115999945         ,8.0
0.000119999946         ,8.0
0.00012399994          ,8.0
0.00012799994199999998 ,8.0
0.000131999943         ,8.0
0.000135999944         ,7.599999905
0.000139999946         ,8.0
0.000143999947         ,8.0
0.000147999948         ,8.0
0.00015199995000000002 ,7.599999905
0.000155999936         ,7.599999905
0.000159999938         ,7.599999905
0.000163999939         ,7.599999905
0.00016799994          ,7.599999905
0.00017199994200000002 ,7.599999905
0.00017599994299999998 ,7.599999905
0.00017999994500000001 ,7.599999905
0.00018399994600000003 ,7.599999905
0.00018799994699999998 ,7.599999905
0.00019199994900000002 ,7.599999905
0.00019599994999999998 ,7.599999905
0.000199999937         ,7.599999905
0.000203999938         ,7.599999905
0.00020799993900000001 ,7.599999905
0.000211999941         ,7.599999905
0.000215999942         ,7.599999905
0.000219999944         ,7.599999905
0.000223999945         ,7.599999905
0.000227999946         ,7.599999905
0.000231999948         ,7.599999905
0.000235999949         ,7.599999905
0.00023999993600000002 ,7.599999905
0.000243999937         ,7.599999905
0.000247999938         ,7.20000029
0.00025199993999999997 ,7.599999905
0.000255999941         ,7.20000029
0.000259999943         ,7.599999905
0.000263999944         ,7.599999905
0.000267999945         ,7.599999905
0.000271999947         ,7.20000029
0.000275999948         ,7.20000029
0.000279999949         ,7.20000029
0.000283999951         ,7.20000029
0.00028799995200000004 ,7.20000029
0.00029199995299999997 ,7.20000029
0.000295999955         ,7.20000029
0.000299999956         ,6.80000019
0.000303999928         ,6.80000019
0.00030799992999999996 ,6.80000019
0.000311999931         ,7.20000029
0.000315999932         ,7.20000029
0.000319999934         ,7.20000029
0.000323999935         ,6.80000019
0.00032799993600000004 ,6.80000019
0.00033199993799999997 ,6.80000019
0.000335999939         ,7.20000029
0.00033999994          ,6.80000019
0.00034399994200000003 ,6.80000019
0.00034799994299999996 ,7.20000029
0.000351999945         ,6.80000019
0.000355999946         ,6.80000019
0.000359999947         ,6.80000019
0.000363999949         ,6.80000019
0.00036799995000000004 ,6.80000019
0.000371999951         ,6.80000019
0.000375999953         ,6.80000019
0.000379999954         ,6.80000019
0.00038399995499999997 ,6.4000001
0.000387999957         ,6.80000019
0.000391999929         ,6.80000019
0.00039599993000000004 ,6.80000019
0.00039999993199999997 ,6.80000019
0.000403999933         ,6.80000019
0.000407999934         ,6.80000019
0.000411999936         ,6.4000001
0.000415999937         ,6.4000001
0.00041999993799999994 ,6.4000001
0.00042399994          ,6.4000001
0.000427999941         ,6.80000019
0.000431999943         ,6.4000001
0.00043599994400000003 ,6.4000001
0.000439999945         ,6.4000001
0.00044399994700000005 ,6.4000001
0.000447999948         ,6.4000001
0.00045199994899999997 ,6.4000001
0.000455999951         ,6.4000001
0.000459999952         ,6.4000001
0.00046399995300000003 ,6.4000001
0.00046799995499999995 ,6.4000001
0.000471999956         ,6.4000001
0.000475999928         ,6.4000001
0.00047999993          ,6.4000001
0.000483999931         ,6.4000001
0.000487999932         ,6.4000001
0.000491999963         ,6.4000001
0.000495999935         ,6.4000001
0.000499999966         ,6.4000001
0.0005039999379999999  ,6.4000001
0.000507999968         ,6.0
0.000511999941         ,6.0
0.000515999971         ,6.0
0.000519999943         ,6.0
0.000523999915         ,6.0
0.0005279999459999999  ,6.4000001
0.000531999918         ,6.4000001
0.000535999949         ,6.0
0.000539999921         ,6.0
0.000543999951         ,6.0
0.0005479999240000001  ,6.0
0.000551999954         ,6.0
0.0005559999259999999  ,6.0
0.000559999957         ,6.0
0.000563999929         ,6.0
0.000567999959         ,6.0
0.000571999932         ,6.0
0.0005759999620000001  ,6.0
0.0005799999339999999  ,6.0
0.000583999965         ,6.0
0.000587999937         ,6.0
0.000591999968         ,6.0
0.00059599994          ,5.5999999
0.0005999999700000001  ,6.0
0.000603999943         ,6.0
0.0006079999149999999  ,6.0
0.000611999945         ,6.0
0.000615999918         ,5.5999999
0.000619999948         ,5.5999999
0.00062399992          ,6.0
0.000627999951         ,6.0
0.000631999923         ,5.5999999
0.000635999953         ,5.5999999
0.000639999926         ,6.0
0.000643999956         ,5.5999999
0.000647999928         ,5.5999999
0.000651999959         ,5.5999999
0.0006559999310000001  ,6.0
0.000659999961         ,6.0
0.000663999934         ,5.5999999
0.000667999964         ,5.5999999
0.000671999936         ,5.5999999
0.0006759999670000001  ,5.5999999
0.000679999939         ,5.5999999
0.00068399997          ,5.5999999
0.000687999942         ,5.5999999
0.000691999914         ,5.5999999
0.000695999945         ,5.5999999
0.000699999917         ,5.5999999
0.000703999947         ,5.5999999
0.00070799992          ,5.5999999
0.0007119999499999999  ,5.5999999
0.0007159999219999999  ,5.5999999
0.0007199999529999999  ,5.5999999
0.0007239999249999999  ,5.5999999
0.0007279999550000001  ,5.5999999
0.0007319999280000001  ,5.5999999
0.0007359999580000001  ,5.5999999
0.00073999993          ,5.5999999
0.000743999961         ,5.5999999
0.000747999933         ,5.5999999
0.000751999964         ,5.5999999
0.000755999936         ,5.5999999
0.000759999966         ,5.20000029
0.000763999938         ,5.5999999
0.000767999969         ,5.5999999
0.0007719999409999999  ,5.20000029
0.0007759999129999999  ,5.20000029
0.000779999944         ,5.20000029
0.000783999916         ,5.20000029
0.000787999947         ,5.5999999
0.000791999919         ,5.5999999
0.000795999949         ,5.5999999
0.0007999999219999999  ,5.20000029
0.000803999952         ,5.5999999
0.000807999924         ,5.20000029
0.0008119999550000001  ,5.20000029
0.0008159999270000001  ,5.20000029
0.000819999957         ,5.20000029
0.00082399993          ,5.20000029
0.00082799996          ,5.20000029
0.000831999932         ,5.20000029
0.000835999963         ,5.20000029
0.000839999935         ,5.20000029
0.0008439999659999999  ,5.5999999
0.0008479999379999999  ,5.20000029
0.0008519999679999999  ,5.20000029
0.000855999941         ,5.20000029
0.0008599999129999999  ,4.80000019
0.0008639999430000001  ,5.20000029
0.0008679999150000001  ,4.80000019
0.000871999946         ,5.20000029
0.000875999918         ,5.20000029
0.000879999949         ,4.80000019
0.000883999921         ,4.80000019
0.000887999951         ,5.20000029
0.000891999924         ,4.80000019
0.000895999954         ,4.80000019
0.000899999926         ,4.80000019
0.000903999957         ,4.80000019
0.000907999929         ,4.80000019
0.000911999959         ,4.80000019
0.000915999932         ,5.20000029
0.000919999962         ,5.20000029
0.0009239999340000001  ,4.80000019
0.0009279999649999999  ,5.20000029
0.000931999937         ,4.80000019
0.0009359999679999999  ,4.80000019
0.0009399999400000001  ,4.80000019
0.0009439999700000001  ,4.80000019
0.0009479999430000001  ,4.80000019
0.0009519999150000001  ,4.80000019
0.000955999945         ,4.80000019
0.000959999918         ,4.80000019
0.000963999948         ,4.80000019
0.00096799992          ,4.80000019
0.000971999951         ,4.80000019
0.000975999923         ,4.80000019
0.000979999895         ,4.80000019
0.000983999926         ,4.80000019
0.000987999956         ,4.80000019
0.0009919999869999999  ,4.80000019
0.0009959999009999999  ,4.80000019
0.001004               ,4.80000019
0.001008               ,4.80000019
0.0010119999           ,4.80000019
0.0010159999000000002  ,4.4000001
0.00102                ,4.80000019
0.001024               ,4.4000001
0.0010279999           ,4.80000019
0.0010319999000000001  ,4.80000019
0.001036               ,4.80000019
0.0010399999           ,4.80000019
0.0010439999           ,4.4000001
0.0010479999           ,4.80000019
0.001052               ,4.80000019
0.0010559999           ,4.80000019
0.0010599999000000001  ,4.80000019
0.001064               ,4.80000019
0.001068               ,4.4000001
0.0010719999           ,4.4000001
0.0010759999           ,4.4000001
0.00108                ,4.4000001
0.001084               ,4.4000001
0.0010879999           ,4.4000001
0.0010919999           ,4.4000001
0.001096               ,4.80000019
0.0011                 ,4.4000001
0.0011039999000000001  ,4.4000001
0.0011079999           ,4.4000001
0.001112               ,4.4000001
0.0011159999           ,4.4000001
0.0011199999           ,4.4000001
0.0011239999           ,4.4000001
0.001128               ,4.4000001
0.0011319999000000002  ,4.4000001
0.0011359999           ,4.0
0.0011399999000000001  ,4.0
0.001144               ,4.4000001
0.0011479999000000001  ,4.4000001
0.0011519999           ,4.4000001
0.001156               ,4.4000001
0.00116                ,4.4000001
0.0011639999           ,4.0
0.0011679999           ,4.4000001
0.001172               ,4.0
0.001176               ,4.0
0.0011799999           ,4.4000001
0.0011839999000000001  ,4.0
0.001188               ,4.0
0.001192               ,4.4000001
0.0011959999           ,4.0
0.0011999999           ,4.0
0.001204               ,4.0
0.0012079999           ,4.0
0.0012119999000000002  ,4.0
0.0012159999           ,4.0
0.00122                ,4.0
0.0012239999           ,4.0
0.0012279999           ,4.4000001
0.001232               ,4.0
0.001236               ,4.0
0.0012399999           ,4.0
0.0012439999           ,4.0
0.001248               ,4.0
0.001252               ,4.0
0.0012559999000000001  ,4.0
0.0012599999           ,4.0
0.001264               ,4.0
0.001268               ,4.0
0.0012719999           ,4.0
0.0012759999           ,3.60000014
0.00128                ,4.0
0.001284               ,4.0
0.0012879999           ,4.0
0.0012919999000000001  ,4.0
0.001296               ,4.0
0.0012999999000000001  ,4.0
0.0013039999           ,4.0
0.0013079999           ,4.0
0.001312               ,4.0
0.0013159998999999999  ,3.60000014
0.0013199999           ,4.0
0.001324               ,4.0
0.001328               ,3.60000014
0.0013319998999999998  ,3.60000014
0.0013359999           ,4.0
0.00134                ,4.0
0.001344               ,3.60000014
0.0013479999           ,3.60000014
0.0013519998999999999  ,3.60000014
0.001356               ,3.60000014
0.00136                ,3.60000014
0.0013639999           ,4.0
0.0013679998999999998  ,3.60000014
0.001372               ,3.60000014
0.0013759998999999998  ,4.0
0.0013799999           ,3.60000014
0.0013839999           ,4.0
0.001388               ,3.60000014
0.0013919999           ,3.60000014
0.0013959998999999999  ,3.60000014
0.0014                 ,3.60000014
0.001404               ,3.60000014
0.0014079999           ,3.60000014
0.0014119998999999998  ,3.60000014
0.001416               ,3.60000014
0.00142                ,3.60000014
0.0014239998999999999  ,3.60000014
0.0014279999           ,3.60000014
0.001432               ,3.60000014
0.001436               ,3.60000014
0.0014399998999999998  ,3.60000014
0.0014439999           ,3.60000014
0.001448               ,3.60000014
0.001452               ,3.60000014
0.0014559999           ,3.60000014
0.0014599999           ,3.60000014
0.001464               ,3.60000014
0.0014679998999999999  ,3.60000014
0.0014719999           ,3.60000014
0.0014759998999999998  ,3.60000014
0.00148                ,3.60000014
0.0014839998999999998  ,3.60000014
0.0014879999           ,3.60000014
0.001492               ,3.60000014
0.001496               ,3.60000014
0.0014999999           ,3.60000014
0.0015039998999999999  ,3.60000014
0.001508               ,3.60000014
0.001512               ,3.20000005
0.0015159999           ,3.20000005
0.0015199998999999998  ,3.60000014
0.001524               ,3.20000005
0.001528               ,3.60000014
0.0015319999           ,3.20000005
0.0015359999           ,3.60000014
0.00154                ,3.60000014
0.0015439999           ,3.60000014
0.0015479998999999999  ,3.60000014
0.0015519999           ,3.60000014
0.001556               ,3.60000014
0.0015599999           ,3.60000014
0.0015639998999999998  ,3.60000014
0.0015679999           ,3.20000005
0.001572               ,3.60000014
0.0015759999           ,3.20000005
0.0015799999           ,3.60000014
0.001584               ,3.60000014
0.001588               ,3.20000005
0.0015919998999999998  ,3.60000014
0.0015959999           ,3.20000005
0.0016                 ,3.20000005
0.001604               ,3.20000005
0.0016079998999999998  ,3.60000014
0.0016119999           ,3.60000014
0.001616               ,3.20000005
0.00162                ,3.60000014
0.0016239999           ,3.20000005
0.0016279998999999999  ,3.20000005
0.001632               ,3.60000014
0.0016359998999999998  ,3.20000005
0.0016399999           ,3.20000005
0.0016439998999999998  ,3.20000005
0.001648               ,3.20000005
0.0016519999           ,3.20000005
0.0016559998999999999  ,3.20000005
0.00166                ,3.20000005
0.001664               ,3.20000005
0.0016679999           ,3.20000005
0.0016719998999999998  ,3.20000005
0.001676               ,3.20000005
0.00168                ,3.20000005
0.0016839999           ,3.20000005
0.0016879999           ,3.20000005
0.001692               ,3.20000005
0.001696               ,3.20000005
0.0016999998999999999  ,2.79999995
0.0017039999           ,3.20000005
0.001708               ,2.79999995
0.001712               ,3.20000005
0.0017159998999999998  ,3.20000005
0.0017199999           ,3.20000005
0.001724               ,3.20000005
0.0017279999           ,3.20000005
0.0017319999           ,2.79999995
0.0017359998999999999  ,2.79999995
0.00174                ,3.20000005
0.0017439998999999999  ,3.20000005
0.0017479999           ,3.20000005
0.001752               ,2.79999995
0.001756               ,3.20000005
0.0017599998999999998  ,3.20000005
0.0017639999           ,3.20000005
0.001768               ,2.79999995
0.001772               ,2.79999995
0.0017759999           ,2.79999995
0.0017799998999999999  ,3.20000005
0.001784               ,3.20000005
0.001788               ,2.79999995
0.0017919999           ,3.20000005
0.0017959998999999998  ,3.20000005
0.0018                 ,3.20000005
0.0018039999           ,3.20000005
0.0018079999           ,2.79999995
0.0018119999           ,3.20000005
0.001816               ,3.20000005
0.0018199999           ,3.20000005
0.0018239998999999998  ,2.79999995
0.0018279999           ,2.79999995
0.001832               ,3.20000005
0.0018359999           ,3.20000005
0.0018399998999999998  ,2.79999995
0.001844               ,2.79999995
0.001848               ,2.79999995
0.0018519998999999999  ,2.79999995
0.0018559999           ,2.79999995
0.00186                ,2.79999995
0.001864               ,2.79999995
0.0018679998999999998  ,2.79999995
0.0018719999           ,2.79999995
0.001876               ,2.79999995
0.00188                ,2.79999995
0.0018839999           ,2.79999995
0.0018879998999999999  ,2.79999995
0.001892               ,2.79999995
0.0018959998999999999  ,2.79999995
0.0018999999           ,2.79999995
0.0019039998999999998  ,3.20000005
0.001908               ,3.20000005
0.0019119998999999998  ,2.79999995
0.0019159999           ,2.79999995
0.00192                ,2.79999995
0.001924               ,2.79999995
0.0019279999           ,2.79999995
0.0019319998999999999  ,2.79999995
0.001936               ,2.79999995
0.00194                ,2.79999995
0.0019439999           ,2.79999995
0.0019479998999999998  ,2.79999995
0.001952               ,2.79999995
0.001956               ,2.79999995
0.00196                ,2.79999995
0.0019640001           ,2.79999995
0.0019679999           ,2.79999995
0.0019719998999999998  ,2.79999995
0.0019759999           ,2.79999995
0.0019799999           ,2.79999995
0.001984               ,2.79999995
0.001988               ,2.79999995
0.001992               ,2.79999995
0.0019959998000000003  ,2.79999995
0.0019999999           ,2.79999995
0.0020039999           ,2.79999995
0.0020079998999999998  ,2.79999995
0.002012               ,2.79999995
0.002016               ,2.79999995
0.00202                ,2.79999995
0.002024               ,2.79999995
0.0020279998000000002  ,2.79999995
0.0020319999           ,2.79999995
0.0020359999           ,2.79999995
0.0020399999           ,2.79999995
0.002044               ,2.79999995
0.002048               ,2.79999995
0.002052               ,2.79999995
0.0020559998           ,2.79999995
0.0020599998999999997  ,2.79999995
0.0020639999           ,2.79999995
0.0020679999           ,2.79999995
0.0020719999           ,2.79999995
0.002076               ,2.79999995
0.00208                ,2.79999995
0.002084               ,2.79999995
0.0020879998           ,2.79999995
0.0020919999           ,2.79999995
0.0020959998999999997  ,2.79999995
0.0020999999           ,2.4000001
0.002104               ,2.79999995
0.002108               ,2.79999995
0.002112               ,2.79999995
0.002116               ,2.4000001
0.0021199998000000003  ,2.4000001
0.0021239999           ,2.79999995
0.0021279999           ,2.79999995
0.0021319998999999997  ,2.79999995
0.002136               ,2.79999995
0.00214                ,2.4000001
0.002144               ,2.79999995
0.0021479998           ,2.79999995
0.0021519999           ,2.79999995
0.0021559999           ,2.79999995
0.0021599999           ,2.79999995
0.0021639999           ,2.4000001
0.002168               ,2.79999995
0.002172               ,2.4000001
0.002176               ,2.79999995
0.0021799998           ,2.79999995
0.0021839998999999997  ,2.4000001
0.0021879999           ,2.4000001
0.0021919999           ,2.4000001
0.002196               ,2.4000001
0.0022                 ,2.4000001
0.002204               ,2.4000001
0.002208               ,2.4000001
0.0022119998           ,2.79999995
0.0022159999           ,2.4000001
0.0022199998999999997  ,2.0
0.0022239999           ,2.79999995
0.002228               ,2.4000001
0.002232               ,2.4000001
0.002236               ,2.4000001
0.0022399998           ,2.4000001
0.0022439999           ,2.4000001
0.0022479999           ,2.79999995
0.0022519999           ,2.4000001
0.0022559998999999997  ,2.4000001
0.00226                ,2.4000001
0.002264               ,2.4000001
0.002268               ,2.4000001
0.0022719998           ,2.4000001
0.0022759998999999998  ,2.79999995
0.0022799999           ,2.4000001
0.0022839999           ,2.4000001
0.002288               ,2.4000001
0.002292               ,2.4000001
0.002296               ,2.4000001
0.0023000001           ,2.4000001
0.0023039998           ,2.4000001
0.0023079999           ,2.4000001
0.0023119999           ,2.4000001
0.0023159999           ,2.4000001
0.00232                ,2.4000001
0.002324               ,2.0
0.002328               ,2.4000001
0.0023319998000000002  ,2.4000001
0.0023359999           ,2.4000001
0.0023399999           ,2.4000001
0.0023439998999999997  ,2.0
0.002348               ,2.4000001
0.002352               ,2.4000001
0.002356               ,2.4000001
0.00236                ,2.4000001
0.0023639998           ,2.4000001
0.0023679999           ,2.0
0.0023719999           ,2.4000001
0.0023759999           ,2.4000001
0.00238                ,2.0
0.002384               ,2.0
0.002388               ,2.4000001
0.0023920001           ,2.0
0.0023959999           ,2.0
0.0023999998999999998  ,2.0
0.0024039999           ,2.4000001
0.0024079999           ,2.4000001
0.002412               ,2.4000001
0.002416               ,2.0
0.00242                ,2.0
0.0024239998000000003  ,2.4000001
0.0024279999           ,2.4000001
0.0024319999           ,2.4000001
0.0024359998999999998  ,2.0
0.00244                ,2.4000001
0.002444               ,2.0
0.002448               ,2.0
0.002452               ,2.0
0.0024559998           ,2.4000001
0.0024599999           ,2.4000001
0.0024639999           ,2.4000001
0.0024679999           ,2.4000001
0.002472               ,2.0
0.002476               ,2.0
0.00248                ,2.0
0.0024839998           ,2.4000001
0.0024879998999999997  ,2.0
0.0024919999           ,2.0
0.0024959999           ,2.0
0.0024999999           ,2.0
0.002504               ,2.0
0.002508               ,2.0
0.002512               ,2.4000001
0.0025159998           ,2.0
0.0025199999           ,2.0
0.0025239998999999997  ,2.0
0.0025279999           ,2.0
0.002532               ,2.0
0.002536               ,2.0
0.00254                ,2.0
0.002544               ,2.4000001
0.0025479998000000003  ,2.4000001
0.0025519999           ,2.0
0.0025559999           ,2.0
0.0025599998999999997  ,2.0
0.002564               ,2.0
0.002568               ,2.0
0.002572               ,2.0
0.0025759998           ,2.0
0.0025799999           ,2.0
0.0025839999           ,2.0
0.0025879999           ,2.0
0.0025919999           ,2.0
0.002596               ,2.0
0.0026                 ,2.0
0.002604               ,2.0
0.0026079998           ,2.0
0.0026119998999999997  ,2.0
0.0026159999           ,2.0
0.0026199999           ,2.0
0.002624               ,2.0
0.002628               ,2.0
0.002632               ,1.6
0.002636               ,2.0
0.0026399998           ,2.0
0.0026439999           ,2.0
0.0026479998999999997  ,2.4000001
0.0026519999           ,2.0
0.002656               ,2.0
0.00266                ,2.0
0.002664               ,2.0
0.0026679997999999997  ,1.6
0.0026719999           ,2.0
0.0026759999           ,2.0
0.0026799999           ,2.0
0.0026839998999999997  ,2.0
0.002688               ,2.0
0.002692               ,2.0
0.002696               ,1.6
0.0026999997999999996  ,2.0
0.0027039998999999998  ,2.0
0.0027079999           ,2.0
0.0027119999           ,1.6
0.002716               ,2.0
0.0027199999900000002  ,1.6
0.0027240000199999998  ,2.0
0.00272800005          ,1.6
0.00273199985          ,1.6
0.00273599988          ,2.0
0.0027399999099999997  ,2.0
0.00274399994          ,2.0
0.0027479999699999997  ,1.6
0.002752               ,2.0
0.00275600003          ,1.6
0.00275999983          ,2.0
0.0027639998599999997  ,2.0
0.00276799989          ,2.0
0.0027719999200000005  ,2.0
0.00277599995          ,2.0
0.00277999998          ,1.6
0.00278400001          ,2.0
0.00278800004          ,2.0
0.00279199984          ,2.0
0.0027959998700000004  ,1.6
0.0027999999           ,2.0
0.0028039999300000003  ,1.6
0.00280799996          ,1.6
0.0028119999900000003  ,2.0
0.00281600002          ,2.0
0.0028200000500000003  ,1.6
0.00282399985          ,2.0
0.0028279998800000003  ,1.6
0.00283199991          ,2.0
0.0028359999400000002  ,2.0
0.0028399999699999998  ,1.6
0.002844               ,1.6
0.00284800003          ,1.6
0.00285199983          ,1.6
0.0028559998599999997  ,1.6
0.00285999989          ,1.6
0.00286399992          ,2.0
0.00286799995          ,1.6
0.00287199998          ,1.6
0.00287600001          ,2.0
0.00288000004          ,2.0
0.00288399984          ,1.6
0.00288799987          ,1.6
0.0028919999           ,1.6
0.00289599993          ,1.6
0.00289999996          ,1.6
0.00290399999          ,1.6
0.00290800002          ,1.6
0.0029119998200000004  ,1.6
0.00291599985          ,1.6
0.0029199998800000003  ,1.6
0.00292399991          ,1.6
0.00292799994          ,1.6
0.00293199997          ,1.6
0.002936               ,1.6
0.0029400000300000002  ,1.6
0.0029439998300000002  ,1.6
0.00294799986          ,1.6
0.00295199989          ,1.6
0.00295599992          ,1.6
0.00295999995          ,1.6
0.00296399998          ,1.6
0.0029680000199999996  ,1.6
0.00297200005          ,1.6
0.00297599984          ,1.6
0.00297999987          ,1.6
0.0029839999           ,1.6
0.00298799993          ,1.6
0.0029919999699999996  ,1.6
0.002996               ,1.6
0.0030000000300000004  ,1.6
0.00300399982          ,1.6
0.00300799985          ,1.6
0.00301199988          ,1.6
0.0030159999200000003  ,1.6
0.00301999995          ,1.6
0.0030239999800000003  ,1.6
0.00302800001          ,1.6
0.0030320000400000002  ,1.6
0.00303599983          ,1.6
0.00303999986          ,1.6
0.0030439999           ,1.6
0.00304799993          ,1.6
0.0030519999599999998  ,1.6
0.00305599999          ,1.6
0.0030600000199999997  ,1.6
0.00306400005          ,1.6
0.0030679998499999997  ,1.6
0.00307199988          ,1.6
0.0030759999099999997  ,1.6
0.00307999994          ,1.6
0.0030839999699999996  ,1.6
0.003088               ,1.6
0.0030920000300000004  ,1.6
0.00309599983          ,1.6
0.0030999998599999996  ,1.6
0.00310399989          ,1.6
0.0031079999200000004  ,1.6
0.00311199995          ,1.6
0.0031159999800000004  ,1.6
0.00312000001          ,1.6
0.0031240000400000003  ,1.6
0.00312799984          ,1.6
0.0031319998700000003  ,1.6
0.0031359999           ,1.6
0.0031399999300000003  ,1.6
0.00314399996          ,1.6
0.0031479999900000002  ,1.6
0.0031520000199999998  ,1.6
0.00315600005          ,1.6
0.0031599998499999998  ,1.6
0.00316399988          ,1.6
0.0031679999099999997  ,1.6
0.00317199994          ,1.6
0.0031759999699999997  ,1.6
0.00318                ,1.6
0.00318400003          ,1.6
0.00318799983          ,1.6
0.0031919998599999997  ,1.6
0.00319599989          ,1.6
0.0031999999200000005  ,1.6
0.00320399995          ,1.6
0.0032079999800000004  ,1.6
0.00321200001          ,1.6
0.00321600004          ,1.6
0.00321999984          ,1.6
0.0032239998700000004  ,1.6
0.0032279999           ,1.6
0.0032319999300000003  ,1.6
0.00323599996          ,1.6
0.0032399999900000003  ,1.6
0.00324400002          ,1.6
0.0032480000500000003  ,1.6
0.00325199985          ,1.6
0.0032559998800000003  ,1.6
0.00325999991          ,1.6
0.00326399994          ,1.6
0.0032679999699999998  ,1.6
0.003272               ,1.6
0.00327600003          ,1.6
0.00327999983          ,1.6
0.0032839998599999997  ,1.6
0.00328799989          ,1.6
0.00329199992          ,1.6
0.00329599995          ,1.6
0.00329999998          ,1.6
0.00330400001          ,1.6
0.00330800004          ,1.6
0.00331199984          ,1.6
0.00331599987          ,1.6
0.0033199999           ,1.6
0.00332399993          ,1.6
0.00332799996          ,1.6
0.00333199999          ,1.6
0.00333600002          ,1.6
0.0033399998200000004  ,1.6
0.00334399985          ,1.6
0.0033479998800000003  ,1.6
0.00335199991          ,1.2
0.00335599994          ,1.6
0.00335999997          ,1.6
0.003364               ,1.6
0.00336800003          ,1.6
0.0033719998300000002  ,1.6
0.00337599986          ,1.6
0.00337999989          ,1.6
0.00338399992          ,1.2
0.00338799995          ,1.6
0.00339199998          ,1.2
0.00339600001          ,1.2
0.00340000005          ,1.6
0.00340399984          ,1.6
0.00340799987          ,1.2
0.0034119999           ,1.6
0.00341599993          ,1.6
0.00341999996          ,1.6
0.00342399999          ,1.6
0.0034280000300000004  ,1.6
0.00343199982          ,1.2
0.00343599985          ,1.6
0.00343999988          ,1.6
0.00344399991          ,1.2
0.00344799994          ,1.6
0.0034519999800000003  ,1.2
0.00345600001          ,1.6
0.0034600000400000002  ,1.6
0.00346399983          ,1.6
0.00346799986          ,1.2
0.00347199989          ,1.6
0.00347599993          ,1.6
0.0034799999599999997  ,1.2
0.00348399999          ,1.2
0.0034880000199999997  ,1.6
0.00349200005          ,1.2
0.00349599984          ,1.2
0.00349999988          ,1.2
0.0035039999099999997  ,1.2
0.00350799994          ,1.6
0.0035119999699999996  ,1.6
0.003516               ,1.6
0.0035200000300000004  ,1.6
0.00352399983          ,1.6
0.0035279998599999996  ,1.6
0.00353199989          ,1.6
0.0035359999200000004  ,1.6
0.00353999995          ,1.6
0.0035439999800000004  ,1.6
0.00354800001          ,1.6
0.0035520000400000003  ,1.2
0.00355599984          ,1.2
0.0035599998700000003  ,1.2
0.0035639999           ,1.2
0.0035679999300000003  ,1.2
0.00357199996          ,1.6
0.0035759999900000002  ,1.2
0.0035800000199999998  ,1.6
0.00358400005          ,1.2
0.0035879998499999998  ,1.6
0.00359199988          ,1.2
0.0035959999099999997  ,1.2
0.00359999994          ,1.2
0.0036039999699999997  ,1.6
0.003608               ,1.6
0.00361200003          ,1.6
0.00361599983          ,1.6
0.0036199998599999996  ,1.2
0.00362399989          ,1.2
0.0036279999200000005  ,1.6
0.00363199995          ,1.2
0.0036359999800000004  ,1.6
0.00364000001          ,1.2
0.00364400004          ,1.2
0.00364799984          ,1.6
0.0036519998700000004  ,1.2
0.0036559999           ,1.2
0.0036599999300000003  ,1.2
0.00366399996          ,1.2
0.0036679999900000003  ,1.6
0.00367200002          ,1.2
0.0036759998200000003  ,1.2
0.00367999985          ,1.2
0.0036839998800000003  ,1.2
0.00368799991          ,1.6
0.00369199994          ,1.2
0.0036959999699999998  ,1.2
0.0037                 ,1.2
0.00370400003          ,1.2
0.00370799983          ,1.6
0.0037119998599999997  ,1.6
0.00371599989          ,1.2
0.00371999992          ,1.2
0.00372399995          ,1.2
0.00372799998          ,1.2
0.00373200001          ,1.2
0.00373600004          ,1.6
0.00373999984          ,1.2
0.00374399987          ,1.2
0.0037479999           ,1.2
0.00375199993          ,1.2
0.00375599996          ,1.2
0.00375999999          ,1.2
0.00376400002          ,1.2
0.0037679998200000004  ,1.2
0.00377199985          ,1.2
0.0037759998800000003  ,1.6
0.00377999991          ,1.2
0.0037839999400000003  ,1.2
0.00378799997          ,1.2
0.003792               ,1.2
0.00379600003          ,1.6
0.0037999998300000002  ,1.2
0.0038039998599999998  ,1.2
0.00380799989          ,1.2
0.00381199992          ,1.2
0.00381599995          ,1.2
0.00381999998          ,1.2
0.00382400001          ,1.2
0.00382800004          ,1.2
0.00383199984          ,1.2
0.00383599987          ,1.2
0.0038399999           ,1.2
0.00384399993          ,1.2
0.00384799996          ,1.2
0.00385199999          ,1.2
0.00385600002          ,1.2
0.00385999982          ,1.6
0.00386399985          ,1.2
0.00386799988          ,1.2
0.00387199991          ,1.2
0.00387599994          ,1.2
0.00387999997          ,1.2
0.00388400001          ,1.2
0.0038880000400000002  ,1.2
0.00389199983          ,1.2
0.00389599986          ,1.2
0.00389999989          ,1.2
0.0039039999200000002  ,1.2
0.00390799996          ,1.2
0.00391199999          ,1.2
0.00391600002          ,1.2
0.00392000005          ,1.2
0.00392400008          ,1.2
0.00392800011          ,1.2
0.00393200014          ,1.2
0.0039359997           ,1.2
0.00393999973          ,1.2
0.0039439997600000005  ,1.2
0.00394799979          ,1.2
0.0039519998200000005  ,1.2
0.00395599985          ,1.2
0.00395999989          ,1.2
0.00396399992          ,0.800000011921
0.00396799995          ,1.2
0.00397199998          ,1.2
0.0039760000099999995  ,1.2
0.00398000004          ,1.2
0.003984000069999999   ,1.2
0.0039880001           ,1.2
0.003992000129999999   ,1.2
0.00399600016          ,1.2
0.00399999972          ,1.2
0.00400399975          ,1.2
0.00400799979          ,1.2
0.00401199982          ,0.800000011921
0.00401599985          ,1.2
0.00401999988          ,1.2
0.00402399991          ,1.2
0.00402799994          ,1.2
0.00403199997          ,1.2
0.004036               ,1.2
0.00404000003          ,1.2
0.00404400006          ,1.6
0.00404800009          ,1.2
0.00405200012          ,1.2
0.00405600015          ,1.2
0.0040599997200000005  ,1.2
0.00406399975          ,1.2
0.0040679997800000004  ,1.2
0.00407199981          ,1.2
0.0040759998399999995  ,1.2
0.00407999987          ,1.6
0.0040839998999999995  ,1.2
0.00408799993          ,1.2
0.0040919999599999994  ,1.2
0.00409599999          ,1.2
0.004100000019999999   ,0.800000011921
0.00410400005          ,1.2
0.004108000079999999   ,1.2
0.00411200011          ,1.2
0.00411600014          ,1.2
0.00411999971          ,1.2
0.00412399974          ,1.2
0.00412799977          ,1.2
0.0041319998           ,1.2
0.00413599983          ,1.2
0.00413999986          ,1.2
0.00414399989          ,1.2
0.00414799992          ,1.2
0.00415199995          ,1.2
0.00415599998          ,1.2
0.00416000001          ,1.2
0.00416400004          ,1.2
0.0041680000699999996  ,1.2
0.0041720001           ,0.800000011921
0.0041760001299999995  ,0.800000011921
0.00418000016          ,1.2
0.0041839997299999996  ,1.2
0.00418799976          ,1.2
0.0041919997899999995  ,1.2
0.00419599982          ,1.2
0.0041999998499999995  ,1.2
0.00420399988          ,0.800000011921
0.004207999909999999   ,1.2
0.00421199994          ,1.2
0.004215999969999999   ,1.2
0.00422                ,1.2
0.00422400003          ,1.2
0.00422800006          ,1.2
0.00423200009          ,1.2
0.00423600012          ,1.2
0.00424000015          ,1.2
0.00424399972          ,1.2
0.00424799975          ,0.800000011921
0.00425199978          ,1.2
0.00425599981          ,1.2
0.00425999984          ,1.2
0.00426399987          ,1.2
0.0042679999           ,1.2
0.00427199993          ,1.2
0.00427599996          ,1.2
0.00427999999          ,0.800000011921
0.0042840000199999995  ,0.800000011921
0.00428800005          ,1.2
0.00429200009          ,1.2
0.00429600012          ,1.2
0.00430000015          ,1.2
0.00430399971          ,0.800000011921
0.0043079997399999995  ,1.2
0.00431199977          ,1.2
0.0043159997999999995  ,1.2
0.00431999983          ,1.2
0.004323999859999999   ,1.2
0.00432799989          ,1.2
0.00433199992          ,1.2
0.00433599995          ,1.2
0.00433999998          ,1.2
0.00434400002          ,1.2
0.00434800005          ,1.2
0.00435200008          ,1.2
0.00435600011          ,0.800000011921
0.0043600001400000005  ,1.2
0.004363999699999999   ,1.2
0.00436799973          ,1.2
0.00437199976          ,1.2
0.00437599979          ,1.2
0.00437999982          ,1.2
0.00438399985          ,1.2
0.00438799988          ,1.2
0.00439199992          ,1.2
0.00439599995          ,1.2
0.00439999998          ,0.800000011921
0.00440400001          ,0.800000011921
0.00440800004          ,1.2
0.00441200007          ,1.2
0.0044160001           ,0.800000011921
0.00442000013          ,1.2
0.00442400016          ,1.2
0.00442799972          ,1.2
0.0044319997499999994  ,1.2
0.00443599978          ,1.2
0.00443999982          ,1.2
0.00444399985          ,0.800000011921
0.00444799988          ,1.2
0.00445199991          ,0.800000011921
0.00445599994          ,1.2
0.00445999997          ,1.2
0.004464               ,1.2
0.0044680000300000005  ,1.2
0.00447200006          ,0.800000011921
0.0044760000900000005  ,1.2
0.00448000012          ,1.2
0.00448400015          ,1.2
0.00448799971          ,1.2
0.00449199975          ,0.800000011921
0.00449599978          ,0.800000011921
0.00449999981          ,0.800000011921
0.00450399984          ,0.800000011921
0.00450799987          ,1.2
0.0045119999           ,1.2
0.00451599993          ,0.800000011921
0.00451999996          ,0.800000011921
0.00452399999          ,1.2
0.00452800002          ,1.2
0.00453200005          ,1.2
0.00453600008          ,0.800000011921
0.00454000011          ,0.800000011921
0.004544000140000001   ,1.2
0.00454799971          ,1.2
0.00455199974          ,1.2
0.00455599977          ,1.2
0.0045599998           ,1.2
0.00456399983          ,1.2
0.00456799986          ,1.2
0.00457199989          ,1.2
0.0045759999200000005  ,1.2
0.00457999995          ,1.2
0.0045839999800000005  ,1.2
0.00458800001          ,1.2
0.0045920000400000004  ,1.2
0.00459600007          ,1.2
0.0046000001           ,1.2
0.00460400013          ,0.800000011921
0.00460800016          ,1.2
0.00461199973          ,0.800000011921
0.00461599976          ,0.800000011921
0.00461999979          ,1.2
0.00462399982          ,1.2
0.00462799985          ,1.2
0.00463199988          ,0.800000011921
0.00463599991          ,1.2
0.00463999994          ,1.2
0.00464399997          ,0.800000011921
0.004648               ,0.800000011921
0.004652000030000001   ,0.800000011921
0.00465600006          ,0.800000011921
0.004660000090000001   ,0.800000011921
0.00466400012          ,1.2
0.0046680001500000005  ,0.800000011921
0.00467199972          ,0.800000011921
0.00467599975          ,1.2
0.00467999978          ,0.800000011921
0.0046839998100000006  ,0.800000011921
0.00468799984          ,1.2
0.0046919998700000005  ,0.800000011921
0.0046959999           ,0.800000011921
0.0046999999300000005  ,1.2
0.00470399996          ,1.2
0.00470799999          ,0.800000011921
0.00471200002          ,1.2
0.00471600005          ,1.2
0.00472000008          ,1.2
0.00472400011          ,1.2
0.00472800015          ,1.2
0.00473199971          ,1.2
0.00473599974          ,0.800000011921
0.00473999977          ,0.800000011921
0.0047439998           ,0.800000011921
0.00474799983          ,1.2
0.00475199986          ,0.800000011921
0.00475599989          ,1.2
0.004759999920000001   ,1.2
0.00476399995          ,1.2
0.004767999980000001   ,1.2
0.00477200001          ,1.2
0.00477600005          ,1.2
0.00478000008          ,1.2
0.00478400011          ,0.800000011921
0.00478800014          ,0.800000011921
0.0047919997           ,0.800000011921
0.00479599973          ,1.2
0.0047999997600000005  ,0.800000011921
0.00480399979          ,0.800000011921
0.0048079998200000005  ,0.800000011921
0.00481199985          ,1.2
0.0048159998800000004  ,1.2
0.00481999991          ,1.2
0.00482399995          ,0.800000011921
0.00482799998          ,0.800000011921
0.00483200001          ,1.2
0.00483600004          ,1.2
0.004840000069999999   ,0.800000011921
0.0048440001           ,0.800000011921
0.004848000129999999   ,0.800000011921
0.00485200016          ,1.2
0.00485599972          ,0.800000011921
0.00485999975          ,0.800000011921
0.00486399978          ,0.800000011921
0.004867999810000001   ,1.2
0.00487199984          ,0.800000011921
0.00487599988          ,0.800000011921
0.00487999991          ,0.800000011921
0.00488399994          ,0.800000011921
0.00488799997          ,1.2
0.004892               ,1.2
0.00489600003          ,0.800000011921
0.00490000006          ,0.800000011921
0.00490400009          ,0.800000011921
0.0049080001199999996  ,0.800000011921
0.00491200015          ,0.800000011921
0.0049159997100000005  ,0.800000011921
0.00491999974          ,1.2
0.0049239997800000004  ,0.800000011921
0.00492799981          ,0.800000011921
0.00493199984          ,0.800000011921
0.00493599987          ,0.800000011921
0.0049399998999999995  ,0.800000011921
0.00494399993          ,1.2
0.004947999959999999   ,0.800000011921
0.00495199999          ,1.2
0.004956000019999999   ,0.800000011921
0.00496000005          ,1.2
0.004964000079999999   ,0.800000011921
0.00496800011          ,0.800000011921
0.00497200014          ,0.800000011921
0.00497599971          ,0.800000011921
0.00497999974          ,1.2
0.00498399977          ,0.800000011921
0.0049879998           ,1.2
0.00499199983          ,1.2
0.00499599986          ,1.2
0.00499999989          ,0.800000011921
0.00500399992          ,1.2
0.00500799995          ,0.800000011921
0.00501199998          ,0.800000011921
0.00501600001          ,0.800000011921
0.00502000004          ,0.800000011921
0.0050240000699999995  ,0.800000011921
0.0050280001           ,1.2
0.0050320001299999995  ,0.800000011921
0.00503600016          ,0.800000011921
0.0050399997299999996  ,0.800000011921
0.00504399976          ,0.800000011921
0.0050479997899999995  ,0.800000011921
0.00505199982          ,1.2
0.0050559998499999995  ,0.800000011921
0.00505999988          ,0.800000011921
0.005063999909999999   ,0.800000011921
0.00506799994          ,0.800000011921
0.005071999969999999   ,0.800000011921
0.005076               ,0.800000011921
0.00508000003          ,0.800000011921
0.00508400006          ,0.800000011921
0.00508800009          ,1.2
0.00509200012          ,1.2
0.00509600015          ,0.800000011921
0.00509999972          ,0.800000011921
0.00510399975          ,0.800000011921
0.00510799978          ,0.800000011921
0.00511199981          ,0.800000011921
0.00511599984          ,0.800000011921
0.00511999987          ,1.2
0.0051239999           ,1.2
0.00512799993          ,1.2
0.00513199996          ,0.800000011921
0.00513599999          ,0.800000011921
0.0051400000199999995  ,1.2
0.00514400005          ,0.800000011921
0.0051480000799999995  ,0.800000011921
0.00515200011          ,0.800000011921
0.00515600014          ,0.800000011921
0.00515999971          ,0.800000011921
0.0051639997399999995  ,0.800000011921
0.00516799977          ,0.800000011921
0.0051719997999999994  ,0.800000011921
0.00517599983          ,0.800000011921
0.005179999859999999   ,0.800000011921
0.00518399989          ,0.800000011921
0.00518799992          ,0.800000011921
0.00519199995          ,0.800000011921
0.00519599998          ,0.800000011921
0.00520000001          ,0.800000011921
0.00520400004          ,0.800000011921
0.00520800008          ,1.2
0.00521200011          ,0.800000011921
0.0052160001400000005  ,0.800000011921
0.0052199997           ,0.800000011921
0.00522399973          ,0.800000011921
0.00522799976          ,0.800000011921
0.00523199979          ,1.2
0.00523599982          ,1.2
0.00523999985          ,0.800000011921
0.00524399988          ,0.800000011921
0.00524799991          ,0.800000011921
0.005251999939999999   ,0.800000011921
0.0052559999699999995  ,0.800000011921
0.005260000010000001   ,1.2
0.005264000039999999   ,0.800000011921
0.00526800007          ,0.800000011921
0.0052720001           ,0.800000011921
0.005276000130000001   ,0.800000011921
0.005280000159999999   ,0.800000011921
0.00528399972          ,1.2
0.005287999749999999   ,1.2
0.00529199978          ,0.800000011921
0.00529599981          ,0.800000011921
0.005299999840000001   ,0.800000011921
0.005303999869999999   ,0.800000011921
0.005307999910000001   ,0.800000011921
0.005311999939999999   ,0.800000011921
0.00531599997          ,0.800000011921
0.00532                ,0.800000011921
0.0053240000300000005  ,0.800000011921
0.005328000060000001   ,0.800000011921
0.00533200009          ,0.800000011921
0.00533600012          ,0.800000011921
0.00534000015          ,0.800000011921
0.00534399971          ,0.800000011921
0.0053479997400000005  ,0.800000011921
0.005351999769999999   ,0.800000011921
0.00535599981          ,0.800000011921
0.005359999840000001   ,1.2
0.0053639998699999995  ,0.800000011921
0.0053679999           ,0.800000011921
0.00537199993          ,0.800000011921
0.005375999960000001   ,0.800000011921
0.005379999989999999   ,1.2
0.00538400002          ,0.800000011921
0.00538800005          ,0.800000011921
0.005392000080000001   ,1.2
0.00539600011          ,0.800000011921
0.00540000014          ,0.800000011921
0.005403999699999999   ,0.800000011921
0.005407999740000001   ,0.800000011921
0.005411999769999999   ,0.800000011921
0.0054159998           ,0.800000011921
0.00541999983          ,0.800000011921
0.0054239998600000006  ,0.800000011921
0.005427999889999999   ,0.800000011921
0.00543199992          ,0.800000011921
0.00543599995          ,0.800000011921
0.0054399999800000005  ,0.800000011921
0.005444000010000001   ,0.800000011921
0.0054480000399999996  ,0.800000011921
0.00545200007          ,0.800000011921
0.0054560001           ,0.800000011921
0.00546000013          ,0.800000011921
0.0054640001599999995  ,0.800000011921
0.00546799973          ,0.800000011921
0.00547199976          ,0.800000011921
0.005475999790000001   ,1.2
0.0054799998199999995  ,0.800000011921
0.00548399985          ,0.800000011921
0.00548799988          ,0.800000011921
0.005491999910000001   ,0.800000011921
0.005495999939999999   ,0.800000011921
0.00549999997          ,0.800000011921
0.005504               ,0.800000011921
0.005508000030000001   ,0.800000011921
0.00551200006          ,0.800000011921
0.00551600009          ,0.800000011921
0.00552000012          ,0.800000011921
0.0055240001500000005  ,1.2
0.005527999719999999   ,0.800000011921
0.00553199975          ,0.800000011921
0.00553599978          ,0.800000011921
0.0055399998100000005  ,0.800000011921
0.005543999840000001   ,0.800000011921
0.00554799987          ,0.800000011921
0.0055519999           ,0.800000011921
0.0055559999300000005  ,0.800000011921
0.00555999996          ,0.800000011921
0.0055639999899999995  ,0.800000011921
0.00556800002          ,1.2
0.00557200005          ,0.800000011921
0.00557600008          ,0.800000011921
0.00558000011          ,0.800000011921
0.00558400014          ,1.2
0.00558799971          ,1.2
0.005591999740000001   ,0.800000011921
0.0055959997699999995  ,0.800000011921
0.0055999998           ,0.800000011921
0.00560399983          ,0.800000011921
0.005607999860000001   ,0.800000011921
0.005611999889999999   ,0.800000011921
0.00561599992          ,0.800000011921
0.00561999995          ,0.800000011921
0.005623999980000001   ,0.800000011921
0.00562800001          ,1.2
0.00563200004          ,1.2
0.00563600007          ,0.800000011921
0.0056400001000000005  ,0.800000011921
0.00564400014          ,0.800000011921
0.0056479997           ,1.2
0.00565199973          ,1.2
0.0056559997600000005  ,0.800000011921
0.00565999979          ,0.800000011921
0.00566399982          ,0.800000011921
0.00566799985          ,1.2
0.0056719998800000004  ,0.800000011921
0.00567599991          ,0.800000011921
0.0056799999399999995  ,0.800000011921
0.00568399997          ,0.800000011921
0.005688               ,0.800000011921
0.00569200004          ,0.800000011921
0.00569600007          ,0.800000011921
0.0057000001           ,0.800000011921
0.00570400013          ,0.800000011921
0.00570800016          ,0.800000011921
0.0057119997199999994  ,0.800000011921
0.00571599975          ,0.800000011921
0.00571999978          ,0.800000011921
0.005723999810000001   ,0.800000011921
0.00572799984          ,0.800000011921
0.00573199987          ,1.2
0.0057359999           ,0.800000011921
0.00573999994          ,0.800000011921
0.00574399997          ,0.800000011921
0.005748               ,0.800000011921
0.00575200003          ,0.800000011921
0.0057560000600000005  ,0.800000011921
0.00576000009          ,0.800000011921
0.0057640001199999995  ,0.800000011921
0.00576800015          ,0.800000011921
0.0057719997100000005  ,1.2
0.00577599974          ,0.800000011921
0.00577999977          ,0.800000011921
0.0057839998           ,0.800000011921
0.00578799983          ,0.800000011921
0.00579199987          ,0.800000011921
0.0057959999           ,1.2
0.00579999993          ,0.800000011921
0.00580399996          ,0.800000011921
0.00580799999          ,0.800000011921
0.005812000019999999   ,0.800000011921
0.00581600005          ,0.800000011921
0.00582000008          ,0.800000011921
0.005824000110000001   ,0.800000011921
0.005828000139999999   ,0.800000011921
0.0058319997           ,1.2
0.00583599973          ,0.800000011921
0.00583999977          ,0.800000011921
0.0058439998           ,0.800000011921
0.00584799983          ,0.800000011921
0.00585199986          ,1.2
0.00585599989          ,0.800000011921
0.00585999992          ,0.800000011921
0.00586399995          ,0.800000011921
0.00586799998          ,0.800000011921
0.0058720000100000004  ,0.800000011921
0.00587600004          ,0.800000011921
0.0058800000699999995  ,0.800000011921
0.0058840001           ,0.800000011921
0.00588800013          ,0.800000011921
0.005892000159999999   ,0.800000011921
0.00589599973          ,0.800000011921
0.00589999976          ,0.800000011921
0.00590399979          ,0.800000011921
0.00590799982          ,1.2
0.0059119998499999995  ,0.800000011921
0.00591599988          ,0.800000011921
0.00591999991          ,1.2
0.00592399994          ,0.800000011921
0.005927999969999999   ,0.800000011921
0.005932               ,0.800000011921
0.00593600003          ,0.800000011921
0.005940000060000001   ,0.800000011921
0.005944000089999999   ,0.800000011921
0.00594800012          ,1.2
0.00595200015          ,0.800000011921
0.00595599972          ,0.800000011921
0.00595999975          ,0.800000011921
0.00596399978          ,0.800000011921
0.00596799981          ,0.800000011921
0.0059719998400000005  ,0.800000011921
0.00597599987          ,0.800000011921
0.0059799999           ,0.800000011921
0.00598399993          ,0.800000011921
0.00598799996          ,0.800000011921
0.005991999989999999   ,0.800000011921
0.0059960000199999995  ,0.800000011921
0.00600000005          ,0.800000011921
0.00600400008          ,0.800000011921
0.006008000110000001   ,0.800000011921
0.006012000139999999   ,0.800000011921
0.00601599971          ,0.800000011921
0.00601999974          ,0.800000011921
0.00602399977          ,0.800000011921
0.0060279997999999994  ,0.800000011921
0.00603199983          ,0.800000011921
0.00603599986          ,0.800000011921
0.00603999989          ,0.800000011921
0.006043999919999999   ,0.800000011921
0.00604799995          ,0.800000011921
0.00605199998          ,0.800000011921
0.006056000010000001   ,0.800000011921
0.006060000039999999   ,0.800000011921
0.00606400007          ,0.800000011921
0.0060680001           ,0.800000011921
0.0060720001300000005  ,1.2
0.0060759997           ,0.800000011921
