-0.004000000189999999  ,0.800000011921
-0.0039600003499999994 ,0.800000011921
-0.00392000005         ,0.800000011921
-0.0038800002100000002 ,0.800000011921
-0.0038400001399999995 ,0.800000011921
-0.0038000003          ,0.800000011921
-0.00376000023         ,0.800000011921
-0.00372000015         ,0.800000011921
-0.00368000008         ,0.800000011921
-0.00364000024         ,0.800000011921
-0.0036000001700000005 ,0.800000011921
-0.0035600001000000003 ,0.800000011921
-0.00352000026         ,0.800000011921
-0.0034800001899999997 ,0.800000011921
-0.0034400001200000003 ,0.800000011921
-0.00340000028         ,0.800000011921
-0.00336000021         ,4.4000001
-0.0033200001300000004 ,10.0
-0.0032800003000000005 ,15.6000004
-0.00324000022         ,20.80000114
-0.00320000015         ,25.20000076
-0.00316000031         ,29.60000038
-0.00312000024         ,33.60000229
-0.00308000017         ,36.79999924
-0.00304000033         ,40.0
-0.0030000002600000003 ,42.79999924
-0.0029600001899999996 ,44.79999924
-0.00292000012         ,46.79999924
-0.00288000028         ,48.40000153
-0.0028400002          ,49.60000229
-0.0028000001300000003 ,50.40000153
-0.00276000029         ,51.20000076
-0.00272000022         ,51.20000076
-0.0026800002          ,51.20000076
-0.0026400003          ,51.60000229
-0.0026000002          ,51.20000076
-0.0025600002          ,50.79999924
-0.0025200002999999998 ,50.0
-0.0024800003          ,49.20000076
-0.0024400002          ,48.40000153
-0.0024000001000000003 ,47.60000229
-0.0023600003          ,46.40000153
-0.0023200002          ,45.20000076
-0.0022800001          ,44.40000153
-0.0022400003          ,43.20000076
-0.0022000001999999998 ,42.0
-0.0021600001          ,40.79999924
-0.0021200003          ,39.60000229
-0.0020800002          ,38.40000153
-0.0020400001999999998 ,37.60000229
-0.0020000003          ,36.79999924
-0.0019600003          ,35.60000229
-0.0019200002          ,34.79999924
-0.0018800001999999998 ,33.60000229
-0.0018400003          ,32.79999924
-0.0018000001999999998 ,31.60000038
-0.0017600002          ,30.80000114
-0.0017200003          ,29.60000038
-0.0016800002          ,28.80000114
-0.0016400003          ,28.39999962
-0.0016000003          ,27.60000038
-0.0015600001999999998 ,26.80000114
-0.0015200003          ,26.0
-0.0014800001999999998 ,25.20000076
-0.0014400003          ,24.39999962
-0.0014000003          ,24.0
-0.0013600002          ,23.20000076
-0.0013200003          ,22.80000114
-0.0012800002          ,22.0
-0.0012400002          ,21.60000038
-0.0012000003          ,20.80000114
-0.0011600002          ,20.39999962
-0.0011200003          ,20.0
-0.0010800003          ,19.2000008
-0.0010400002          ,18.800001100000003
-0.0010000003          ,18.3999996
-0.000960000266787     ,17.6000004
-0.0009200002532450001 ,17.2000008
-0.0008800002979109999 ,16.800001100000003
-0.00084000028437      ,16.399999599999997
-0.0008000002708289999 ,16.399999599999997
-0.000760000257287     ,15.6000004
-0.0007200002437460001 ,15.199999800000002
-0.000680000288412     ,14.800000199999998
-0.0006400002748709999 ,14.4000006
-0.0006000002613289999 ,14.4000006
-0.000560000305995     ,14.0
-0.000520000292454     ,13.6000004
-0.0004800002789119999 ,13.199999800000002
-0.000440000265371     ,12.8000002
-0.00040000028093      ,12.8000002
-0.0003600002965       ,12.4000006
-0.00032000028295      ,12.0
-0.00028000026941000004,11.6000004
-0.00024000028498      ,11.6000004
-0.00020000028599      ,11.1999998
-0.000160000287        ,10.8000002
-0.000120000288        ,10.4000006
-8.000028901700001e-05 ,10.4000006
-4.000029003e-05       ,10.0
-2.9103830337999997e-10,9.600000381000001
3.999970795e-05        ,9.600000381000001
7.9999706941e-05       ,9.600000381000001
0.00011999970590000001 ,9.199999809
0.00015999970491999997 ,9.199999809
0.00019999970391       ,8.800000191
0.00023999970290000002 ,8.800000191
0.00027999968734       ,8.800000191
0.00031999970088       ,8.800000191
0.00035999971442       ,8.400000572
0.00039999969886       ,8.400000572
0.00043999968329400005 ,8.400000572
0.0004799996968359999  ,8.400000572
0.000519999710377      ,8.400000572
0.000559999723919      ,8.0
0.000599999679253      ,8.400000572
0.000639999692794      ,8.400000572
0.0006799997063350001  ,8.400000572
0.0007199996616689999  ,8.0
0.0007599996752110001  ,8.0
0.0007999996887519999  ,8.0
0.000839999702293      ,8.400000572
0.0008799997158350001  ,7.599999905
0.000919999671169      ,8.0
0.00095999968471       ,7.599999905
0.001                  ,7.599999905
0.0010399997           ,7.599999905
0.0010799997           ,7.599999905
0.0011199997           ,7.599999905
0.0011599996           ,7.20000029
0.0011999997           ,7.20000029
0.0012399997000000001  ,7.20000029
0.0012799997           ,7.599999905
0.0013199997           ,7.599999905
0.0013599996           ,7.599999905
0.0013999997           ,7.599999905
0.0014399997           ,7.20000029
0.0014799995999999998  ,7.20000029
0.0015199997           ,7.20000029
0.0015599997           ,7.20000029
0.0015999996           ,7.599999905
0.0016399997           ,7.599999905
0.0016799996           ,7.20000029
0.0017199997           ,7.599999905
0.0017599997           ,7.599999905
0.0017999995999999998  ,7.599999905
0.0018399997           ,7.599999905
0.0018799996           ,7.599999905
0.0019199997           ,7.599999905
0.0019599996           ,7.599999905
0.0019999996           ,8.0
0.0020399997           ,8.0
0.0020799995           ,8.0
0.0021199996           ,8.0
0.0021599997           ,8.400000572
0.0021999998           ,8.400000572
0.0022399996           ,8.400000572
0.0022799997           ,8.800000191
0.0023199997           ,8.800000191
0.0023599996           ,9.199999809
0.0023999996           ,9.600000381000001
0.0024399997000000002  ,10.0
0.0024799996           ,10.8000002
0.0025199996           ,11.1999998
0.0025599997           ,12.0
0.0025999995           ,12.8000002
0.0026399996000000003  ,14.0
0.0026799996999999996  ,14.800000199999998
0.0027199997600000003  ,16.0
0.0027599996           ,17.2000008
0.00279999967          ,18.3999996
0.00283999974          ,20.0
0.0028799995799999997  ,22.0
0.0029199996500000004  ,23.20000076
0.00295999972          ,25.60000038
0.00299999956          ,27.60000038
0.00303999963          ,29.60000038
0.0030799996999999997  ,32.0
0.0031199995399999996  ,34.0
0.0031599996100000003  ,36.40000153
0.0031999996899999997  ,38.79999924
0.00323999953          ,41.20000076
0.0032799996000000002  ,43.60000229
0.00331999967          ,45.60000229
0.00335999951          ,48.0
0.0033999995799999998  ,50.40000153
0.0034399996500000004  ,52.40000153
0.0034799997200000003  ,54.0
0.00351999956          ,56.0
0.00355999963          ,57.600002288999995
0.00359999971          ,58.799999237
0.0036399995399999997  ,60.400001526000004
0.0036799996200000008  ,61.200000763
0.0037199996899999997  ,62.0
0.0037599995299999996  ,62.799999237
0.0037999996000000003  ,63.200000763
0.00383999967          ,63.200000763
0.00387999951          ,63.200000763
0.00391999958          ,63.200000763
0.0039599994200000006  ,62.799999237
0.00399999972          ,62.0
0.00403999956          ,61.600002288999995
0.0040799994           ,60.799999237
0.00411999971          ,60.0
0.0041599995500000006  ,58.799999237
0.00419999938          ,57.200000763
0.00423999969          ,56.400001526000004
0.00427999953          ,54.799999237
0.00431999937          ,54.0
0.00435999967          ,52.40000153
0.00439999951          ,50.79999924
0.00443999982          ,49.20000076
0.00447999965          ,48.0
0.00451999949          ,46.40000153
0.0045599998           ,45.20000076
0.00459999964          ,44.0
0.0046399994799999995  ,42.40000153
0.004679999779999999   ,41.20000076
0.004719999620000001   ,40.0
0.00475999946          ,38.40000153
0.0047999997600000005  ,37.20000076
0.0048399996           ,36.40000153
0.004879999439999999   ,34.79999924
0.00491999974          ,33.60000229
0.00495999958          ,32.79999924
0.004999999420000001   ,31.60000038
0.0050399997299999996  ,30.80000114
0.00507999957          ,29.60000038
0.0051199994           ,28.80000114
0.00515999971          ,28.0
0.00519999955          ,27.20000076
0.00523999939          ,26.0
0.00527999969          ,25.20000076
0.00531999953          ,24.39999962
0.00535999937          ,24.0
0.005399999670000001   ,23.20000076
0.00543999951          ,22.39999962
0.0054799993500000005  ,22.0
0.00551999966          ,20.80000114
0.005559999499999999   ,20.0
0.0055999998           ,20.0
0.005639999640000001   ,19.2000008
0.00567999948          ,18.3999996
0.00571999978          ,18.0
0.00575999962          ,17.6000004
0.00579999946          ,16.800001100000003
0.005839999770000001   ,16.399999599999997
0.0058799996           ,16.399999599999997
0.00591999944          ,15.199999800000002
0.00595999975          ,15.199999800000002
0.00599999959          ,14.800000199999998
0.00603999943          ,14.4000006
0.00607999973          ,14.0
0.00611999957          ,13.6000004
0.00615999941          ,13.199999800000002
0.00619999971          ,12.8000002
0.00623999955          ,12.4000006
0.00627999939          ,12.0
0.0063199996900000005  ,11.6000004
0.0063599995299999995  ,11.6000004
0.00639999937          ,11.1999998
0.00643999968          ,10.8000002
0.006479999520000001   ,10.4000006
0.00651999936          ,10.4000006
0.00655999966          ,10.0
0.006599999499999999   ,10.0
0.00663999934          ,9.600000381000001
0.006679999640000001   ,9.199999809
0.00671999948          ,8.800000191
0.0067599993200000005  ,8.800000191
0.00679999962          ,8.400000572
0.00683999946          ,8.400000572
0.006879999300000001   ,8.0
0.006919999609999999   ,7.599999905
0.00695999945          ,7.599999905
0.006999999749999999   ,7.20000029
0.00703999959          ,7.20000029
0.00707999943          ,7.20000029
0.00711999973          ,6.80000019
0.0071599995700000005  ,6.80000019
0.0071999994099999996  ,6.80000019
0.007239999720000001   ,6.4000001
0.007279999549999999   ,6.4000001
0.00731999939          ,6.4000001
0.0073599997           ,6.4000001
0.007399999536999999   ,6.0
0.007439999375         ,6.0
0.00747999968          ,6.0
0.0075199995189999995  ,6.0
0.007559999358         ,6.0
0.0075999996620000005  ,6.0
0.007639999501         ,5.5999999
0.00767999934          ,5.5999999
0.007719999645         ,6.0
0.007759999484         ,5.5999999
0.007799999323         ,5.5999999
0.007839999162         ,5.5999999
0.007879999466         ,5.5999999
0.007919999771         ,5.5999999
0.007959999144         ,5.5999999
0.007999999449         ,5.5999999
0.008039999753         ,5.5999999
0.008079999126         ,5.5999999
0.008119999431         ,5.5999999
0.008159999736         ,5.5999999
0.008199999109         ,5.5999999
0.008239999413         ,5.5999999
0.008279999718000001   ,5.20000029
0.008319999091         ,5.20000029
0.008359999396         ,5.20000029
0.008399999699999999   ,5.5999999
0.008439999074         ,5.20000029
0.008479999378         ,5.20000029
0.008519999682999999   ,5.5999999
0.008559999056         ,5.5999999
0.008599999361000001   ,5.20000029
0.008639999665         ,5.20000029
0.008679999039         ,5.20000029
0.008719999342999999   ,5.5999999
0.008759999648         ,5.5999999
0.008799999952         ,5.5999999
0.008839999325999999   ,5.5999999
0.00887999963          ,5.5999999
0.008919999935         ,5.5999999
0.008959999308         ,5.5999999
0.008999999613         ,6.0
0.009039999917         ,6.0
0.00907999929          ,6.0
0.009119999595         ,6.4000001
0.0091599999           ,6.80000019
0.009199999273         ,6.80000019
0.009239999577         ,7.20000029
0.009279999882         ,7.599999905
0.009319999255000001   ,8.0
0.00935999956          ,8.400000572
0.009399999864000001   ,9.199999809
0.009439999238         ,10.0
0.009479999542         ,10.4000006
0.009519999847         ,11.6000004
0.00955999922          ,12.4000006
0.009599999525         ,13.199999800000002
0.009639999828999999   ,14.4000006
0.009679999202         ,16.0
0.009719999507000001   ,17.2000008
0.009759999812         ,18.3999996
0.009799999185         ,19.6000004
0.009839999488999999   ,21.20000076
0.009879999794         ,23.20000076
0.009919999167         ,24.80000114
0.009959999472         ,26.39999962
0.009999999776         ,28.0
0.0100399991           ,30.0
0.010079999499999999   ,32.0
0.0101199998           ,33.60000229
0.0101599991           ,35.20000076
0.0101999994           ,37.20000076
0.0102399997           ,38.40000153
0.010279999100000001   ,40.0
0.0103199994           ,41.20000076
0.010359999699999999   ,42.40000153
0.0103999991           ,43.60000229
0.0104399994           ,44.40000153
0.0104799997           ,45.20000076
0.0105199991           ,45.60000229
0.010559999399999999   ,46.40000153
0.0105999997           ,46.40000153
0.010639999099999999   ,46.40000153
0.0106799994           ,46.40000153
0.0107199997           ,46.40000153
0.010759999            ,46.0
0.0107999993           ,45.60000229
0.0108399997           ,45.20000076
0.010879999            ,44.79999924
0.0109199993           ,44.0
0.010959999599999999   ,43.20000076
0.010999999            ,42.0
0.011039999299999999   ,41.20000076
0.0110799996           ,40.0
0.011119998999999998   ,39.20000076
0.011159999299999999   ,38.0
0.0111999996           ,37.20000076
0.011239998999999999   ,36.0
0.0112799993           ,34.79999924
0.0113199996           ,34.0
0.011359998999999999   ,32.79999924
0.0113999993           ,31.60000038
0.0114399996           ,30.80000114
0.0114799999           ,30.0
0.011519999199999999   ,28.80000114
0.0115599995           ,27.60000038
0.0115999999           ,26.80000114
0.011639999199999999   ,26.0
0.0116799995           ,25.20000076
0.0117199998           ,24.39999962
0.0117599992           ,23.60000038
0.0117999995           ,22.80000114
0.0118399998           ,22.0
0.0118799992           ,21.20000076
0.0119199995           ,20.39999962
0.0119599998           ,20.0
0.0119999992           ,19.6000004
0.012039999499999999   ,18.800001100000003
0.0120799998           ,18.0
0.012119999199999999   ,17.6000004
0.0121599995           ,17.2000008
0.0121999998           ,16.399999599999997
0.0122399991           ,16.399999599999997
0.0122799994           ,15.6000004
0.0123199997           ,15.199999800000002
0.0123599991           ,14.4000006
0.0123999994           ,14.4000006
0.0124399997           ,14.0
0.0124799991           ,13.6000004
0.012519999399999999   ,13.199999800000002
0.0125599997           ,12.4000006
0.012599999099999998   ,12.4000006
0.012639999399999999   ,12.0
0.0126799997           ,11.6000004
0.012719999099999999   ,11.6000004
0.0127599994           ,10.8000002
0.0127999997           ,10.8000002
0.012839999            ,10.4000006
0.0128799994           ,10.0
0.0129199997           ,10.0
0.012959999            ,9.600000381000001
0.012999999299999999   ,9.600000381000001
0.0130399996           ,9.199999809
0.013079998999999998   ,8.800000191
0.013119999299999999   ,8.800000191
0.0131599996           ,8.400000572
0.013199998999999999   ,8.400000572
0.0132399993           ,8.400000572
0.0132799996           ,7.599999905
0.013319998999999999   ,7.599999905
0.0133599993           ,7.599999905
0.0133999996           ,7.20000029
0.013439999            ,7.20000029
0.0134799993           ,6.80000019
0.013519999599999999   ,6.4000001
0.013559998899999998   ,6.4000001
0.013599999199999999   ,6.4000001
0.0136399996           ,6.4000001
0.013679998899999999   ,6.0
0.0137199992           ,6.4000001
0.0137599995           ,6.0
0.013799998899999999   ,6.0
0.0138399992           ,6.0
0.0138799995           ,6.0
0.0139199998           ,6.0
0.0139599992           ,6.0
0.013999999499999999   ,6.0
0.0140399998           ,6.0
0.014079999199999998   ,6.0
0.0141199995           ,5.5999999
0.0141599998           ,5.5999999
0.014199999199999999   ,5.5999999
0.0142399995           ,5.5999999
0.0142799998           ,5.5999999
0.0143199991           ,5.5999999
0.0143599994           ,5.5999999
0.0143999998           ,5.5999999
0.0144399991           ,5.5999999
0.014479999399999999   ,5.5999999
0.0145199997           ,5.5999999
0.014559999099999998   ,5.20000029
0.014599999399999999   ,5.20000029
0.0146399997           ,4.80000019
0.014679999099999999   ,4.80000019
0.0147199994           ,4.80000019
0.0147599997           ,4.80000019
0.014799999099999999   ,5.20000029
0.0148399994           ,4.80000019
0.0148799997           ,4.80000019
0.0149199991           ,4.80000019
0.0149599994           ,4.80000019
0.014999999699999999   ,4.80000019
0.015039998999999998   ,4.4000001
0.015079999299999999   ,4.80000019
0.0151199996           ,4.4000001
0.015159998999999999   ,4.4000001
0.0151999993           ,4.80000019
0.0152399996           ,4.80000019
0.015279998999999999   ,4.80000019
0.0153199993           ,4.80000019
0.0153599996           ,4.80000019
0.015399999            ,4.4000001
0.0154399993           ,4.80000019
0.015479999599999999   ,4.4000001
0.015519999            ,4.4000001
0.015559999299999999   ,4.80000019
0.0155999996           ,4.80000019
0.0156399999           ,4.80000019
0.0156800002           ,4.4000001
0.0157199986           ,4.80000019
0.0157599989           ,4.80000019
0.015799999199999998   ,4.80000019
0.0158399995           ,4.80000019
0.0158799998           ,5.20000029
0.0159200002           ,5.20000029
0.0159599986           ,5.20000029
0.0159999989           ,5.5999999
0.0160399992           ,5.5999999
0.0160799995           ,6.0
0.0161199998           ,6.0
0.0161600001           ,6.4000001
0.0161999986           ,6.80000019
0.0162399989           ,7.599999905
0.0162799992           ,8.400000572
0.016319999499999998   ,8.400000572
0.0163599998           ,9.600000381000001
0.0164000001           ,10.4000006
0.0164399985           ,11.1999998
0.0164799988           ,12.0
0.0165199991           ,12.8000002
0.0165599994           ,14.0
0.0165999997           ,15.199999800000002
0.01664                ,16.399999599999997
0.0166799985           ,17.6000004
0.0167199988           ,18.800001100000003
0.0167599991           ,20.0
0.016799999399999998   ,21.20000076
0.0168399997           ,22.39999962
0.01688                ,24.0
0.016919998500000002   ,25.20000076
0.016959998799999997   ,26.39999962
0.0169999991           ,28.0
0.0170399994           ,28.80000114
0.0170799997           ,30.39999962
0.01712                ,31.20000076
0.0171599984           ,32.40000153
0.0171999987           ,33.20000076
0.017239999            ,33.60000229
0.017279999299999998   ,34.40000153
0.0173199996           ,34.79999924
0.0173599999           ,35.20000076
0.0173999984           ,35.60000229
0.0174399987           ,35.60000229
0.017479999            ,35.60000229
0.0175199993           ,35.60000229
0.0175599996           ,35.20000076
0.0175999999           ,34.79999924
0.0176399983           ,34.40000153
0.0176799987           ,33.60000229
0.017719999            ,33.20000076
0.0177599993           ,32.79999924
0.017799999599999998   ,32.0
0.0178399999           ,31.20000076
0.0178800002           ,30.39999962
0.0179199986           ,29.60000038
0.0179599989           ,28.80000114
0.0179999992           ,28.0
0.0180399995           ,27.20000076
0.0180799998           ,26.39999962
0.0181200001           ,25.60000038
0.0181599986           ,24.80000114
0.0181999989           ,24.0
0.0182399992           ,23.20000076
0.018279999499999998   ,22.80000114
0.0183199998           ,22.0
0.0183600001           ,20.80000114
0.0183999985           ,20.0
0.018439998899999997   ,19.6000004
0.0184799992           ,19.2000008
0.0185199995           ,18.3999996
0.0185599998           ,17.6000004
0.0186000001           ,17.2000008
0.0186399985           ,16.399999599999997
0.0186799988           ,16.399999599999997
0.0187199991           ,15.6000004
0.018759999399999998   ,15.199999800000002
0.0187999997           ,14.800000199999998
0.01884                ,14.4000006
0.018879998500000002   ,14.0
0.018919998799999997   ,13.199999800000002
0.0189599991           ,12.8000002
0.0189999994           ,12.8000002
0.0190399997           ,12.4000006
0.01908                ,12.0
0.0191199984           ,11.6000004
0.0191599987           ,11.1999998
0.019199999            ,10.8000002
0.0192399994           ,10.4000006
0.019279999699999998   ,10.0
0.01932                ,10.0
0.0193599984           ,9.600000381000001
0.0193999987           ,9.199999809
0.019439999            ,8.800000191
0.0194799993           ,8.800000191
0.0195199996           ,8.400000572
0.0195599999           ,8.400000572
0.019599998400000002   ,8.0
0.0196399987           ,7.599999905
0.019679999            ,7.599999905
0.0197199993           ,7.20000029
0.019759999599999998   ,7.20000029
0.0197999999           ,7.20000029
0.0198399983           ,6.80000019
0.0198799986           ,6.80000019
0.0199199989           ,6.4000001
0.0199599992           ,6.0
0.0199999996           ,6.0
0.0200399999           ,6.0
0.020079998300000002   ,5.5999999
0.0201199986           ,5.5999999
0.020159998909999997   ,5.5999999
0.02019999921          ,5.20000029
0.02023999952          ,5.20000029
0.02027999982          ,5.20000029
0.02031999826          ,4.80000019
0.02035999857          ,4.80000019
0.020399998869999998   ,4.4000001
0.02043999918          ,4.4000001
0.02047999948          ,4.4000001
0.02051999979          ,4.0
0.020560000090000002   ,4.0
0.02059999853          ,4.0
0.02063999884          ,4.0
0.020679999140000002   ,3.60000014
0.020719999450000002   ,3.60000014
0.02075999975          ,3.60000014
0.02080000006          ,3.60000014
0.0208399985           ,3.60000014
0.0208799988           ,3.60000014
0.020919999109999997   ,3.60000014
0.02095999941          ,3.60000014
0.02099999972          ,3.60000014
0.021040000019999998   ,3.60000014
0.02107999846          ,3.20000005
0.02111999877          ,3.20000005
0.021159999069999998   ,3.60000014
0.02119999938          ,3.60000014
0.021239999680000003   ,3.20000005
0.02127999999          ,3.20000005
0.021319998430000004   ,3.60000014
0.021359998730000003   ,3.20000005
0.02139999904          ,3.20000005
0.021439999339999998   ,3.20000005
0.021479999649999998   ,3.20000005
0.02151999995          ,2.79999995
0.02155999839          ,2.79999995
0.0215999987           ,3.20000005
0.021639999            ,2.79999995
0.02167999931          ,2.79999995
0.021719999610000002   ,3.20000005
0.021759999920000002   ,2.79999995
0.02179999836          ,3.20000005
0.02183999866          ,2.79999995
0.021879998969999998   ,2.79999995
0.021919999269999997   ,2.79999995
0.02195999958          ,2.79999995
0.02199999988          ,3.20000005
0.02203999832          ,3.20000005
0.02207999863          ,2.79999995
0.022119998930000002   ,2.79999995
0.022159999240000002   ,2.79999995
0.022199999539999998   ,3.20000005
0.022239999849999997   ,3.20000005
0.02227999829          ,3.20000005
0.02231999859          ,3.20000005
0.0223599989           ,3.20000005
0.0223999992           ,3.20000005
0.02243999951          ,3.20000005
0.02247999981          ,3.20000005
0.022519998250000003   ,3.20000005
0.022559998560000002   ,3.20000005
0.022599998859999998   ,3.20000005
0.022639999169999998   ,3.60000014
0.022679999469999997   ,3.60000014
0.02271999978          ,3.60000014
0.022759998219999997   ,3.60000014
0.02279999852          ,4.0
0.02283999883          ,4.0
0.022879999130000002   ,4.4000001
0.02291999944          ,4.80000019
0.02295999974          ,4.80000019
0.023000000040000003   ,5.5999999
0.023039998489999998   ,5.5999999
0.02307999879          ,6.0
0.0231199991           ,6.4000001
0.0231599994           ,7.599999905
0.0231999997           ,7.599999905
0.02324000001          ,8.400000572
0.023279998450000002   ,9.199999809
0.023319998760000002   ,9.600000381000001
0.02335999906          ,10.8000002
0.02339999937          ,11.6000004
0.023439999669999996   ,12.4000006
0.02347999997          ,13.6000004
0.023519998419999997   ,14.4000006
0.02355999872          ,15.199999800000002
0.02359999903          ,16.399999599999997
0.02363999933          ,17.6000004
0.02367999963          ,18.3999996
0.02371999994          ,19.6000004
0.02375999838          ,20.80000114
0.02379999869          ,21.20000076
0.023839998990000003   ,22.39999962
0.02387999929          ,23.60000038
0.0239199996           ,24.0
0.0239599999           ,24.80000114
0.02399999835          ,25.60000038
0.02403999865          ,26.0
0.024079998959999998   ,26.80000114
0.02411999926          ,27.20000076
0.02415999956          ,27.20000076
0.02419999987          ,27.20000076
0.024239998309999997   ,27.20000076
0.024279998619999996   ,27.20000076
0.02431999892          ,27.20000076
0.024359999219999998   ,27.20000076
0.02439999953          ,26.80000114
0.02443999983          ,26.80000114
0.02447999828          ,26.0
0.02451999858          ,25.60000038
0.024559998880000003   ,25.20000076
0.024599999190000003   ,24.80000114
0.02463999949          ,24.0
0.0246799998           ,23.60000038
0.02471999824          ,22.80000114
0.02475999855          ,22.39999962
0.024799998849999998   ,21.60000038
0.02483999915          ,21.20000076
0.02487999946          ,20.39999962
0.02491999976          ,19.6000004
0.02495999821          ,19.2000008
0.02499999851          ,18.800001100000003
0.025039998810000002   ,18.0
0.02507999912          ,17.2000008
0.025119999419999997   ,16.800001100000003
0.025159999730000004   ,16.399999599999997
0.025199998169999998   ,16.0
0.02523999847          ,15.199999800000002
0.02527999878          ,14.800000199999998
0.025319999080000002   ,14.4000006
0.025359999390000002   ,13.6000004
0.02539999969          ,13.199999800000002
0.02544                ,12.8000002
0.025479998440000002   ,12.8000002
0.025519998739999997   ,12.4000006
0.025559999049999997   ,12.0
0.02559999935          ,11.6000004
0.02563999966          ,11.1999998
0.025679999959999998   ,10.4000006
0.0257199984           ,10.4000006
0.02575999871          ,10.0
0.02579999901          ,9.600000381000001
0.02583999932          ,9.600000381000001
0.025879999619999997   ,9.199999809
0.025919999930000003   ,9.199999809
0.025959998369999997   ,8.400000572
0.02599999867          ,8.400000572
0.02603999898          ,8.0
0.026079999280000002   ,8.0
0.02611999959          ,7.599999905
0.02615999989          ,7.599999905
0.02619999833          ,7.20000029
0.02623999864          ,6.80000019
0.026279998939999997   ,6.4000001
0.026319999249999997   ,6.80000019
0.026359999550000002   ,6.4000001
0.02639999986          ,6.4000001
0.0264399983           ,6.0
0.0264799986           ,6.0
0.02651999891          ,6.0
0.02655999921          ,5.5999999
0.02659999952          ,5.5999999
0.02663999982          ,5.5999999
0.026679998259999997   ,5.20000029
0.026719998569999997   ,5.5999999
0.026759998870000003   ,5.20000029
0.02679999918          ,5.20000029
0.026839999480000005   ,4.80000019
0.026879999789999998   ,4.80000019
0.026919998230000002   ,4.80000019
0.02695999853          ,4.80000019
0.026999998839999997   ,4.80000019
0.02703999914          ,4.80000019
0.02707999945          ,4.4000001
0.027119999750000002   ,4.4000001
0.027159998189999996   ,4.4000001
0.0271999985           ,4.0
0.027239998799999998   ,4.0
0.027279999110000005   ,4.0
0.02731999941          ,4.0
0.02735999972          ,4.4000001
0.02739999816          ,4.4000001
0.027439998460000004   ,4.4000001
0.02747999877          ,4.4000001
0.027519999069999995   ,4.4000001
0.027559999380000002   ,4.4000001
0.027599999680000004   ,4.0
0.02763999812          ,4.4000001
0.027679998430000005   ,4.0
0.02771999873          ,4.4000001
0.027759999039999997   ,4.0
0.02779999934          ,4.0
0.02783999965          ,4.4000001
0.02787999809          ,4.4000001
0.027919998389999996   ,4.0
0.027959998700000002   ,4.0
0.027999998999999998   ,4.0
0.028039999310000004   ,4.0
0.02807999961          ,4.0
0.02811999992          ,4.0
0.02815999836          ,3.60000014
0.028199998660000003   ,3.60000014
0.02823999897          ,3.60000014
0.028279999269999998   ,3.20000005
0.02831999958          ,3.60000014
0.02835999988          ,3.20000005
0.028399998319999998   ,3.60000014
0.028439998629999998   ,3.60000014
0.02847999893          ,3.20000005
0.028519999239999996   ,3.60000014
0.02855999954          ,3.60000014
0.02859999985          ,3.20000005
0.02863999829          ,3.20000005
0.02867999859          ,3.20000005
0.0287199989           ,3.20000005
0.0287599992           ,3.20000005
0.028799999510000004   ,2.79999995
0.028839999810000003   ,3.20000005
0.02887999825          ,3.20000005
0.02891999856          ,2.79999995
0.028959998860000002   ,3.20000005
0.02899999917          ,2.79999995
0.029039999469999998   ,3.20000005
0.02907999977          ,2.79999995
0.02911999822          ,2.79999995
0.02915999852          ,2.79999995
0.02919999883          ,3.20000005
0.029239999130000003   ,2.79999995
0.02927999943          ,2.79999995
0.029319999739999998   ,2.79999995
0.02935999818          ,2.79999995
0.02939999849          ,3.20000005
0.029439998789999998   ,3.20000005
0.0294799991           ,3.20000005
0.0295199994           ,3.60000014
0.029559999700000002   ,3.60000014
0.02959999815          ,3.60000014
0.029639998450000003   ,3.60000014
0.029679998760000003   ,3.60000014
0.029719999060000005   ,4.0
0.02975999936          ,4.4000001
0.029799999669999997   ,4.4000001
0.02983999811          ,4.80000019
0.029879998419999998   ,5.20000029
0.02991999872          ,5.5999999
0.02995999902          ,6.0
0.029999999330000002   ,6.4000001
0.03003999963          ,6.80000019
0.030079998080000003   ,7.599999905
0.03011999838          ,8.400000572
0.03015999869          ,8.800000191
0.030199998989999997   ,9.199999809
0.030239999289999996   ,10.0
0.0302799996           ,10.8000002
0.030319998039999994   ,11.6000004
0.03035999835          ,12.4000006
0.030399998650000003   ,13.199999800000002
0.03043999895          ,14.0
0.030479999260000005   ,14.800000199999998
0.030519999560000004   ,15.6000004
0.030559998010000006   ,16.399999599999997
0.03059999831          ,17.2000008
0.03063999861          ,18.0
0.03067999892          ,18.800001100000003
0.03071999922          ,19.2000008
0.030759999530000002   ,19.6000004
0.03079999983          ,20.39999962
0.030839998280000003   ,20.39999962
0.03087999858          ,21.20000076
0.030919998880000004   ,21.20000076
0.030959999189999997   ,21.60000038
0.030999999489999996   ,21.60000038
0.0310399998           ,21.60000038
0.031079998239999997   ,21.60000038
0.03111999854          ,21.60000038
0.03115999885          ,21.60000038
0.03119999915          ,21.20000076
0.031239999460000004   ,21.20000076
0.03127999976          ,20.80000114
0.0313199982           ,20.39999962
0.03136000037          ,20.0
0.03139999881          ,19.6000004
0.031439997260000005   ,19.2000008
0.031479999419999995   ,18.800001100000003
0.03151999786          ,18.3999996
0.03156000003          ,17.6000004
0.03159999847          ,17.2000008
0.03164000064          ,17.2000008
0.03167999908          ,16.399999599999997
0.03171999753          ,16.0
0.03175999969          ,15.199999800000002
0.03179999813          ,14.800000199999998
0.0318400003           ,14.4000006
0.03187999874          ,14.0
0.031919997189999993   ,13.6000004
0.031959999350000004   ,12.8000002
0.03199999779          ,12.8000002
0.03203999996          ,12.0
0.0320799984           ,11.6000004
0.03212000057          ,11.6000004
0.03215999901          ,11.1999998
0.032199997450000004   ,10.4000006
0.03223999962          ,10.0
0.03227999806          ,9.600000381000001
0.03232000023          ,9.600000381000001
0.03235999867          ,9.199999809
0.032399997119999996   ,9.199999809
0.032439999280000006   ,8.800000191
0.03247999772          ,8.400000572
0.03251999989          ,8.400000572
0.03255999833          ,8.0
0.0326000005           ,8.0
0.03263999894          ,7.599999905
0.03267999738          ,7.599999905
0.032719999550000003   ,7.20000029
0.03275999799          ,6.80000019
0.03280000016          ,6.4000001
0.032839998599999996   ,6.0
0.03287999704          ,6.0
0.03291999921          ,6.0
0.03295999765          ,5.5999999
0.03299999982          ,5.5999999
0.03303999826          ,5.5999999
0.03308000043          ,5.20000029
0.03311999887          ,5.20000029
0.03315999731          ,4.80000019
0.033199999480000006   ,4.80000019
0.03323999792          ,4.80000019
0.03328000009          ,4.4000001
0.03331999853          ,4.4000001
0.033360000699999996   ,4.4000001
0.03339999914          ,4.0
0.03343999758          ,4.0
0.03347999975          ,4.0
0.03351999819          ,3.60000014
0.03356000036          ,3.60000014
0.033599998799999996   ,3.60000014
0.03363999724          ,3.60000014
0.03367999941          ,3.20000005
0.03371999785          ,3.60000014
0.03376000002          ,3.20000005
0.03379999846          ,3.20000005
0.03384000063          ,3.20000005
0.03387999907          ,3.20000005
0.03391999751          ,2.79999995
0.033959999680000005   ,2.79999995
0.03399999812          ,2.79999995
0.03404000029          ,2.79999995
0.03407999873          ,2.79999995
0.03411999717          ,2.79999995
0.03415999934          ,2.79999995
0.03419999778          ,2.79999995
0.03423999995          ,2.79999995
0.03427999839          ,2.79999995
0.03432000056          ,2.79999995
0.034359999            ,2.79999995
0.034399997439999996   ,2.4000001
0.03443999961          ,2.4000001
0.03447999805          ,2.4000001
0.03452000022          ,2.4000001
0.03455999866          ,2.79999995
0.0345999971           ,2.4000001
0.03463999927          ,2.4000001
0.03467999771          ,2.4000001
0.03471999988          ,2.4000001
0.03475999832          ,2.4000001
0.034800000489999997   ,2.4000001
0.034839998930000005   ,2.0
0.03487999737          ,2.4000001
0.034919999539999996   ,2.4000001
0.03495999798          ,2.4000001
0.03500000015          ,2.0
0.035039998589999996   ,2.0
0.035079997030000004   ,2.0
0.0351199992           ,2.4000001
0.03515999764          ,2.0
0.03519999981          ,2.0
0.03523999825          ,2.0
0.03528000042          ,2.0
0.03531999886000001    ,2.0
0.0353599973           ,2.0
0.03539999947          ,2.0
0.03543999791          ,2.4000001
0.03548000008          ,2.0
0.03551999852          ,2.0
0.03555999696000001    ,2.0
0.035599999130000004   ,2.0
0.03563999757          ,2.0
0.03567999974          ,2.0
0.03571999818          ,2.0
0.03576000035          ,2.0
0.035799998789999996   ,2.4000001
0.035839997230000004   ,2.0
0.0358799994           ,2.0
0.03591999784          ,2.4000001
0.03596000001          ,2.4000001
0.03599999845          ,2.4000001
0.03604000062          ,2.0
0.036079999060000006   ,2.0
0.0361199975           ,2.0
0.03615999967          ,2.0
0.03619999811          ,2.4000001
0.03624000028          ,2.0
0.03627999872          ,2.79999995
0.03631999716          ,2.79999995
0.036359999330000004   ,2.4000001
0.03639999777          ,2.79999995
0.03643999994          ,2.79999995
0.03647999838          ,2.79999995
0.03652000055          ,3.20000005
0.036559998989999995   ,2.79999995
0.03659999743          ,3.60000014
0.0366399996           ,3.60000014
0.036679998039999995   ,4.0
0.03672000021          ,4.4000001
0.03675999865          ,4.80000019
0.036799997089999995   ,5.20000029
0.036839999260000006   ,5.5999999
0.0368799977           ,6.0
0.03691999987          ,6.4000001
0.036959998310000006   ,6.80000019
0.037000000479999996   ,7.599999905
0.03703999892          ,8.400000572
0.03707999736          ,8.400000572
0.03711999953          ,9.600000381000001
0.03715999797          ,10.0
0.03720000014          ,10.4000006
0.03723999858          ,11.6000004
0.037279997020000004   ,12.0
0.037319999189999994   ,12.8000002
0.03735999763          ,13.199999800000002
0.0373999998           ,14.0
0.037439998239999994   ,14.4000006
0.03748000041          ,14.800000199999998
0.03751999885          ,15.6000004
0.03755999729          ,16.0
0.037599999460000005   ,16.399999599999997
0.0376399979           ,16.399999599999997
0.03768000007          ,16.800001100000003
0.037719998510000005   ,17.2000008
0.03775999695          ,17.6000004
0.03779999912          ,17.6000004
0.03783999756          ,17.6000004
0.03787999973          ,17.2000008
0.03791999817          ,17.6000004
0.03796000034          ,17.6000004
0.03799999878          ,17.2000008
0.03803999722          ,16.800001100000003
0.03807999939          ,16.800001100000003
0.03811999783          ,16.399999599999997
0.03816                ,16.399999599999997
0.038199998439999994   ,16.0
0.038240000610000005   ,15.6000004
0.03827999905          ,15.199999800000002
0.03831999749          ,14.800000199999998
0.03835999966          ,14.4000006
0.0383999981           ,14.0
0.038440000269999997   ,14.0
0.038479998710000005   ,13.199999800000002
0.03851999715          ,12.8000002
0.03855999932          ,12.4000006
0.03859999776          ,12.0
0.03863999993          ,11.6000004
0.038679998369999996   ,11.1999998
0.038720000539999994   ,11.1999998
0.03875999898          ,10.4000006
0.03879999742          ,10.4000006
0.03883999959          ,9.600000381000001
0.03887999803          ,9.600000381000001
0.0389200002           ,9.199999809
0.03895999863999999    ,9.199999809
0.03899999708          ,8.800000191
0.03903999925          ,8.400000572
0.03907999769          ,8.0
0.03911999986          ,8.0
0.0391599983           ,7.599999905
0.03920000046          ,7.599999905
0.039239998910000004   ,7.20000029
0.03927999735          ,7.20000029
0.03931999952          ,6.80000019
0.039359997960000004   ,6.4000001
0.03940000013          ,6.0
0.039439998569999996   ,6.4000001
0.039479997010000004   ,6.0
0.03951999918          ,6.0
0.03955999762          ,5.5999999
0.03959999979          ,5.5999999
0.03963999823          ,5.20000029
0.03968000039          ,5.20000029
0.03971999884          ,4.80000019
0.03975999728          ,4.80000019
0.03979999945          ,4.80000019
0.03983999789          ,4.80000019
0.039880000049999996   ,4.4000001
0.0399199985           ,4.4000001
0.03995999694          ,4.0
0.039999999110000004   ,4.0
0.04003999755          ,4.0
0.04007999972          ,4.0
0.04011999816          ,4.0
0.04016000032          ,3.60000014
0.04019999877          ,3.60000014
0.04023999721          ,3.60000014
0.04027999938          ,3.60000014
0.040319997819999995   ,3.20000005
0.04035999998          ,3.60000014
0.04039999843          ,3.60000014
0.04043999687          ,3.60000014
0.04047999904          ,3.60000014
0.04051999748          ,3.20000005
0.04055999964          ,3.20000005
0.04059999809          ,3.60000014
0.04064000025          ,3.20000005
0.040679998700000004   ,3.20000005
0.04071999714          ,3.20000005
0.04075999931          ,3.20000005
0.04079999775          ,2.79999995
0.04083999991          ,2.79999995
0.04087999836          ,2.79999995
0.04092000052          ,3.20000005
0.04095999897          ,3.20000005
0.04099999741          ,3.20000005
0.04103999957          ,3.20000005
0.041079998019999994   ,3.60000014
0.041120000180000005   ,3.60000014
0.04115999863          ,3.20000005
0.04119999707          ,3.60000014
0.04123999923          ,3.20000005
0.04127999768          ,3.20000005
0.041319999839999996   ,3.60000014
0.04135999829          ,3.20000005
0.04140000045          ,3.20000005
0.04143999889          ,3.20000005
0.04147999734          ,3.20000005
0.0415199995           ,3.20000005
0.04155999795          ,3.20000005
0.04160000011000001    ,3.20000005
0.04163999856          ,2.79999995
0.041679997            ,3.20000005
0.04171999916          ,3.20000005
0.04175999761          ,2.79999995
0.04179999977          ,2.79999995
0.041839998219999994   ,2.79999995
0.041880000380000004   ,2.79999995
0.04191999882          ,2.79999995
0.04195999727          ,2.79999995
0.04199999943          ,2.79999995
0.04203999788          ,2.79999995
0.042080000039999996   ,2.79999995
0.042119998480000004   ,2.79999995
0.04215999693          ,2.79999995
0.04219999909          ,2.79999995
0.04223999754          ,2.79999995
0.042279999699999994   ,2.4000001
0.04231999815          ,2.79999995
0.04236000031000001    ,2.4000001
0.04239999875          ,2.4000001
0.042439997199999996   ,2.4000001
0.042479999360000006   ,2.4000001
0.04251999781          ,2.4000001
0.04255999997          ,2.4000001
0.04259999841          ,2.4000001
0.04263999686000001    ,2.4000001
0.04267999902          ,2.4000001
0.04271999746999999    ,2.4000001
0.042759999630000003   ,2.0
0.04279999807          ,2.4000001
0.04284000024          ,2.4000001
0.042879998679999996   ,2.0
0.042919997130000005   ,2.0
0.042959999289999995   ,2.4000001
0.042999997740000004   ,2.0
0.0430399999           ,2.4000001
0.043079998339999995   ,2.4000001
0.04311999679          ,2.0
0.04315999894999999    ,2.4000001
0.0431999974           ,2.4000001
0.04323999956          ,2.79999995
0.043279998            ,2.79999995
0.04332000017          ,2.79999995
0.043359998610000006   ,2.79999995
0.04339999706          ,3.20000005
0.043439999220000004   ,3.20000005
0.04347999766          ,3.60000014
0.04351999983          ,3.60000014
0.04355999827          ,4.0
0.043600000439999995   ,4.0
0.04363999888          ,4.80000019
0.04367999732          ,4.80000019
0.04371999949          ,5.20000029
0.04375999793          ,5.5999999
0.0438000001           ,6.4000001
0.043839998539999994   ,6.80000019
0.04387999699          ,7.20000029
0.04391999915          ,7.599999905
0.043959997589999994   ,8.400000572
0.04399999976          ,8.800000191
0.0440399982           ,9.600000381000001
0.04408000037          ,10.0
0.04411999881          ,10.4000006
0.04415999725          ,10.8000002
0.04419999942          ,11.6000004
0.044239997860000005   ,12.0
0.04428000003          ,12.4000006
0.044319998470000004   ,12.8000002
0.044359996910000005   ,13.199999800000002
0.044399999079999995   ,13.6000004
0.04443999752          ,14.0
0.044479999689999994   ,14.0
0.04451999813          ,14.4000006
0.0445600003           ,14.4000006
0.04459999874          ,14.4000006
0.04463999718          ,14.800000199999998
0.04467999935          ,14.800000199999998
0.04471999779          ,14.4000006
0.044759999960000005   ,14.4000006
0.0447999984           ,14.4000006
0.04483999683999999    ,14.0
0.044879999010000005   ,14.0
0.04491999745          ,13.6000004
0.04495999962          ,13.199999800000002
0.04499999806          ,13.199999800000002
0.04504000023          ,12.8000002
0.045079998669999996   ,12.8000002
0.045119997110000004   ,12.4000006
0.04515999928          ,12.0
0.045199997719999996   ,11.6000004
0.04523999989          ,11.6000004
0.04527999833000001    ,11.1999998
0.04531999677          ,10.4000006
0.04535999893999999    ,10.4000006
0.04539999738          ,10.0
0.04543999955          ,9.600000381000001
0.04547999799          ,9.600000381000001
0.04552000016          ,9.199999809
0.045559998600000005   ,8.800000191
0.04559999704          ,8.400000572
0.045639999210000004   ,8.400000572
0.04567999765          ,8.0
0.045719999819999996   ,7.599999905
0.045759998260000004   ,7.20000029
0.0457999967           ,7.20000029
0.04583999887          ,6.80000019
0.045879997310000004   ,6.80000019
0.04591999948          ,6.4000001
0.045959997919999995   ,6.4000001
0.04600000008999999    ,6.0
0.04603999853          ,6.0
0.046079996969999995   ,5.5999999
0.04611999914          ,5.5999999
0.04615999758          ,5.20000029
0.04619999975          ,5.5999999
0.04623999819          ,5.20000029
0.046280000360000004   ,4.80000019
0.0463199988           ,4.80000019
0.04635999723999999    ,4.80000019
0.046399999410000003   ,4.4000001
0.046439997850000005   ,4.0
0.04648000002          ,4.0
0.046519998459999996   ,4.0
0.046559996900000004   ,4.0
0.046599999069999995   ,3.60000014
0.04663999751          ,3.60000014
0.04667999968          ,3.60000014
0.04671999812          ,3.60000014
0.04676000029          ,3.60000014
0.04679999872999999    ,3.20000005
0.04683999717          ,3.20000005
0.04687999933999999    ,2.79999995
0.04691999778          ,3.20000005
0.046959999950000005   ,2.79999995
0.04699999839          ,2.79999995
0.04703999683          ,2.79999995
0.047079999000000004   ,2.79999995
0.04711999744          ,2.79999995
0.04715999961          ,2.79999995
0.04719999805          ,2.79999995
0.04724000022          ,2.79999995
0.04727999866          ,2.4000001
0.0473199971           ,2.4000001
0.04735999927          ,2.4000001
0.04739999771000001    ,2.4000001
0.04743999988          ,2.4000001
0.047479998319999994   ,2.0
0.04751999676          ,2.0
0.04755999893          ,2.0
0.047599997369999994   ,2.0
0.04763999954          ,2.0
0.047679997980000006   ,2.0
0.04772000015          ,1.6
0.047759998590000005   ,2.0
0.04779999703          ,2.0
0.0478399992           ,2.0
0.04787999764          ,1.6
0.04791999981000001    ,2.0
0.047959998250000004   ,2.0
0.04799999669          ,2.0
0.04803999886          ,2.0
0.0480799973           ,2.0
0.048119999469999994   ,2.0
0.04815999791          ,2.0
0.048200000080000006   ,2.0
0.04823999852          ,2.0
0.04827999696          ,2.0
0.04831999913          ,2.0
0.04835999757          ,2.0
0.04839999974          ,1.6
0.04843999818          ,1.6
0.04847999661999999    ,1.6
0.04851999879          ,2.0
0.048559997230000006   ,1.6
0.0485999994           ,1.6
0.04863999784          ,1.6
0.04868000001          ,1.6
0.048719998449999996   ,1.6
0.04875999688999999    ,1.6
0.04879999906          ,1.6
0.0488399975           ,1.6
0.04887999967          ,1.6
0.04891999811000001    ,1.6
0.04896000028          ,1.6
0.04899999871999999    ,1.6
0.04903999716          ,1.6
0.04907999933          ,1.6
0.04911999777          ,1.6
0.04915999994          ,1.6
0.049199998380000005   ,1.6
0.04923999682          ,1.6
0.049279998990000004   ,1.6
0.04931999743          ,1.6
0.0493599996           ,1.6
0.04939999804          ,1.6
0.04944000021000001    ,1.6
0.04947999865          ,1.6
0.04951999709          ,1.6
0.04955999926          ,1.6
0.049599997699999995   ,1.6
0.04963999987          ,1.6
0.04967999831          ,1.6
0.049719996749999995   ,1.6
0.04975999892          ,1.6
0.04979999736000001    ,1.6
0.04983999953          ,1.6
0.04987999797          ,1.6
0.04992000014          ,1.6
0.04995999858          ,1.6
0.04999999702          ,2.0
0.05003999919          ,2.0
0.050079997630000005   ,2.0
0.0501199998           ,2.0
0.05015999824          ,2.0
0.050199996680000004   ,2.4000001
0.050239998849999995   ,2.79999995
0.050279997289999996   ,2.79999995
0.05031999946000001    ,2.79999995
0.0503599979           ,3.20000005
0.05040000007          ,3.60000014
0.05043999851          ,4.0
0.05047999695          ,4.0
0.05051999911999999    ,4.4000001
0.05055999756          ,4.80000019
0.050599999730000005   ,5.20000029
0.05063999817          ,5.5999999
0.05067999661          ,6.0
0.050719998780000004   ,6.4000001
0.05075999722          ,6.80000019
0.050799999389999996   ,7.20000029
0.05083999783          ,7.599999905
0.05088                ,8.400000572
0.050919998439999996   ,8.800000191
0.050959996880000004   ,9.199999809
0.05099999905          ,9.600000381000001
0.051039997489999996   ,10.0
0.05107999966          ,10.4000006
0.051119998099999994   ,10.8000002
0.051160000260000005   ,11.1999998
0.05119999871          ,11.1999998
0.05123999715          ,11.6000004
0.05127999932          ,12.0
0.051319997760000007   ,12.0
0.051359999919999996   ,12.4000006
0.051399998370000005   ,12.0
0.05143999681          ,12.4000006
0.051479998980000004   ,12.0
0.05151999742          ,12.0
0.051559999589999995   ,12.0
0.051599998030000004   ,12.0
0.05164000018999999    ,11.6000004
0.05167999864          ,11.6000004
0.05171999708          ,11.6000004
0.05175999925          ,11.1999998
0.051799997689999995   ,10.8000002
0.051839999850000006   ,10.8000002
0.0518799983           ,10.4000006
0.051919996739999995   ,10.0
0.05195999891          ,10.0
0.05199999735          ,9.600000381000001
0.052039999510000004   ,9.199999809
0.05207999796          ,9.199999809
0.05212000012          ,8.800000191
0.05215999857          ,8.400000572
0.052199997010000006   ,8.400000572
0.05223999918          ,8.0
0.052279997620000004   ,7.599999905
0.05231999978          ,7.599999905
0.052359998229999996   ,7.20000029
0.05239999667          ,7.20000029
0.052439998839999995   ,6.80000019
0.05247999728          ,6.4000001
0.05251999944          ,6.4000001
0.05255999789          ,6.0
0.05260000005          ,6.0
0.05263999849999999    ,5.5999999
0.05267999694          ,5.5999999
0.052719999100000005   ,5.5999999
0.05275999755          ,5.20000029
0.05279999971          ,5.20000029
0.052839998160000005   ,4.80000019
0.0528799966           ,4.80000019
0.05291999876          ,4.4000001
0.05295999721          ,4.4000001
0.05299999937          ,4.4000001
0.05303999782          ,4.0
0.053079999979999994   ,4.0
0.05311999843          ,4.0
0.05315999687          ,4.0
0.05319999903          ,3.60000014
0.053239997479999995   ,3.60000014
0.05327999964          ,3.60000014
0.053319998089999994   ,3.60000014
0.05335999653          ,3.60000014
0.05339999869          ,3.20000005
0.053439997139999994   ,3.20000005
0.0534799993           ,3.20000005
0.053519997750000006   ,3.20000005
0.05355999991          ,2.79999995
0.05359999835          ,2.79999995
0.0536399968           ,2.79999995
0.05367999896000001    ,2.79999995
0.053719997410000005   ,2.79999995
0.05375999957          ,2.4000001
0.05379999802          ,2.79999995
0.05384000017999999    ,2.79999995
0.05387999862000001    ,2.79999995
0.05391999707          ,2.4000001
0.05395999922999999    ,2.79999995
0.053999997679999995   ,2.4000001
0.05403999984          ,2.79999995
0.05407999828          ,2.4000001
0.054119996729999995   ,2.4000001
0.05415999889          ,2.4000001
0.05419999734          ,2.4000001
0.054239999500000004   ,2.4000001
0.05427999794          ,2.4000001
0.05432000011          ,2.4000001
0.054359998550000004   ,2.4000001
0.054399997            ,2.4000001
0.05443999916          ,2.4000001
0.05447999761          ,2.4000001
0.05451999977000001    ,2.79999995
0.05455999821          ,2.79999995
0.054599996656         ,2.79999995
0.054639998823         ,2.79999995
0.054679997265         ,2.79999995
0.054719999433         ,2.79999995
0.054759997873999995   ,2.79999995
0.054800000042         ,2.79999995
0.054839998483999994   ,2.79999995
0.054879996926         ,2.79999995
0.054919999093         ,2.79999995
0.054959997535         ,2.79999995
0.054999999702         ,2.79999995
0.055039998144         ,2.79999995
0.055079996586         ,2.79999995
0.055119998753000006   ,2.79999995
0.055159997195         ,2.79999995
0.055199999362000006   ,2.79999995
0.055239997804         ,2.79999995
0.055279999971000006   ,2.4000001
0.055319998413000004   ,2.4000001
0.055359996854999996   ,2.79999995
0.055399999022000004   ,2.4000001
0.055439997463999996   ,2.4000001
0.055479999632         ,2.4000001
0.055519998074         ,2.4000001
0.05555999651600001    ,2.4000001
0.055599998683         ,2.4000001
0.05563999712500001    ,2.0
0.055679999292         ,2.0
0.055719997734         ,2.0
0.055759999901         ,2.0
0.055799998343         ,2.0
0.055839996785000005   ,2.0
0.055879998952         ,2.0
0.055919997394000005   ,2.0
0.055959999561         ,2.0
0.055999998003000005   ,2.0
0.056039996445000004   ,2.0
0.056079998612         ,2.0
0.056119997054000004   ,2.0
0.056159999222         ,2.0
0.056199997663000004   ,2.0
0.056239999831         ,2.0
0.056279998273         ,1.6
0.056319996715         ,2.0
0.056359998882         ,2.0
0.056399997324         ,1.6
0.056439999490999995   ,1.6
0.056479997933         ,1.6
0.056520000099999995   ,2.0
0.056559998542         ,1.6
0.056599996984         ,1.6
0.056639999151         ,1.6
0.056679997593         ,1.6
0.05671999976          ,2.0
0.056759998202         ,1.6
0.056799996644000005   ,2.0
0.056839998811         ,2.0
0.056879997253         ,1.6
0.056919999421         ,2.0
0.056959997862999996   ,2.0
0.05700000003          ,2.4000001
0.057039998471999996   ,2.0
0.057079996914         ,2.79999995
0.057119999080999996   ,2.79999995
0.057159997523         ,3.20000005
0.057199999689999996   ,2.79999995
0.057239998131999995   ,3.60000014
0.057279996574         ,3.60000014
0.057319998740999994   ,3.60000014
0.057359997183         ,4.4000001
0.057399999349999994   ,4.80000019
0.057439997792         ,5.20000029
0.057479999959         ,5.20000029
0.057519998401         ,5.5999999
0.057559996843         ,6.0
0.057599999011000005   ,6.0
0.057639997452         ,6.4000001
0.057679999620000005   ,7.20000029
0.057719998062000004   ,7.599999905
0.057759996503999995   ,7.599999905
0.057799998671000004   ,8.0
0.057839997112999995   ,8.800000191
0.057879999280000004   ,8.800000191
0.057919997721999995   ,9.199999809
0.057959999889000004   ,9.600000381000001
0.057999998331         ,9.600000381000001
0.058039996772999994   ,9.600000381000001
0.05807999894          ,10.0
0.058119997381999994   ,10.4000006
0.058159999549         ,10.4000006
0.058199997991         ,10.4000006
0.058239996433         ,10.4000006
0.0582799986           ,10.4000006
0.058319997042         ,10.4000006
0.05835999921          ,10.0
0.058399997652000005   ,10.4000006
0.058439999819         ,10.0
0.058479998261000005   ,10.0
0.058519996703         ,9.600000381000001
0.05855999887          ,9.600000381000001
0.058599997312         ,9.199999809
0.058639999479         ,9.199999809
0.058679997921         ,8.800000191
0.058720000088         ,8.400000572
0.05875999853          ,8.400000572
0.058799996972         ,8.400000572
0.058839999139         ,8.0
0.058879997581         ,7.599999905
0.058919999748         ,7.20000029
0.05895999819          ,7.20000029
0.058999996632         ,7.20000029
0.0590399988           ,6.80000019
0.059079997241         ,6.4000001
0.059119999409         ,6.4000001
0.059159997851         ,6.0
0.059200000018         ,5.5999999
0.05923999846          ,5.5999999
0.059279996902000004   ,5.5999999
0.059319999069         ,5.5999999
0.059359997511         ,5.20000029
0.059399999678         ,5.20000029
0.05943999812          ,4.80000019
0.059479996562         ,4.80000019
0.059519998729         ,4.80000019
0.059559997171         ,4.4000001
0.059599999338         ,4.4000001
0.05963999778          ,4.4000001
0.059679999948         ,4.0
0.059719998388999995   ,4.0
0.059759996831         ,3.60000014
0.059799998998999994   ,3.60000014
0.059839997441         ,3.60000014
0.059879999607999994   ,3.60000014
0.05991999805          ,3.20000005
0.059959996492         ,3.20000005
0.059999998659         ,2.79999995
0.060039997101         ,3.20000005
0.06007999926799999    ,2.79999995
0.06011999771          ,2.79999995
0.060159999877000006   ,2.79999995
0.060199998319         ,2.79999995
0.060239996760999996   ,2.79999995
0.060279998928         ,2.79999995
0.060319997369999996   ,2.79999995
0.060359999537000004   ,2.79999995
0.060399997978999996   ,2.4000001
0.060439996421         ,2.4000001
0.060479998589         ,2.4000001
0.060519997029999995   ,2.79999995
0.060559999198         ,2.0
0.06059999764000001    ,2.4000001
0.060639999807         ,2.0
0.06067999824900001    ,2.0
0.060719996691         ,2.0
0.060759998858         ,2.4000001
0.060799997300000005   ,2.0
0.060839999467         ,1.6
0.060879997909000005   ,2.0
0.060919996351         ,1.6
0.060959998518000005   ,1.6
0.060999996960000004   ,1.6
0.061039999127000005   ,1.6
0.061079997569000004   ,2.0
0.061119999737         ,1.6
0.061159998178000004   ,1.6
0.061199996619999995   ,1.6
0.061239998788         ,1.6
0.06127999723          ,1.6
0.061319999397         ,1.6
0.061359997839         ,1.6
0.061400000006         ,1.6
0.061439998448         ,1.6
0.06147999689          ,1.6
0.061519999057         ,1.6
0.061559997499         ,1.6
0.061599999666         ,2.0
0.061639998108         ,1.6
0.061679996550000005   ,1.6
0.061719998717         ,2.0
0.061759997159000005   ,1.6
0.061799999326         ,1.6
0.061839997768         ,1.6
0.061879999936         ,1.6
0.061919998377999996   ,1.6
0.061959996819         ,1.6
0.061999998986999996   ,1.6
0.062039997429         ,1.6
0.062079999595999996   ,1.6
0.062119998038         ,1.6
0.06215999648          ,1.6
0.062199998646999995   ,1.6
0.062239997089         ,1.6
0.062279999255999995   ,1.6
0.062319997698         ,1.6
0.062359999864999995   ,1.6
0.062399998307         ,1.6
0.062439996749         ,1.6
0.062479998916         ,1.6
0.062519997358         ,1.2
0.062559999526         ,1.6
0.06260000169300001    ,1.2
0.062639996409         ,1.2
0.06267999857699999    ,1.6
0.062720000744         ,1.6
0.062759995461         ,1.2
0.062799997628         ,1.2
0.062839999795         ,1.2
0.062879994512         ,1.6
0.062919996679         ,1.2
0.06295999884600001    ,1.2
0.063000001013         ,1.2
0.06303999572999999    ,1.6
0.063079997897         ,1.6
0.06312000006400001    ,1.6
0.063159994781         ,1.2
0.06319999694799999    ,1.2
0.063239999115         ,1.2
0.063280001283         ,1.2
0.063319995999         ,1.6
0.063359998167         ,1.2
0.063400000334         ,1.2
0.06343999505          ,1.2
0.063479997218         ,1.6
0.063519999385         ,1.6
0.063560001552         ,1.2
0.063599996269         ,1.6
0.063639998436         ,1.6
0.063680000603         ,1.6
0.06371999532          ,1.6
0.06375999748700001    ,1.6
0.063799999654         ,1.6
0.063840001822         ,2.0
0.063879996538         ,2.0
0.06391999870500001    ,2.4000001
0.063960000873         ,2.4000001
0.06399999558899999    ,2.79999995
0.064039997756         ,2.79999995
0.064079999924         ,2.79999995
0.06411999464          ,3.20000005
0.064159996808         ,3.60000014
0.064199998975         ,3.60000014
0.064240001142         ,4.0
0.064279995859         ,4.4000001
0.064319998026         ,4.80000019
0.06436000019299999    ,4.80000019
0.06439999491000001    ,5.5999999
0.064439997077         ,5.5999999
0.064479999244         ,6.0
0.06452000141099999    ,6.0
0.06455999612800001    ,6.4000001
0.064599998295         ,6.80000019
0.064640000463         ,7.20000029
0.064679995179         ,7.599999905
0.06471999734600001    ,7.599999905
0.064759999514         ,8.0
0.064800001681         ,8.400000572
0.064839996397         ,8.400000572
0.064879998565         ,8.400000572
0.06492000073200001    ,8.800000191
0.064959995449         ,8.800000191
0.064999997616         ,8.400000572
0.065039999783         ,8.800000191
0.0650799945           ,8.800000191
0.065119996667         ,8.800000191
0.06515999883399999    ,8.400000572
0.065200001001         ,8.400000572
0.065239995718         ,8.400000572
0.065279997885         ,8.400000572
0.06532000005199999    ,8.400000572
0.06535999476900001    ,8.0
0.065399996936         ,7.599999905
0.065439999104         ,7.599999905
0.065480001271         ,7.599999905
0.065519995987         ,7.599999905
0.065559998155         ,7.20000029
0.065600000322         ,6.80000019
0.065639995039         ,6.80000019
0.065679997206         ,6.4000001
0.06571999937300001    ,6.4000001
0.06576000154          ,6.0
0.065799996257         ,6.0
0.065839998424         ,6.0
0.065880000591         ,5.5999999
0.065919995308         ,5.5999999
0.06595999747499999    ,5.20000029
0.065999999642         ,4.80000019
0.066039994359         ,4.80000019
0.066079996526         ,4.80000019
0.066119998693         ,4.80000019
0.066160000861         ,4.4000001
0.066199995577         ,4.4000001
0.066239997745         ,4.0
0.066279999912         ,4.0
0.06631999462799999    ,4.0
0.066359996796         ,4.0
0.066399998963         ,3.60000014
0.06644000113          ,3.60000014
0.066479995847         ,3.60000014
0.066519998014         ,3.20000005
0.066560000181         ,3.20000005
0.06659999489799999    ,2.79999995
0.066639997065         ,2.79999995
0.066679999232         ,3.20000005
0.06672000139999999    ,2.79999995
0.066759996116         ,2.79999995
0.066799998283         ,2.79999995
0.066840000451         ,2.79999995
0.066879995167         ,2.79999995
0.066919997334         ,2.79999995
0.066959999502         ,2.79999995
0.067000001669         ,2.79999995
0.067039996386         ,2.4000001
0.067079998553         ,2.4000001
0.06712000072          ,2.4000001
0.067159995437         ,2.4000001
0.067199997604         ,2.0
0.067239999771         ,2.4000001
0.067279994488         ,2.0
0.067319996655         ,2.4000001
0.067359998822         ,2.0
0.067400000989         ,2.0
0.067439995706         ,2.0
0.067479997873         ,2.0
0.06752000004099999    ,2.0
0.067559994757         ,2.0
0.067599996924         ,2.0
0.067639999092         ,2.0
0.067680001259         ,2.0
0.067719995975         ,1.6
0.067759998143         ,2.0
0.06780000031000001    ,1.6
0.067839995027         ,2.0
0.067879997194         ,2.0
0.067919999361         ,2.0
0.067960001528         ,2.0
0.067999996245         ,2.0
0.068039998412         ,2.0
0.068080000579         ,2.0
0.068119995296         ,2.0
0.068159997463         ,2.4000001
0.06819999963000001    ,2.4000001
0.068239994347         ,2.79999995
0.068279996514         ,2.4000001
0.068319998682         ,2.4000001
0.068360000849         ,2.4000001
0.068399995565         ,2.4000001
0.068439997733         ,2.79999995
0.0684799999           ,2.79999995
0.068519994617         ,2.4000001
0.068559996784         ,2.79999995
0.068599998951         ,2.4000001
0.068640001118         ,2.79999995
0.068679995835         ,2.79999995
0.068719998002         ,2.4000001
0.068760000169         ,2.4000001
0.068799994886         ,2.4000001
0.068839997053         ,2.4000001
0.06887999922          ,2.4000001
0.068920001388         ,2.4000001
0.068959996104         ,2.0
0.06899999827100001    ,2.0
0.069040000439         ,2.0
0.069079995155         ,2.4000001
0.069119997323         ,2.0
0.06915999949          ,2.0
0.069200001657         ,1.6
0.06923999637400001    ,2.0
0.069279998541         ,2.0
0.069320000708         ,2.0
0.069359995425         ,1.6
0.069399997592         ,2.0
0.069439999759         ,2.0
0.06947999447599999    ,2.0
0.069519996643         ,1.6
0.06955999881          ,1.6
0.069600000978         ,1.6
0.069639995694         ,1.6
0.069679997861         ,1.6
0.069720000029         ,1.6
0.069759994745         ,1.6
0.069799996912         ,1.6
0.06983999907999999    ,1.6
0.069880001247         ,1.6
0.069919995964         ,1.6
0.069959998131         ,1.6
0.07000000029799999    ,1.6
0.07003999501500001    ,1.6
0.070079997182         ,1.6
0.070119999349         ,1.2
0.070160001516         ,1.6
0.070199996233         ,1.6
0.0702399984           ,1.6
0.070280000567         ,1.6
0.070319995284         ,1.6
0.070359997451         ,1.6
0.07039999961900001    ,1.6
0.070439994335         ,1.6
0.070479996502         ,1.6
0.07051999867          ,1.6
0.07056000083700001    ,1.6
0.070599995553         ,1.6
0.07063999772099999    ,1.6
0.070679999888         ,2.0
0.070719994605         ,2.0
0.070759996772         ,2.0
0.07079999893899999    ,2.4000001
0.070840001106         ,2.79999995
0.070879995823         ,2.79999995
0.07091999799          ,2.79999995
0.070960000157         ,3.20000005
0.070999994874         ,3.20000005
0.071039997041         ,3.60000014
0.07107999920800001    ,3.60000014
0.071120001376         ,4.0
0.071159996092         ,4.4000001
0.07119999826000001    ,4.4000001
0.071240000427         ,4.80000019
0.071279995143         ,5.20000029
0.071319997311         ,5.5999999
0.07135999947800001    ,5.5999999
0.071399994195         ,6.0
0.07143999636199999    ,6.4000001
0.071479998529         ,6.4000001
0.071520000696         ,6.80000019
0.071559995413         ,6.80000019
0.07159999758          ,7.20000029
0.071639999747         ,7.20000029
0.071679994464         ,7.20000029
0.071719996631         ,7.599999905
0.071759998798         ,7.20000029
0.071800000966         ,7.599999905
0.071839995682         ,7.599999905
0.071879997849         ,7.599999905
0.071920000017         ,7.599999905
0.071959994733         ,7.599999905
0.07199999690100001    ,7.20000029
0.072039999068         ,7.20000029
0.072080001235         ,7.20000029
0.072119995952         ,7.20000029
0.07215999811900001    ,6.80000019
0.072200000286         ,6.80000019
0.072239995003         ,6.4000001
0.07227999717          ,6.4000001
0.072319999337         ,6.4000001
0.072360001504         ,6.0
0.072399996221         ,6.0
0.072439998388         ,6.0
0.072480000556         ,5.5999999
0.07251999527200001    ,5.5999999
0.072559997439         ,5.20000029
0.07259999960699999    ,4.80000019
0.072639994323         ,5.20000029
0.07267999649          ,4.80000019
0.072719998658         ,4.80000019
0.07276000082499999    ,4.4000001
0.072799995542         ,4.4000001
0.072839997709         ,4.4000001
0.072879999876         ,4.0
0.072919994593         ,4.0
0.07295999676          ,3.60000014
0.072999998927         ,3.60000014
0.07304000109400001    ,3.60000014
0.073079995811         ,3.60000014
0.07311999797799999    ,3.20000005
0.073160000145         ,3.20000005
0.073199994862         ,3.20000005
0.073239997029         ,2.79999995
0.073279999197         ,2.79999995
0.073320001364         ,2.79999995
0.07335999608          ,2.79999995
0.07339999824799999    ,2.79999995
0.073440000415         ,2.79999995
0.073479995131         ,2.79999995
0.073519997299         ,2.4000001
0.073559999466         ,2.4000001
0.073599994183         ,2.4000001
0.07363999635          ,2.4000001
0.07367999851700001    ,2.4000001
0.073720000684         ,2.4000001
0.07375999540099999    ,2.4000001
0.073799997568         ,2.0
0.07383999973500001    ,2.0
0.073879994452         ,2.0
0.07391999661899999    ,2.0
0.073959998786         ,1.6
0.074000000954         ,2.0
0.07403999567          ,2.0
0.074079997838         ,2.0
0.074120000005         ,1.6
0.074159994721         ,1.6
0.074199996889         ,1.6
0.074239999056         ,1.6
0.074280001223         ,1.6
0.07431999594          ,1.6
0.074359998107         ,1.6
0.074400000274         ,1.6
0.074439994991         ,1.6
0.07447999715800001    ,1.6
0.074519999325         ,1.6
0.074560001493         ,1.6
0.074599996209         ,1.6
0.07463999837600001    ,1.6
0.074680000544         ,1.6
0.07471999525999999    ,1.2
0.074759997427         ,1.6
0.074799999595         ,1.6
0.074839994311         ,1.6
0.074879996479         ,1.6
0.074919998646         ,1.2
0.074960000813         ,1.6
0.07499999553          ,1.6
0.075039997697         ,1.6
0.075079999864         ,1.6
0.07511999458100001    ,1.6
0.075159996748         ,1.6
0.075199998915         ,1.6
0.07524000108199999    ,1.6
0.07527999579900001    ,1.6
0.075319997966         ,1.6
0.075360000134         ,1.6
0.07539999485          ,1.6
0.07543999701700001    ,1.6
0.075479999185         ,1.6
0.075520001352         ,1.6
0.075559996068         ,1.6
0.075599998236         ,1.6
0.07564000040300001    ,1.6
0.07567999512          ,1.6
0.075719997287         ,1.6
0.075759999454         ,1.6
0.075799994171         ,1.6
0.075839996338         ,1.2
0.07587999850499999    ,1.6
0.075920000672         ,1.2
0.075959995389         ,1.2
0.075999997556         ,1.2
0.07603999972299999    ,1.2
0.07607999444          ,1.6
0.076119996607         ,1.6
0.076159998775         ,1.6
0.076200000942         ,1.6
0.076239995658         ,1.2
0.07627999782599999    ,1.2
0.076319999993         ,1.2
0.076359994709         ,1.2
0.076399996877         ,1.2
0.076439999044         ,0.800000011921
0.076480001211         ,1.2
0.076519995928         ,1.2
0.076559998095         ,1.2
0.076600000262         ,1.2
0.076639994979         ,1.2
0.07667999714599999    ,1.2
0.076719999313         ,1.2
0.076760001481         ,1.2
0.076799996197         ,1.2
0.076839998364         ,1.2
0.076880000532         ,1.2
0.076919995248         ,1.2
0.076959997416         ,1.2
0.076999999583         ,0.800000011921
0.07703999429899999    ,1.2
0.077079996467         ,1.2
0.077119998634         ,1.2
0.077160000801         ,1.2
0.077199995518         ,1.2
0.077239997685         ,1.2
0.077279999852         ,1.2
0.077319994569         ,1.6
0.077359996736         ,1.2
0.077399998903         ,1.6
0.07744000107          ,1.6
0.077479995787         ,1.6
0.077519997954         ,1.6
0.077560000122         ,2.0
0.077599994838         ,2.0
0.077639997005         ,2.0
0.077679999173         ,2.4000001
0.07772000134          ,2.4000001
0.077759996057         ,2.79999995
0.077799998224         ,2.79999995
0.077840000391         ,3.20000005
0.077879995108         ,3.60000014
0.077919997275         ,3.20000005
0.077959999442         ,3.60000014
0.077999994159         ,4.0
0.078039996326         ,4.4000001
0.078079998493         ,4.80000019
0.07812000066          ,4.80000019
0.078159995377         ,4.80000019
0.078199997544         ,5.20000029
0.07823999971199999    ,5.5999999
0.078279994428         ,5.5999999
0.078319996595         ,6.0
0.078359998763         ,6.0
0.07840000093          ,6.0
0.078439995646         ,6.0
0.078479997814         ,6.0
0.07851999998100001    ,6.4000001
0.078559994698         ,6.4000001
0.078599996865         ,6.4000001
0.078639999032         ,6.4000001
0.078680001199         ,6.4000001
0.078719995916         ,6.4000001
0.078759998083         ,6.0
0.07880000025          ,6.4000001
0.078839994967         ,6.4000001
0.078879997134         ,6.4000001
0.07891999930100001    ,6.4000001
0.078959994018         ,6.0
0.078999996185         ,6.0
0.079039998353         ,6.0
0.07908000052          ,5.5999999
0.079119995236         ,5.5999999
0.079159997404         ,5.5999999
0.079199999571         ,5.5999999
0.079239994287         ,5.20000029
0.079279996455         ,5.20000029
0.07931999862200001    ,4.80000019
0.079360000789         ,4.80000019
0.07939999550599999    ,4.80000019
0.079439997673         ,4.0
0.07947999984          ,4.4000001
0.079519994557         ,4.0
0.07955999672399999    ,4.0
0.079599998891         ,4.0
0.079640001059         ,3.60000014
0.079679995775         ,3.60000014
0.079719997942         ,3.60000014
0.07976000010999999    ,3.20000005
0.079799994826         ,3.20000005
0.079839996994         ,2.79999995
0.079879999161         ,2.79999995
0.07992000132799999    ,2.79999995
0.07995999604500001    ,2.79999995
0.079999998212         ,2.79999995
0.080040000379         ,2.79999995
0.080079995096         ,2.79999995
0.08011999726300001    ,2.79999995
0.08015999943          ,2.4000001
0.08019999414699999    ,2.4000001
0.080239996314         ,2.4000001
0.080279998481         ,2.4000001
0.080320000648         ,2.4000001
0.080359995365         ,2.4000001
0.080399997532         ,2.4000001
0.0804399997           ,2.4000001
0.080479994416         ,2.0
0.080519996583         ,2.0
0.08055999875099999    ,2.0
0.080600000918         ,2.0
0.080639995635         ,2.0
0.080679997802         ,2.0
0.08071999996899999    ,2.0
0.08075999468600001    ,2.0
0.080799996853         ,1.6
0.08083999902          ,1.6
0.080880001187         ,1.6
0.080919995904         ,1.6
0.080959998071         ,1.6
0.081000000238         ,1.6
0.081039994955         ,1.6
0.081079997122         ,1.6
0.08111999929          ,1.6
0.081159994006         ,1.6
0.081199996173         ,1.6
0.081239998341         ,1.6
0.08128000050800001    ,1.6
0.081319995224         ,1.6
0.08135999739199999    ,1.6
0.081399999559         ,1.6
0.081439994276         ,1.6
0.081479996443         ,1.6
0.08151999860999999    ,1.6
0.081560000777         ,1.6
0.081599995494         ,2.0
0.081639997661         ,1.6
0.081679999828         ,2.0
0.081719994545         ,2.0
0.081759996712         ,2.0
0.08179999887900001    ,2.0
0.081840001047         ,2.0
0.081879995763         ,2.4000001
0.08191999793100001    ,2.0
0.081960000098         ,2.4000001
0.081999994814         ,2.4000001
0.082039996982         ,2.4000001
0.08207999914900001    ,2.4000001
0.082120001316         ,2.4000001
0.08215999603299999    ,2.4000001
0.0821999982           ,2.4000001
0.08224000036700001    ,2.4000001
0.082279995084         ,2.4000001
0.082319997251         ,2.4000001
0.082359999418         ,2.4000001
0.082399994135         ,2.4000001
0.082439996302         ,2.4000001
0.082479998469         ,2.0
0.082520000637         ,2.0
0.082559995353         ,2.0
0.08259999752000001    ,2.0
0.082639999688         ,1.6
0.08267999440399999    ,2.0
0.082719996572         ,2.0
0.082759998739         ,1.6
0.082800000906         ,2.0
0.082839995623         ,1.6
0.08287999779          ,2.0
0.082919999957         ,1.6
0.082959994674         ,1.6
0.082999996841         ,1.6
0.08303999900799999    ,1.6
0.083080001175         ,1.6
0.083119995892         ,1.6
0.083159998059         ,1.6
0.08320000022599999    ,1.6
0.08323999494300001    ,1.6
0.08327999711          ,1.2
0.083319999278         ,1.6
0.083359993994         ,1.6
0.08339999616100001    ,1.6
0.083439998329         ,1.2
0.08348000049599999    ,1.6
0.083519995213         ,1.2
0.08355999738          ,1.2
0.083599999547         ,1.2
0.083639994264         ,1.2
0.083679996431         ,1.2
0.083719998598         ,1.6
0.08376000076500001    ,1.2
0.083799995482         ,1.2
0.08383999764899999    ,1.2
0.083879999816         ,1.6
0.08391999453299999    ,1.2
0.0839599967           ,1.6
0.083999998868         ,1.6
0.08404000103499999    ,1.2
0.08407999575099999    ,1.6
0.08411999791899999    ,1.2
0.084160000086         ,1.6
0.084199994802         ,1.6
0.08423999697000001    ,1.6
0.08427999913699999    ,1.6
0.08431999385399999    ,1.6
0.084359996021         ,1.6
0.08439999818800001    ,2.0
0.08444000035499999    ,2.0
0.084479995072         ,2.0
0.084519997239         ,2.4000001
0.08455999940600001    ,2.4000001
0.084599994123         ,2.4000001
0.08463999629          ,2.79999995
0.084679998457         ,2.79999995
0.084720000625         ,2.79999995
0.084759995341         ,3.20000005
0.084799997509         ,3.60000014
0.08483999967599999    ,3.60000014
0.084879994392         ,4.0
0.08491999655999999    ,4.0
0.084959998727         ,4.4000001
0.085000000894         ,4.4000001
0.08503999561100001    ,4.80000019
0.08507999777799999    ,4.80000019
0.085119999945         ,4.80000019
0.085159994662         ,5.20000029
0.08519999682900001    ,5.20000029
0.08523999899599999    ,5.20000029
0.085280001163         ,5.5999999
0.08531999588          ,5.5999999
0.08535999804700001    ,5.5999999
0.08540000021500001    ,5.5999999
0.085439994931         ,5.5999999
0.085479997098         ,5.5999999
0.085519999266         ,5.5999999
0.085559993982         ,5.5999999
0.08559999615          ,5.5999999
0.085639998317         ,5.5999999
0.085680000484         ,5.5999999
0.08571999520099999    ,5.20000029
0.085759997368         ,5.20000029
0.085799999535         ,5.20000029
0.08583999425200001    ,5.20000029
0.08587999641899999    ,4.80000019
0.085919998586         ,4.80000019
0.085960000753         ,4.80000019
0.08599999547          ,4.80000019
0.08603999763699999    ,4.4000001
0.086079999804         ,4.80000019
0.086119994521         ,4.4000001
0.086159996688         ,4.0
0.086199998856         ,4.0
0.086240001023         ,4.0
0.086279995739         ,3.60000014
0.086319997907         ,3.60000014
0.086360000074         ,3.60000014
0.086399994791         ,3.60000014
0.086439996958         ,3.20000005
0.086479999125         ,3.20000005
0.08651999384199999    ,2.79999995
0.086559996009         ,3.20000005
0.086599998176         ,2.79999995
0.086640000343         ,2.79999995
0.08667999505999999    ,2.4000001
0.086719997227         ,2.79999995
0.086759999394         ,2.79999995
0.086799994111         ,2.79999995
0.08683999627800001    ,2.79999995
0.086879998446         ,2.4000001
0.086920000613         ,2.4000001
0.086959995329         ,2.4000001
0.086999997497         ,2.0
0.08703999966399999    ,2.4000001
0.08707999438          ,2.0
0.087119996548         ,2.0
0.087159998715         ,2.0
0.08720000088199999    ,2.0
0.087239995599         ,2.0
0.087279997766         ,2.0
0.087319999933         ,1.6
0.08735999465          ,1.6
0.087399996817         ,1.6
0.087439998984         ,1.6
0.087480001152         ,1.6
0.087519995868         ,1.6
0.087559998035         ,1.6
0.087600000203         ,1.6
0.08763999491900001    ,1.6
0.087679997087         ,1.6
0.087719999254         ,1.6
0.08775999397          ,1.2
0.087799996138         ,1.2
0.08783999830499999    ,1.2
0.087880000472         ,1.2
0.087919995189         ,1.2
0.087959997356         ,1.2
0.08799999952299999    ,1.2
0.08803999424          ,1.6
0.088079996407         ,1.2
0.088119998574         ,1.2
0.08816000074100001    ,1.2
0.088199995458         ,1.2
0.088239997625         ,1.2
0.088279999793         ,1.2
0.088319994509         ,1.2
0.088359996676         ,1.6
0.088399998844         ,1.2
0.088440001011         ,1.2
0.088479995728         ,1.2
0.088519997895         ,1.2
0.088560000062         ,1.6
0.088599994779         ,1.2
0.08863999694599999    ,1.6
0.088679999113         ,1.6
0.08871999383          ,1.6
0.088759995997         ,1.2
0.08879999816400001    ,1.6
0.088840000331         ,1.6
0.088879995048         ,1.6
0.088919997215         ,1.6
0.08895999938200001    ,1.6
0.088999994099         ,1.6
0.089039996266         ,1.6
0.089079998434         ,1.6
0.089120000601         ,1.6
0.089159995317         ,1.6
0.089199997485         ,1.6
0.089239999652         ,1.2
0.08927999436899998    ,1.6
0.089319996536         ,1.6
0.089359998703         ,1.2
0.08940000087          ,1.6
0.08943999558700001    ,1.6
0.08947999775399999    ,1.6
0.089519999921         ,1.6
0.089559994638         ,1.2
0.08959999680500001    ,1.2
0.08963999897199999    ,1.6
0.08968000114          ,1.2
0.089719995856         ,1.2
0.089759998024         ,1.2
0.089800000191         ,1.2
0.08983999490700001    ,1.2
0.089879997075         ,1.2
0.089919999242         ,1.2
0.089959993958         ,1.2
0.089999996126         ,1.2
0.090039998293         ,1.2
0.09008000046          ,1.2
0.09011999517699999    ,0.800000011921
0.090159997344         ,1.2
0.090199999511         ,1.2
0.09023999422800001    ,1.2
0.09027999639499999    ,0.800000011921
0.090319998562         ,0.800000011921
0.09036000073000001    ,0.800000011921
0.09039999544600001    ,0.800000011921
0.09043999761299999    ,1.2
0.090479999781         ,0.800000011921
0.090519994497         ,0.800000011921
0.090559996665         ,1.2
0.090599998832         ,1.2
0.09064000099899999    ,1.2
0.090679995716         ,0.800000011921
0.090719997883         ,0.800000011921
0.09076000005000001    ,1.2
0.090799994767         ,1.2
0.090839996934         ,1.2
0.090879999101         ,1.2
0.09091999381799999    ,1.2
0.090959995985         ,1.2
0.090999998152         ,1.2
0.091040000319         ,1.2
0.09107999503599999    ,1.6
0.091119997203         ,1.2
0.091159999371         ,1.6
0.09119999408700001    ,1.6
0.09123999625399999    ,1.6
0.09127999842199999    ,2.0
0.091320000589         ,2.0
0.091359995306         ,2.0
0.09139999747300001    ,2.4000001
0.09143999963999999    ,2.79999995
0.091479994357         ,2.4000001
0.091519996524         ,2.79999995
0.09155999869100001    ,2.79999995
0.09160000085799999    ,2.79999995
0.091639995575         ,3.60000014
0.091679997742         ,3.60000014
0.09171999990900001    ,3.60000014
0.091759994626         ,4.0
0.09179999679300001    ,4.0
0.09183999896          ,4.4000001
0.09187999367699999    ,4.4000001
0.091919995844         ,4.4000001
0.091959998012         ,4.80000019
0.092000000179         ,4.80000019
0.09203999489499999    ,4.80000019
0.09207999706299999    ,4.80000019
0.09211999923          ,4.80000019
0.092159993947         ,4.80000019
0.09219999611400001    ,4.80000019
0.09223999828099999    ,5.20000029
0.092280000448         ,4.80000019
0.092319995165         ,4.80000019
0.09235999733200001    ,4.80000019
0.09239999949899999    ,4.80000019
0.092439994216         ,4.80000019
0.092479996383         ,4.80000019
0.09251999855000001    ,4.80000019
0.092560000718         ,4.4000001
0.09259999543400001    ,4.4000001
0.092639997602         ,4.4000001
0.092679999769         ,4.0
0.092719994485         ,4.0
0.092759996653         ,4.0
0.09279999882          ,4.0
0.092840000987         ,4.0
0.09287999570399999    ,3.60000014
0.092919997871         ,3.60000014
0.09296000003799999    ,3.60000014
0.09299999475500001    ,3.60000014
0.09303999692199999    ,3.20000005
0.093079999089         ,3.20000005
0.093119993806         ,2.79999995
0.09315999597300001    ,3.20000005
0.09319999813999999    ,2.79999995
0.093240000308         ,2.79999995
0.093279995024         ,2.79999995
0.09331999719100001    ,2.79999995
0.09335999935900001    ,2.79999995
0.093399994075         ,2.4000001
0.09343999624299999    ,2.4000001
0.09347999841          ,2.4000001
0.09352000057700001    ,2.4000001
0.093559995294         ,2.4000001
0.09359999746099999    ,2.4000001
0.093639999628         ,2.0
0.09367999434499999    ,2.0
0.093719996512         ,2.0
0.093759998679         ,2.0
0.093800000846         ,2.0
0.09383999556299999    ,1.6
0.09387999773          ,1.6
0.093919999897         ,1.6
0.09395999461400001    ,1.6
0.09399999678099999    ,2.0
0.094039998949         ,1.6
0.094079993665         ,1.6
0.09411999583200001    ,1.6
0.09415999800000001    ,1.6
0.09420000016699999    ,1.6
0.09423999488399999    ,1.6
0.094279997051         ,1.6
0.09431999921800001    ,1.6
0.094359993935         ,1.6
0.094399996102         ,1.6
0.094439998269         ,1.6
0.09448000043600001    ,1.6
0.094519995153         ,1.6
0.09455999732          ,1.6
0.094599999487         ,1.6
0.09463999420399999    ,1.6
0.094679996371         ,1.2
0.094719998538         ,1.2
0.09476000070599999    ,1.6
0.09479999542199999    ,1.6
0.09483999759          ,1.2
0.094879999757         ,1.6
0.09491999447300001    ,1.2
0.09495999664100001    ,1.6
0.09499999880799999    ,1.6
0.095040000975         ,1.6
0.095079995692         ,1.6
0.09511999785900001    ,1.6
0.09516000002599999    ,1.6
0.095199994743         ,1.6
0.09523999691          ,1.6
0.09527999907700001    ,1.6
0.095319993794         ,1.6
0.095359995961         ,1.6
0.095399998128         ,1.6
0.095440000296         ,2.0
0.095479995012         ,2.0
0.09551999718000001    ,2.0
0.09555999934699999    ,2.4000001
0.095599994063         ,2.0
0.095639996231         ,2.0
0.095679998398         ,2.0
0.095720000565         ,2.4000001
0.09575999528200001    ,2.0
0.09579999744899999    ,2.0
0.095839999616         ,2.4000001
0.095879994333         ,2.0
0.09591999650000001    ,2.4000001
0.09595999866699999    ,2.0
