-0.0160000008          ,4.0
-0.015900000900000003  ,4.0
-0.015800001100000002  ,4.0
-0.0157000013          ,4.0
-0.0156000005          ,3.60000014
-0.0155000007          ,4.0
-0.0154000008          ,3.60000014
-0.015300001           ,3.60000014
-0.0152000012          ,4.0
-0.0151000004          ,3.60000014
-0.0150000006          ,3.60000014
-0.0149000008          ,4.0
-0.0148000009          ,4.0
-0.0147000011          ,4.0
-0.0146000003          ,4.0
-0.0145000005          ,4.0
-0.0144000007          ,4.0
-0.0143000009          ,4.0
-0.014200001           ,4.0
-0.014100001200000002  ,4.0
-0.0140000004          ,4.0
-0.0139000006          ,4.0
-0.0138000008          ,4.0
-0.0137000009          ,3.60000014
-0.013600001100000002  ,4.0
-0.013500001299999998  ,4.0
-0.0134000005          ,4.0
-0.0133000007          ,4.0
-0.013200000900000002  ,4.0
-0.013100001000000002  ,3.60000014
-0.013000001200000002  ,3.60000014
-0.0129000004          ,4.0
-0.0128000006          ,4.0
-0.012700000800000001  ,4.0
-0.012600000900000002  ,4.0
-0.012500001100000002  ,3.60000014
-0.0124000013          ,3.60000014
-0.0123000005          ,3.60000014
-0.012200000700000001  ,4.0
-0.012100000900000001  ,3.60000014
-0.012000001000000001  ,4.0
-0.011900001200000001  ,4.0
-0.0118000004          ,4.0
-0.011700000600000001  ,4.0
-0.011600000800000001  ,4.0
-0.011500001000000001  ,4.0
-0.011400001100000001  ,4.0
-0.0113000013          ,4.0
-0.0112000005          ,4.0
-0.011100000700000001  ,4.0
-0.011000000900000001  ,4.0
-0.010900001000000001  ,4.0
-0.010800001200000001  ,4.0
-0.010700000500000001  ,4.0
-0.010600000600000001  ,4.0
-0.010500000800000001  ,4.4000001
-0.010400000999999999  ,4.0
-0.0103000011          ,4.0
-0.0102000013          ,4.0
-0.010100000500000001  ,4.0
-0.0100000007          ,4.0
-0.009900000879999999  ,4.0
-0.00980000105         ,4.0
-0.009700001219999999  ,4.0
-0.009600000459999999  ,4.0
-0.00950000063         ,4.0
-0.009400000799999999  ,4.0
-0.009300000970000001  ,4.0
-0.00920000114         ,4.0
-0.00910000131         ,3.60000014
-0.00900000054         ,4.0
-0.00890000071         ,4.0
-0.00880000088         ,3.60000014
-0.00870000105         ,3.60000014
-0.00860000122         ,3.60000014
-0.008500001390000001  ,4.0
-0.00840000063         ,4.0
-0.0083000008          ,4.0
-0.008200000970000001  ,4.0
-0.00810000114         ,3.60000014
-0.00800000131         ,4.0
-0.007900000550000001  ,4.0
-0.007800001190000001  ,3.60000014
-0.00770000089         ,3.60000014
-0.007600001059999999  ,4.0
-0.007500000759999998  ,4.0
-0.00740000093         ,4.0
-0.0073000011          ,4.0
-0.007200000809999999  ,3.60000014
-0.00710000098         ,3.60000014
-0.00700000115         ,4.0
-0.00690000085         ,4.0
-0.006800001020000001  ,4.0
-0.00670000119         ,3.60000014
-0.0066000009          ,3.60000014
-0.006500001070000001  ,3.60000014
-0.00640000124         ,4.0
-0.006300000940000001  ,4.0
-0.0062000011100000006 ,4.0
-0.00610000081         ,4.0
-0.00600000098         ,4.0
-0.00590000115         ,4.0
-0.0058000008600000005 ,4.0
-0.00570000103         ,4.0
-0.0056000012          ,3.60000014
-0.0055000008999999996 ,4.0
-0.00540000107         ,4.0
-0.005300001239999999  ,4.0
-0.0052000009499999994 ,3.60000014
-0.00510000112         ,4.0
-0.00500000082         ,4.0
-0.00490000099         ,4.0
-0.00480000116         ,4.0
-0.00470000086         ,4.0
-0.004600001029999999  ,4.0
-0.0045000012          ,3.60000014
-0.00440000091         ,4.0
-0.004300001079999999  ,4.0
-0.00420000125         ,4.0
-0.00410000095         ,4.0
-0.00400000112         ,3.60000014
-0.0039000010600000004 ,3.60000014
-0.003800001           ,4.0
-0.0037000011700000003 ,3.60000014
-0.0036000011          ,3.60000014
-0.00350000104         ,3.60000014
-0.00340000098         ,3.60000014
-0.0033000011499999997 ,4.0
-0.00320000108         ,3.60000014
-0.00310000102         ,3.60000014
-0.00300000119         ,4.0
-0.00290000113         ,3.60000014
-0.00280000106         ,3.60000014
-0.0027000009999999996 ,3.60000014
-0.0026000012          ,3.60000014
-0.0025000011          ,3.60000014
-0.002400001           ,3.60000014
-0.0023000012          ,3.60000014
-0.0022000012          ,4.0
-0.0021000011          ,4.0
-0.002000001           ,4.0
-0.0019000011          ,4.0
-0.0018000011          ,4.0
-0.0017000010999999998 ,3.60000014
-0.0016000010999999998 ,3.60000014
-0.0015000012          ,4.0
-0.0014000011          ,4.0
-0.0013000012          ,4.0
-0.0012000011          ,4.0
-0.0011000012          ,4.0
-0.0010000011          ,3.60000014
-0.00090000115         ,4.0
-0.00080000114         ,4.0
-0.00070000114         ,3.60000014
-0.00060000113         ,4.0
-0.0005000011299999999 ,4.0
-0.00040000115         ,4.0
-0.00030000115000000004,3.60000014
-0.00020000116         ,4.0
-0.00010000116         ,4.0
-1.16e-09              ,14.4000006
9.999883e-05           ,38.40000153
0.00019999883000000002 ,47.60000229
0.00029999882          ,46.40000153
0.00039999883000000003 ,40.79999924
0.0004999987999999999  ,36.0
0.0005999988099999999  ,32.79999924
0.00069999881          ,29.20000076
0.00079999882          ,26.0
0.00089999882          ,22.80000114
0.00099999999          ,19.6000004
0.0010999988           ,17.2000008
0.0011999988000000001  ,14.4000006
0.0012999988           ,12.8000002
0.0013999988           ,10.8000002
0.0014999988           ,10.0
0.0015999988           ,8.800000191
0.0016999987           ,8.400000572
0.0017999988           ,7.599999905
0.0018999988           ,6.80000019
0.0019999987           ,6.0
0.0020999988           ,5.5999999
0.0021999988           ,5.20000029
0.0022999989           ,4.80000019
0.0023999986999999998  ,4.4000001
0.0024999988           ,4.4000001
0.0025999988           ,4.0
0.0026999987           ,4.0
0.0027999987400000002  ,4.0
0.0028999988000000003  ,4.4000001
0.00299999886          ,4.0
0.00309999869          ,4.0
0.00319999876          ,4.0
0.00329999882          ,4.0
0.00339999865          ,4.0
0.0034999987100000005  ,4.0
0.0035999987700000005  ,4.0
0.0036999988399999996  ,4.0
0.00379999867          ,4.4000001
0.0038999987299999997  ,6.0
0.00399999879          ,6.80000019
0.004099998620000001   ,6.4000001
0.004199998920000001   ,6.0
0.00429999875          ,5.20000029
0.00439999858          ,5.20000029
0.004499998870000001   ,4.80000019
0.004599998710000001   ,4.80000019
0.00469999854          ,4.4000001
0.00479999883          ,4.0
0.00489999866          ,4.0
0.00499999849          ,4.0
0.00509999879          ,4.0
0.00519999862          ,4.4000001
0.005299998910000001   ,4.4000001
0.005399998739999999   ,4.4000001
0.005499998570000001   ,4.4000001
0.00559999887          ,4.4000001
0.0056999987           ,4.4000001
0.00579999853          ,4.80000019
0.005899998829999999   ,4.80000019
0.00599999866          ,5.20000029
0.0060999984899999995  ,5.20000029
0.00619999878          ,5.20000029
0.00629999861          ,5.20000029
0.0063999984400000005  ,6.0
0.0064999987399999995  ,6.4000001
0.0065999985700000005  ,7.599999905
0.0066999988600000004  ,9.199999809
0.0067999986900000005  ,11.1999998
0.006899998520000001   ,14.0
0.00699999882          ,16.3999996
0.00709999865          ,18.3999996
0.00719999848          ,21.20000076
0.007299998780000001   ,28.0
0.007399998609999999   ,40.79999924
0.007499998440000001   ,56.0
0.00759999873          ,68.800003052
0.007699998559999999   ,74.800003052
0.007799998859999999   ,72.800003052
0.00789999869          ,64.400001526
0.007999998520000001   ,54.0
0.00809999835          ,45.20000076
0.00819999818          ,38.79999924
0.00829999894          ,33.20000076
0.00839999877          ,28.39999962
0.0084999986           ,24.39999962
0.00859999843          ,20.80000114
0.00869999826          ,18.0
0.00879999902          ,15.1999998
0.00889999885          ,13.1999998
0.00899999868          ,11.6000004
0.009099998509999999   ,10.4000006
0.00919999834          ,8.800000191
0.00929999817          ,8.0
0.009399998929999999   ,6.80000019
0.00949999876          ,6.4000001
0.00959999859          ,6.0
0.009699998420000001   ,5.20000029
0.009799998249999999   ,4.80000019
0.00989999902          ,4.4000001
0.00999999885          ,4.4000001
0.0100999987           ,4.0
0.0101999985           ,4.0
0.0102999983           ,4.0
0.0103999982           ,4.0
0.010499998899999998   ,4.0
0.0105999988           ,4.0
0.010699998600000002   ,4.0
0.0107999984           ,4.0
0.0108999982           ,3.60000014
0.010999999            ,4.0
0.011099998799999998   ,4.0
0.011199998700000002   ,4.0
0.0112999985           ,3.60000014
0.0113999983           ,4.0
0.0114999982           ,6.0
0.011599998899999998   ,6.4000001
0.011699998799999998   ,6.4000001
0.011799998600000002   ,6.0
0.0118999984           ,5.20000029
0.0119999982           ,4.80000019
0.0120999981           ,4.80000019
0.012199998799999999   ,4.0
0.012299998700000002   ,4.4000001
0.0123999985           ,4.0
0.0124999983           ,4.0
0.0125999982           ,4.0
0.012699998899999999   ,4.0
0.0127999987           ,4.0
0.0128999986           ,4.4000001
0.0129999984           ,4.80000019
0.0130999982           ,4.80000019
0.0131999981           ,4.80000019
0.013299998799999999   ,4.80000019
0.0133999987           ,4.80000019
0.0134999985           ,4.80000019
0.0135999983           ,5.20000029
0.013699998100000001   ,5.20000029
0.013799998899999999   ,5.20000029
0.013899998700000001   ,5.5999999
0.0139999986           ,5.5999999
0.014099998400000001   ,6.4000001
0.014199998200000001   ,7.20000029
0.0142999981           ,8.400000572
0.0143999988           ,10.4000006
0.0144999987           ,12.8000002
0.014599998500000001   ,14.8000002
0.014699998300000001   ,16.8000011
0.014799998100000001   ,20.0
0.0148999989           ,27.20000076
0.014999998700000001   ,38.0
0.015099998600000001   ,50.79999924
0.015199998400000001   ,61.600002288999995
0.015299998200000001   ,66.800003052
0.015399998100000001   ,64.800003052
0.0154999988           ,57.200000763
0.015599998600000001   ,48.0
0.0156999975           ,40.40000153
0.015799999199999998   ,34.40000153
0.0158999991           ,29.20000076
0.0159999989           ,25.20000076
0.0160999987           ,21.60000038
0.0161999986           ,18.8000011
0.0162999984           ,15.6000004
0.0163999982           ,14.0
0.016499998000000002   ,11.6000004
0.0165999979           ,10.4000006
0.0166999977           ,9.199999809
0.0167999975           ,8.0
0.016899999199999998   ,7.20000029
0.0169999991           ,6.4000001
0.0170999989           ,6.0
0.0171999987           ,5.20000029
0.0172999986           ,4.80000019
0.0173999984           ,4.4000001
0.017499998200000002   ,4.0
0.017599998000000002   ,4.0
0.0176999979           ,4.0
0.0177999977           ,4.0
0.0178999975           ,4.0
0.0179999992           ,4.0
0.0180999991           ,4.0
0.0181999989           ,4.0
0.0182999987           ,4.0
0.0183999985           ,4.0
0.018499998400000002   ,4.0
0.018599998200000002   ,4.0
0.018699998            ,4.4000001
0.0187999979           ,5.20000029
0.0188999977           ,6.4000001
0.0189999975           ,7.20000029
0.0190999992           ,9.600000381000001
0.019199999            ,10.4000006
0.0192999989           ,9.600000381000001
0.0193999987           ,8.800000191
0.0194999985           ,7.599999905
0.019599998400000002   ,7.20000029
0.0196999982           ,6.4000001
0.019799998            ,6.0
0.0198999979           ,5.5999999
0.0199999977           ,4.80000019
0.02009999752          ,4.4000001
0.02019999921          ,4.0
0.020299999040000002   ,4.0
0.020399998869999998   ,4.4000001
0.0204999987           ,4.0
0.02059999853          ,4.4000001
0.02069999836          ,4.4000001
0.020799998190000002   ,4.4000001
0.020899998019999998   ,4.4000001
0.02099999785          ,4.4000001
0.021099997680000003   ,4.4000001
0.021199997510000002   ,4.4000001
0.02129999921          ,4.4000001
0.02139999904          ,4.80000019
0.021499998870000002   ,4.4000001
0.0215999987           ,4.80000019
0.02169999853          ,6.0
0.02179999836          ,6.80000019
0.021899998190000002   ,7.599999905
0.021999998019999998   ,8.800000191
0.02209999785          ,11.1999998
0.02219999768          ,12.8000002
0.022299997510000003   ,14.4000006
0.0223999992           ,17.2000008
0.02249999903          ,23.20000076
0.022599998859999998   ,32.0
0.02269999869          ,42.40000153
0.02279999852          ,51.20000076
0.02289999835          ,55.200000763
0.022999998179999998   ,54.0
0.02309999801          ,48.40000153
0.02319999784          ,41.20000076
0.02329999767          ,34.40000153
0.0233999975           ,29.20000076
0.02349999733          ,25.20000076
0.02359999903          ,21.60000038
0.023699998859999998   ,18.3999996
0.02379999869          ,16.0
0.02389999852          ,13.6000004
0.02399999835          ,11.6000004
0.02409999818          ,10.0
0.02419999801          ,9.199999809
0.02429999784          ,8.0
0.02439999767          ,7.20000029
0.0244999975           ,6.4000001
0.02459999733          ,6.0
0.02469999902          ,5.5999999
0.024799998849999998   ,5.20000029
0.024899998680000004   ,4.80000019
0.02499999851          ,4.4000001
0.025099998340000002   ,4.4000001
0.025199998169999998   ,4.0
0.025299997999999997   ,4.0
0.025399997830000003   ,4.0
0.02549999766          ,4.0
0.025599997489999998   ,4.0
0.025699997319999997   ,4.0
0.02579999901          ,4.0
0.02589999884          ,4.4000001
0.02599999867          ,4.4000001
0.026099998500000002   ,4.4000001
0.02619999833          ,4.80000019
0.02629999816          ,4.80000019
0.02639999799          ,5.5999999
0.026499997819999996   ,6.4000001
0.026599997650000002   ,7.20000029
0.02669999748          ,9.600000381000001
0.02679999731          ,10.4000006
0.02689999901          ,9.199999809
0.026999998839999997   ,8.0
0.02709999867          ,7.20000029
0.0271999985           ,6.4000001
0.027299998330000002   ,5.5999999
0.02739999816          ,5.20000029
0.027499997989999997   ,4.80000019
0.027599997819999996   ,4.80000019
0.027699997650000002   ,4.4000001
0.02779999748          ,4.4000001
0.02789999731          ,4.0
0.027999998999999998   ,4.4000001
0.02809999883          ,4.4000001
0.028199998660000003   ,4.80000019
0.02829999849          ,4.80000019
0.028399998319999998   ,4.80000019
0.02849999815          ,4.80000019
0.02859999798          ,4.80000019
0.028699997810000006   ,4.80000019
0.028799997639999998   ,4.80000019
0.02889999747          ,4.80000019
0.0289999973           ,4.80000019
0.029099998999999998   ,4.4000001
0.02919999883          ,4.80000019
0.029299998660000003   ,5.5999999
0.02939999849          ,6.0
0.029499998319999998   ,7.20000029
0.02959999815          ,8.400000572
0.02969999798          ,10.8000002
0.029799997810000003   ,12.4000006
0.02989999764          ,13.6000004
0.02999999747          ,16.0
0.0300999973           ,20.80000114
0.030199998989999997   ,28.80000114
0.030299998819999997   ,37.60000229
0.030399998650000003   ,45.20000076
0.030499998480000002   ,48.79999924
0.03059999831          ,46.79999924
0.030699998139999997   ,41.60000229
0.03079999797          ,35.20000076
0.0308999978           ,29.60000038
0.03099999763          ,25.20000076
0.031099997460000004   ,21.60000038
0.03119999729          ,18.8000011
0.03129999712          ,16.3999996
0.03139999881          ,14.0
0.031499996780000004   ,12.0
0.03159999847          ,10.8000002
0.031699996439999996   ,9.199999809
0.03179999813          ,8.400000572
0.03189999983          ,7.20000029
0.03199999779          ,6.80000019
0.032099999489999996   ,6.0
0.032199997450000004   ,5.20000029
0.03229999915          ,4.80000019
0.032399997119999996   ,4.80000019
0.03249999881          ,4.4000001
0.03259999678          ,4.4000001
0.03269999847          ,4.0
0.03279999644          ,4.0
0.032899998130000004   ,4.4000001
0.03299999982          ,4.0
0.033099997789999995   ,4.0
0.033199999480000006   ,4.0
0.03329999745          ,4.0
0.03339999914          ,4.0
0.03349999711          ,4.0
0.033599998799999996   ,4.0
0.03369999677          ,4.0
0.03379999846          ,4.0
0.03389999643          ,4.80000019
0.03399999812          ,6.0
0.03409999982          ,7.599999905
0.03419999778          ,8.0
0.03429999948          ,10.8000002
0.034399997439999996   ,12.0
0.03449999914          ,11.1999998
0.0345999971           ,10.0
0.0346999988           ,8.800000191
0.03479999676000001    ,8.0
0.034899998460000005   ,7.20000029
0.03499999642          ,6.4000001
0.035099998119999996   ,6.0
0.03519999981          ,5.20000029
0.03529999778          ,4.80000019
0.03539999947          ,4.4000001
0.03549999744          ,4.0
0.035599999130000004   ,4.0
0.0356999971           ,4.0
0.035799998789999996   ,4.0
0.035899996760000004   ,4.0
0.03599999845          ,4.0
0.03609999642          ,4.0
0.03619999811          ,4.0
0.03629999608          ,4.0
0.03639999777          ,4.0
0.03649999946          ,4.0
0.03659999743          ,4.0
0.03669999912          ,4.0
0.036799997089999995   ,4.4000001
0.03689999878          ,4.80000019
0.03699999675          ,5.5999999
0.03709999844          ,6.4000001
0.037199996410000005   ,7.599999905
0.0372999981           ,9.199999809
0.03739999607          ,10.0
0.03749999776          ,11.1999998
0.037599999460000005   ,13.1999998
0.03769999743          ,16.8000011
0.03779999912          ,23.20000076
0.03789999709          ,31.20000076
0.03799999878          ,38.0
0.03809999675          ,41.20000076
0.038199998439999994   ,39.60000229
0.03829999641          ,35.20000076
0.0383999981           ,29.60000038
0.03849999607          ,25.20000076
0.03859999776          ,21.60000038
0.03869999945          ,18.3999996
0.03879999742          ,16.0
0.03889999911          ,14.0
0.03899999708          ,12.4000006
0.03909999877          ,11.1999998
0.03919999674          ,9.600000381000001
0.039299998430000004   ,8.400000572
0.0393999964           ,7.599999905
0.03949999809          ,6.80000019
0.03959999606          ,6.4000001
0.03969999775          ,5.5999999
0.03979999945          ,5.20000029
0.039899997410000006   ,4.80000019
0.039999999110000004   ,4.80000019
0.04009999707          ,4.4000001
0.04019999877          ,4.0
0.04029999673          ,4.0
0.04039999843          ,4.0
0.04049999639          ,4.0
0.04059999809          ,4.0
0.04069999605          ,4.0
0.04079999775          ,4.0
0.040899999439999994   ,4.0
0.04099999741          ,4.0
0.0410999991           ,4.4000001
0.04119999707          ,4.0
0.041299998760000005   ,4.4000001
0.04139999673          ,4.80000019
0.041499998419999996   ,5.20000029
0.04159999639          ,6.4000001
0.04169999808          ,7.599999905
0.04179999605          ,8.0
0.04189999774          ,10.4000006
0.04199999943          ,11.1999998
0.042099997400000005   ,10.4000006
0.04219999909          ,9.199999809
0.042299997060000004   ,7.599999905
0.04239999875          ,7.20000029
0.04249999672          ,6.4000001
0.04259999841          ,6.0
0.04269999638          ,5.20000029
0.04279999807          ,4.80000019
0.04289999603999999    ,4.80000019
0.042999997740000004   ,4.80000019
0.04309999943          ,4.4000001
0.0431999974           ,4.4000001
0.04329999909          ,4.80000019
0.04339999706          ,4.80000019
0.04349999875          ,4.4000001
0.04359999672          ,4.4000001
0.04369999841          ,4.4000001
0.043799996380000004   ,4.0
0.04389999807          ,4.4000001
0.043999996039999996   ,4.4000001
0.04409999773          ,4.0
0.04419999942          ,4.0
0.04429999739          ,4.0
0.044399999079999995   ,4.4000001
0.044499997050000004   ,4.4000001
0.04459999874          ,5.20000029
0.04469999671          ,6.0
0.0447999984           ,6.80000019
0.04489999637          ,8.0
0.04499999806          ,9.199999809
0.04509999603          ,10.4000006
0.045199997719999996   ,11.6000004
0.04529999942          ,15.1999998
0.04539999738          ,21.20000076
0.04549999908          ,28.0
0.04559999704          ,34.40000153
0.04569999874          ,37.20000076
0.0457999967           ,36.0
0.045899998399999996   ,31.60000038
0.045999996359999996   ,26.39999962
0.04609999806          ,22.39999962
0.04619999602          ,19.2000008
0.04629999772          ,16.3999996
0.046399999410000003   ,14.4000006
0.04649999738          ,12.4000006
0.046599999069999995   ,10.8000002
0.046699997039999996   ,10.0
0.04679999872999999    ,8.400000572
0.0468999967           ,7.599999905
0.04699999839          ,6.80000019
0.04709999636          ,6.0
0.04719999805          ,5.5999999
0.04729999602          ,5.20000029
0.04739999771000001    ,4.80000019
0.047499999400000006   ,4.4000001
0.047599997369999994   ,4.4000001
0.047699999060000005   ,4.0
0.04779999703          ,4.0
0.047899998719999996   ,4.0
0.04799999669          ,4.0
0.04809999838          ,4.0
0.048199996349999996   ,4.0
0.04829999803999999    ,4.0
0.048399996009999995   ,4.0
0.048499997710000006   ,4.0
0.0485999994           ,4.0
0.04869999737          ,4.4000001
0.04879999906          ,4.0
0.048899997029999996   ,4.0
0.04899999871999999    ,4.0
0.049099996689999995   ,4.80000019
0.049199998380000005   ,6.4000001
0.04929999635          ,7.599999905
0.04939999804          ,8.400000572
0.04949999601          ,10.8000002
0.049599997699999995   ,11.6000004
0.04969999938999999    ,10.8000002
0.04979999736000001    ,9.600000381000001
0.049899999050000005   ,8.800000191
0.04999999702          ,7.599999905
0.05009999871          ,7.20000029
0.050199996680000004   ,6.4000001
0.05029999837          ,5.5999999
0.050399996339999996   ,5.20000029
0.05049999803          ,4.80000019
0.050599995999999994   ,4.4000001
0.05069999768999999    ,4.4000001
0.050799999389999996   ,4.0
0.050899997350000004   ,4.0
0.05099999905          ,4.0
0.05109999701          ,4.0
0.05119999871          ,4.4000001
0.051299996669999993   ,4.4000001
0.051399998370000005   ,4.0
0.051499996330000006   ,4.0
0.051599998030000004   ,4.0
0.05169999599          ,4.0
0.051799997689999995   ,4.0
0.05189999938          ,4.0
0.05199999735          ,4.0
0.052099999040000004   ,4.4000001
0.052199997010000006   ,4.80000019
0.0522999987           ,5.5999999
0.05239999667          ,6.4000001
0.05249999836          ,7.599999905
0.05259999633          ,8.800000191
0.05269999802          ,9.600000381000001
0.052799995989999994   ,10.8000002
0.052899997680000005   ,13.6000004
0.052999995650000006   ,18.3999996
0.05309999734          ,24.39999962
0.05319999903          ,29.60000038
0.053299997            ,31.60000038
0.05339999869          ,30.80000114
0.05349999666          ,27.20000076
0.05359999835          ,22.39999962
0.053699996320000006   ,19.6000004
0.05379999802          ,16.3999996
0.05389999597999999    ,14.4000006
0.053999997679999995   ,12.8000002
0.054099995639999995   ,10.8000002
0.05419999734          ,9.600000381000001
0.05429999903          ,8.800000191
0.054399997            ,8.0
0.05449999869          ,7.20000029
0.054599996660000004   ,6.4000001
0.05469999835          ,6.0
0.05479999632          ,5.20000029
0.05489999801          ,5.20000029
0.054999995979999994   ,4.4000001
0.05509999767000001    ,4.4000001
0.05519999563999999    ,4.4000001
0.05529999732999999    ,4.0
0.05539999902000001    ,4.0
0.05549999699          ,4.0
0.05559999868          ,4.0
0.05569999665          ,4.0
0.05579999834          ,4.0
0.05589999631          ,4.0
0.055999997999999995   ,4.4000001
0.056099995970000004   ,4.0
0.05619999766          ,4.4000001
0.05629999562999999    ,4.4000001
0.056399997320000006   ,4.4000001
0.056499999020000004   ,4.80000019
0.05659999698          ,4.80000019
0.056699998679999995   ,5.5999999
0.056799996639999996   ,6.4000001
0.05689999834          ,7.599999905
0.05699999631          ,8.0
0.057099998            ,10.0
0.05719999597          ,10.8000002
0.05729999766          ,9.600000381000001
0.05739999562999999    ,8.400000572
0.05749999732000001    ,7.20000029
0.05759999901000001    ,6.80000019
0.05769999698          ,6.0
0.057799998670000005   ,5.5999999
0.05789999664          ,5.20000029
0.05799999833          ,4.80000019
0.0580999963           ,4.80000019
0.058199997989999995   ,4.4000001
0.058299995959999996   ,4.4000001
0.05839999764999999    ,4.4000001
0.05849999562000001    ,4.4000001
0.058599997310000006   ,4.0
0.058699999010000004   ,4.0
0.058799996970000004   ,4.0
0.05889999867000001    ,4.0
0.058999996629999996   ,4.4000001
0.05909999832999999    ,4.0
0.059199996289999994   ,4.0
0.05929999799          ,4.0
0.05939999595          ,4.0
0.05949999765          ,4.0
0.059599995610000005   ,4.0
0.05969999731000001    ,4.0
0.059799999000000006   ,4.4000001
0.05989999697000001    ,4.80000019
0.059999998660000005   ,6.0
0.06009999663          ,6.80000019
0.06019999832          ,7.599999905
0.06029999629          ,8.400000572
0.060399997979999995   ,9.600000381000001
0.060499995949999996   ,12.8000002
0.06059999763999999    ,17.2000008
0.06069999561000001    ,22.80000114
0.060799997300000005   ,27.60000038
0.06089999899          ,30.0
0.060999996960000004   ,28.80000114
0.06109999865          ,25.60000038
0.06119999662          ,21.60000038
0.06129999831          ,18.3999996
0.061399996279999994   ,15.6000004
0.061499997970000005   ,13.6000004
0.06159999594          ,11.6000004
0.061699997629999996   ,10.8000002
0.0617999956           ,9.199999809
0.061899997289999995   ,8.0
0.06199999899          ,7.20000029
0.06209999695          ,6.80000019
0.062199998650000005   ,6.4000001
0.062299996610000005   ,6.0
0.06239999831          ,5.20000029
0.06249999628          ,5.20000029
0.06259999424          ,4.80000019
0.06269999593999999    ,4.4000001
0.06279999762999999    ,4.4000001
0.06289999932          ,4.0
0.06299999356000001    ,4.0
0.06309999526          ,4.0
0.06319999695          ,4.0
0.06329999864000001    ,4.0
0.06340000033          ,4.0
0.06349999458          ,4.0
0.06359999627          ,4.0
0.06369999796          ,4.4000001
0.06379999965          ,4.0
0.0638999939           ,4.0
0.06399999559          ,4.0
0.06409999727999999    ,4.0
0.06419999897999999    ,4.0
0.06430000067000001    ,4.4000001
0.06439999491000001    ,6.0
0.0644999966           ,7.20000029
0.0645999983           ,7.20000029
0.06469999998999999    ,8.800000191
0.06479999422999999    ,9.600000381000001
0.06489999592000001    ,9.199999809
0.06499999762          ,8.0
0.06509999931          ,7.599999905
0.06519999355          ,6.80000019
0.06529999524          ,6.0
0.06539999694          ,5.5999999
0.06549999863          ,5.20000029
0.06560000032          ,4.80000019
0.06569999456          ,4.4000001
0.06579999626000001    ,4.4000001
0.06589999795          ,4.4000001
0.06599999964          ,4.4000001
0.06609999389          ,4.0
0.06619999557999999    ,4.0
0.06629999727000001    ,4.0
0.06639999896000001    ,4.0
0.06650000066          ,4.0
0.0665999949           ,4.0
0.06669999659          ,4.0
0.06679999828          ,4.0
0.06689999998          ,4.0
0.06699999422          ,4.0
0.06709999591          ,4.0
0.06719999759999999    ,4.0
0.0672999993           ,4.4000001
0.06739999354          ,4.4000001
0.06749999522999998    ,4.80000019
0.06759999692          ,6.0
0.06769999862000001    ,6.80000019
0.06780000031000001    ,7.599999905
0.06789999455          ,8.0
0.06799999625          ,9.600000381000001
0.06809999794          ,12.4000006
0.06819999963          ,16.3999996
0.06829999387          ,21.60000038
0.06839999557          ,25.60000038
0.06849999726          ,27.20000076
0.06859999894999999    ,26.0
0.06870000064          ,22.80000114
0.06879999489000001    ,18.8000011
0.06889999658          ,16.0
0.06899999827          ,13.6000004
0.06909999996          ,11.6000004
0.06919999421          ,9.600000381000001
0.0692999959           ,8.400000572
0.06939999759          ,7.599999905
0.06949999928999999    ,6.80000019
0.06959999352999999    ,6.4000001
0.06969999522          ,6.0
0.06979999691000001    ,5.5999999
0.06989999861          ,5.20000029
0.0700000003           ,4.80000019
0.07009999454          ,4.80000019
0.07019999622999999    ,4.4000001
0.07029999793          ,4.80000019
0.07039999962          ,4.4000001
0.07049999386          ,4.0
0.07059999555          ,4.0
0.07069999725          ,4.0
0.07079999894          ,4.0
0.07090000062999999    ,4.0
0.07099999487000001    ,4.0
0.07109999657          ,4.0
0.07119999826000001    ,3.60000014
0.07129999995          ,4.0
0.0713999942           ,4.0
0.07149999589          ,4.0
0.07159999757999999    ,4.0
0.07169999927          ,4.0
0.07179999352000001    ,4.4000001
0.07189999521000001    ,5.20000029
0.0719999969           ,6.0
0.07209999859          ,7.20000029
0.07220000029          ,6.80000019
0.07229999453          ,8.0
0.07239999622          ,8.800000191
0.07249999791          ,8.0
0.07259999961000001    ,7.20000029
0.07269999384999999    ,6.0
0.07279999554          ,6.0
0.07289999723          ,5.20000029
0.07299999892999999    ,4.80000019
0.07310000062000001    ,4.80000019
0.07319999486          ,4.4000001
0.07329999656000001    ,4.4000001
0.07339999825          ,4.4000001
0.07349999994          ,4.0
0.07359999417999999    ,4.0
0.07369999588          ,4.0
0.07379999757          ,4.0
0.07389999926          ,4.0
0.0739999935           ,4.0
0.07409999519999999    ,4.4000001
0.07419999689          ,4.0
0.07429999857999998    ,4.0
0.07440000027          ,4.0
0.07449999452          ,4.0
0.07459999621          ,4.0
0.0746999979           ,3.60000014
0.0747999996           ,4.0
0.07489999384          ,3.60000014
0.07499999552999999    ,4.0
0.07509999722          ,4.80000019
0.07519999892000001    ,5.20000029
0.07530000061          ,6.0
0.07539999485          ,6.80000019
0.07549999654          ,7.599999905
0.07559999824          ,8.0
0.07569999993          ,10.0
0.07579999417000001    ,14.4000006
0.07589999586          ,19.6000004
0.07599999756          ,24.39999962
0.07609999925          ,26.39999962
0.07619999348999999    ,25.60000038
0.07629999518          ,22.80000114
0.07639999687999999    ,18.8000011
0.07649999857          ,15.6000004
0.07660000026000001    ,13.6000004
0.07669999450000001    ,11.6000004
0.0767999962           ,10.4000006
0.07689999789          ,9.199999809
0.07699999957999999    ,8.0
0.07709999382999999    ,7.20000029
0.07719999552          ,6.80000019
0.07729999721          ,6.0
0.0773999989           ,5.20000029
0.0775000006           ,5.20000029
0.07759999484          ,4.80000019
0.07769999653          ,4.80000019
0.07779999822          ,4.4000001
0.07789999992          ,4.4000001
0.07799999416          ,4.0
0.07809999585          ,4.0
0.07819999754          ,4.0
0.07829999924          ,4.0
0.07839999348          ,4.0
0.07849999517          ,4.0
0.07859999687000001    ,4.0
0.07869999856000001    ,4.0
0.07880000025          ,4.0
0.07889999449          ,4.0
0.07899999619          ,4.0
0.07909999788          ,4.0
0.07919999957          ,4.0
0.07929999381          ,4.0
0.07939999551          ,4.0
0.07949999719999999    ,4.4000001
0.07959999889          ,4.80000019
0.07969999313          ,6.0
0.07979999482999998    ,6.0
0.07989999652          ,6.80000019
0.07999999821          ,7.599999905
0.08009999991          ,7.20000029
0.08019999415          ,6.80000019
0.08029999584          ,6.4000001
0.08039999752999999    ,6.0
0.08049999923          ,5.5999999
0.08059999347          ,5.20000029
0.08069999516          ,4.80000019
0.08079999685          ,4.4000001
0.08089999855          ,4.0
0.08100000024000001    ,4.0
0.08109999447999999    ,4.0
0.08119999617000001    ,4.0
0.08129999787          ,4.0
0.08139999956          ,4.0
0.0814999938           ,4.0
0.08159999549          ,4.0
0.08169999719          ,4.0
0.08179999887999999    ,4.0
0.08189999312000001    ,4.0
0.08199999481          ,4.0
0.08209999651000001    ,4.0
0.0821999982           ,4.0
0.08229999989          ,4.0
0.08239999414          ,4.0
0.08249999582999999    ,4.0
0.08259999752000001    ,4.0
0.08269999921          ,4.80000019
0.08279999346          ,5.20000029
0.08289999515          ,5.5999999
0.08299999683999999    ,6.4000001
0.08309999853          ,6.80000019
0.08320000022999999    ,8.400000572
0.08329999447          ,10.8000002
0.08339999616          ,15.1999998
0.08349999785000001    ,20.0
0.08359999955          ,24.39999962
0.08369999379          ,25.60000038
0.08379999548          ,24.39999962
0.08389999718          ,21.20000076
0.08399999887          ,17.6000004
0.08409999311000001    ,14.8000002
0.08419999480000001    ,12.8000002
0.0842999965           ,10.8000002
0.08439999819          ,9.600000381000001
0.08449999988          ,8.0
0.08459999412000001    ,7.599999905
0.08469999582          ,6.80000019
0.08479999751          ,6.0
0.08489999919999999    ,5.5999999
0.08499999344          ,5.20000029
0.08509999514000001    ,4.80000019
0.08519999683          ,4.80000019
0.08529999852          ,4.80000019
0.08540000022          ,4.4000001
0.08549999446          ,4.4000001
0.08559999615          ,4.4000001
0.08569999784          ,4.4000001
0.08579999954          ,4.0
0.08589999377999999    ,4.0
0.08599999547          ,4.0
0.08609999716          ,4.0
0.08619999886          ,4.0
0.0862999931           ,4.0
0.08639999479          ,3.60000014
0.08649999648          ,4.0
0.08659999818          ,4.0
0.08669999987          ,4.0
0.08679999411          ,4.0
0.0868999958           ,4.4000001
0.0869999975           ,4.4000001
0.08709999919          ,4.4000001
0.08719999343          ,5.20000029
0.08729999512          ,5.5999999
0.08739999682          ,6.0
0.08749999851          ,6.4000001
0.0876000002           ,6.80000019
0.08769999445          ,6.0
0.08779999614          ,5.5999999
0.08789999782999999    ,5.20000029
0.08799999952          ,4.80000019
0.08809999377000001    ,4.4000001
0.08819999546          ,4.80000019
0.08829999715          ,4.4000001
0.08839999884          ,4.4000001
0.08849999309          ,4.0
0.08859999478          ,4.4000001
0.08869999647          ,4.4000001
0.08879999815999999    ,4.4000001
0.08889999986          ,4.0
0.08899999410000001    ,4.0
0.08909999579          ,4.0
0.08919999749          ,4.4000001
0.08929999917999999    ,4.0
0.08939999342          ,4.0
0.08949999511          ,4.0
0.08959999681          ,4.0
0.0896999985           ,4.0
0.08980000018999999    ,3.60000014
0.08989999443          ,4.0
0.08999999613          ,4.0
0.09009999782          ,4.0
0.09019999950999999    ,4.0
0.09029999375          ,4.4000001
0.09039999544999999    ,5.20000029
0.09049999714          ,6.0
0.09059999883          ,6.80000019
0.09069999307          ,6.80000019
0.09079999477          ,7.599999905
0.09089999646          ,9.600000381000001
0.09099999815          ,13.1999998
0.09109999984999999    ,18.0
0.09119999409          ,22.39999962
0.09129999578          ,24.39999962
0.09139999747000001    ,24.0
0.09149999917000001    ,20.80000114
0.09159999341          ,17.2000008
0.0916999951           ,14.4000006
0.09179999678999999    ,12.4000006
0.09189999849          ,10.8000002
0.09200000017999999    ,9.199999809
0.09209999442          ,8.400000572
0.09219999611          ,7.599999905
0.09229999780999999    ,6.80000019
0.0923999995           ,6.0
0.09249999374          ,5.5999999
0.09259999543          ,5.20000029
0.09269999712999999    ,4.80000019
0.09279999882000001    ,4.80000019
0.09289999306          ,4.4000001
0.09299999476          ,4.4000001
0.09309999645          ,4.0
0.09319999813999999    ,4.0
0.09329999983          ,4.0
0.09339999407999999    ,4.0
0.09349999577          ,4.0
0.09359999745999999    ,4.0
0.09369999914999999    ,4.0
0.0937999934           ,4.0
0.09389999509          ,4.0
0.09399999678          ,4.0
0.09409999847000002    ,4.0
0.09420000017          ,4.0
0.09429999440999999    ,4.0
0.0943999961           ,4.0
0.0944999978           ,4.0
0.09459999948999999    ,3.60000014
0.09469999373          ,4.0
0.09479999542000002    ,4.0
0.09489999712000001    ,4.4000001
0.09499999881000001    ,4.4000001
0.09509999305          ,5.5999999
0.09519999473999999    ,6.0
0.09529999643999999    ,6.0
0.09539999813          ,5.5999999
0.09549999982000001    ,5.20000029
0.09559999406          ,4.80000019
0.09569999575999999    ,4.4000001
0.09579999745          ,4.4000001
0.09589999913999998    ,4.4000001
0.09599999338          ,4.0
0.09609999508          ,4.0
0.09619999677          ,4.0
0.09629999846000001    ,4.0
0.09639999269999999    ,4.0
0.0964999944           ,4.0
0.09659999608999999    ,4.0
0.09669999777999999    ,4.0
0.09679999948          ,4.0
0.09689999372000001    ,4.0
0.09699999541000001    ,4.0
0.09709999710000002    ,4.0
0.0971999988           ,4.0
0.09729999303999999    ,4.0
0.09739999473          ,4.0
0.09749999642000001    ,4.0
0.09759999812          ,4.0
0.09769999981000001    ,4.0
0.09779999404999999    ,4.0
0.09789999574          ,4.4000001
0.09799999743999999    ,5.20000029
0.09809999912999999    ,6.0
0.09819999337000002    ,6.4000001
0.09829999507          ,6.80000019
0.09839999676000001    ,7.599999905
0.09849999845          ,10.4000006
0.09859999269          ,14.0
0.09869999438999999    ,18.8000011
0.09879999608          ,22.39999962
0.09889999777000001    ,24.0
0.09899999946          ,23.20000076
0.09909999370999999    ,20.39999962
0.09919999539999999    ,16.8000011
0.09929999709          ,14.0
0.09939999877999998    ,12.0
0.09949999303          ,10.0
0.09959999472000002    ,8.400000572
0.09969999641          ,7.599999905
0.09979999811000001    ,7.20000029
0.0998999998           ,6.4000001
0.09999999404          ,6.0
0.1000999957           ,5.20000029
0.1001999974           ,5.20000029
0.1002999991           ,4.80000019
0.1003999934           ,4.80000019
0.1004999951           ,4.4000001
0.1005999967           ,4.4000001
0.1006999984           ,4.0
0.1007999927           ,4.0
0.1008999944           ,4.0
0.10099999609999999    ,4.0
0.1010999978           ,4.0
0.1011999995           ,3.60000014
0.1012999937           ,3.60000014
0.10139999539999998    ,4.0
0.1014999971           ,3.60000014
0.10159999880000001    ,4.0
0.101699993            ,4.0
0.10179999470000001    ,4.0
0.10189999640000001    ,4.0
0.1019999981           ,4.0
0.10209999980000001    ,4.0
0.102199994            ,4.0
0.10229999570000001    ,4.4000001
0.1023999974           ,4.4000001
0.1024999991           ,4.0
0.1025999933           ,4.0
0.102699995            ,4.4000001
0.1027999967           ,4.4000001
0.1028999984           ,4.4000001
0.1029999927           ,4.0
0.10309999439999999    ,4.0
0.1031999961           ,4.0
0.10329999769999999    ,4.0
0.1033999994           ,4.0
0.10349999369999999    ,4.0
0.10359999539999999    ,4.0
0.10369999710000001    ,4.0
0.10379999880000002    ,4.0
0.10389999300000001    ,4.0
0.1039999947           ,4.0
0.1040999964           ,4.0
0.10419999810000001    ,4.4000001
0.1042999998           ,4.4000001
0.10439999400000001    ,4.4000001
0.1044999957           ,4.4000001
0.1045999974           ,4.4000001
0.1046999991           ,4.0
0.1047999933           ,4.0
0.104899995            ,4.0
0.1049999967           ,4.0
0.1050999984           ,3.60000014
0.1051999927           ,4.0
0.10529999429999999    ,4.0
0.105399996            ,4.0
0.1054999977           ,4.4000001
0.10559999939999999    ,4.80000019
0.1056999937           ,5.5999999
0.10579999539999999    ,6.4000001
0.1058999971           ,6.80000019
0.10599999869999999    ,7.599999905
0.106099993            ,9.600000381000001
0.10619999470000001    ,13.6000004
0.1062999964           ,17.6000004
0.1063999981           ,21.60000038
0.10649999980000001    ,23.60000038
0.106599994            ,22.80000114
0.10669999570000001    ,20.0
0.1067999974           ,16.3999996
0.1068999991           ,14.0
0.1069999933           ,11.6000004
0.107099995            ,10.0
0.1071999967           ,8.800000191
0.1072999984           ,7.599999905
0.1073999926           ,7.20000029
0.1074999943           ,6.80000019
0.10759999599999999    ,6.0
0.1076999977           ,6.0
0.1077999994           ,5.20000029
0.10789999369999999    ,4.80000019
0.10799999539999999    ,4.4000001
0.10809999699999999    ,4.4000001
0.1081999987           ,4.4000001
0.10829999300000001    ,4.0
0.1083999947           ,4.0
0.1084999964           ,4.0
0.10859999810000001    ,4.0
0.10869999970000001    ,4.0
0.108799994            ,4.0
0.1088999957           ,4.0
0.1089999974           ,4.0
0.1090999991           ,3.60000014
0.1091999933           ,4.0
0.109299995            ,4.0
0.1093999967           ,4.0
0.10949999839999999    ,4.0
0.1095999926           ,4.0
0.10969999429999999    ,4.0
0.109799996            ,4.0
0.1098999977           ,4.0
0.10999999939999999    ,4.0
0.11009999359999999    ,4.0
0.11019999529999999    ,3.60000014
0.110299997            ,4.0
0.11039999869999999    ,4.0
0.110499993            ,4.4000001
0.11059999470000001    ,4.4000001
0.1106999964           ,4.4000001
0.11079999800000001    ,4.4000001
0.1108999997           ,4.4000001
0.110999994            ,4.4000001
0.11109999570000001    ,4.0
0.1111999974           ,4.0
0.1112999991           ,3.60000014
0.1113999933           ,4.0
0.111499995            ,3.60000014
0.1115999967           ,4.0
0.1116999984           ,4.0
0.1117999926           ,4.0
0.1118999943           ,4.0
0.11199999599999999    ,4.0
0.1120999977           ,4.0
0.1121999994           ,4.0
0.1122999936           ,4.0
0.1123999953           ,4.0
0.11249999699999999    ,3.60000014
0.1125999987           ,4.0
0.11269999300000001    ,3.60000014
0.11279999460000001    ,4.0
0.11289999630000001    ,4.0
0.112999998            ,4.0
0.11309999230000001    ,4.80000019
0.113199994            ,5.20000029
0.1132999957           ,5.5999999
0.11339999740000001    ,6.0
0.113499999            ,6.80000019
0.11359999330000001    ,7.599999905
0.113699995            ,9.199999809
0.1137999967           ,12.4000006
0.1138999984           ,16.8000011
0.1139999926           ,20.80000114
0.1140999943           ,22.39999962
0.114199996            ,22.0
0.11429999769999999    ,19.2000008
0.1143999994           ,16.0
0.11449999359999999    ,12.8000002
0.1145999953           ,11.1999998
0.114699997            ,9.600000381000001
0.11479999869999999    ,8.0
0.1148999929           ,7.20000029
0.1149999946           ,6.80000019
0.11509999630000001    ,6.0
0.11519999800000001    ,5.5999999
0.1152999923           ,4.80000019
0.115399994            ,4.80000019
0.1154999956           ,4.80000019
0.11559999730000001    ,4.4000001
0.115699999            ,4.0
0.1157999933           ,4.4000001
0.115899995            ,4.4000001
0.1159999967           ,4.0
0.1160999984           ,4.0
0.1161999926           ,4.0
0.1162999943           ,4.0
0.11639999599999999    ,3.60000014
0.1164999977           ,4.0
0.1165999994           ,4.0
0.1166999936           ,4.0
0.11679999529999999    ,4.0
0.11689999699999999    ,4.0
0.1169999987           ,4.0
0.11709999289999999    ,4.0
0.11719999460000001    ,4.0
0.11729999630000001    ,4.0
0.117399998            ,4.0
0.11749999230000001    ,4.0
0.1175999939           ,4.0
0.11769999560000001    ,4.0
0.1177999973           ,3.60000014
0.117899999            ,4.0
0.1179999933           ,3.60000014
0.118099995            ,4.0
0.1181999967           ,4.0
0.1182999983           ,3.60000014
0.1183999926           ,4.0
0.1184999943           ,4.0
0.118599996            ,3.60000014
0.11869999769999999    ,4.0
0.1187999994           ,4.0
0.11889999359999999    ,4.0
0.1189999953           ,4.0
0.119099997            ,3.60000014
0.11919999869999999    ,3.60000014
0.11929999289999998    ,4.0
0.1193999946           ,4.0
0.11949999630000001    ,4.0
0.11959999800000001    ,4.0
0.11969999220000001    ,4.0
0.11979999390000001    ,4.0
0.1198999956           ,3.60000014
0.11999999730000001    ,4.0
0.120099999            ,4.0
0.1201999933           ,4.0
0.1202999949           ,4.0
0.1203999966           ,4.0
0.1204999983           ,4.0
0.1205999926           ,4.0
0.1206999943           ,4.4000001
0.12079999599999999    ,4.80000019
0.1208999977           ,5.20000029
0.1209999993           ,6.0
0.1210999936           ,6.4000001
0.12119999529999999    ,7.20000029
0.12129999699999999    ,9.600000381000001
0.1213999987           ,13.1999998
0.12149999289999999    ,17.6000004
0.12159999460000001    ,20.80000114
0.1216999963           ,22.80000114
0.121799998            ,21.60000038
0.1218999922           ,19.2000008
0.1219999939           ,16.0
0.12209999560000001    ,13.1999998
0.1221999973           ,10.8000002
0.122299999            ,9.600000381000001
0.1223999932           ,8.0
0.1224999949           ,7.20000029
0.1225999966           ,6.4000001
0.1226999983           ,6.4000001
0.12279999259999999    ,5.5999999
0.1228999943           ,5.5999999
0.12299999589999999    ,5.20000029
0.1230999976           ,4.80000019
0.1231999993           ,4.80000019
0.12329999359999999    ,4.4000001
0.1233999953           ,4.4000001
0.12349999699999999    ,4.0
0.12359999869999999    ,4.0
0.12369999289999999    ,4.0
0.1237999946           ,4.0
0.12389999630000001    ,4.0
0.12399999800000001    ,4.0
0.12409999220000001    ,4.0
0.1241999939           ,4.0
0.1242999956           ,4.0
0.12439999730000001    ,4.0
0.124499999            ,4.0
0.12459999320000001    ,4.0
0.1246999949           ,4.0
0.1247999966           ,4.0
0.1248999983           ,4.0
0.1249999925           ,4.0
0.1251000017           ,4.0
0.1251999885           ,4.0
0.1252999902           ,4.0
0.1253999919           ,3.60000014
0.1254999936           ,4.0
0.1255999953           ,4.0
0.1256999969           ,4.0
0.1257999986           ,4.4000001
0.12590000029999998    ,4.4000001
0.126000002            ,4.0
0.1260999888           ,4.0
0.1261999905           ,4.0
0.12629999220000002    ,4.0
0.1263999939           ,4.0
0.1264999956           ,3.60000014
0.12659999730000002    ,3.60000014
0.126699999            ,4.0
0.1268000007           ,4.0
0.1269000024           ,4.0
0.1269999892           ,4.0
0.1270999908           ,4.4000001
0.1271999925           ,4.0
0.1272999942           ,4.0
0.1273999959           ,4.0
0.1274999976           ,4.0
0.1275999993           ,4.0
0.127700001            ,4.0
0.1278000027           ,4.0
0.1278999895           ,4.0
0.1279999912           ,4.0
0.1280999929           ,4.0
0.1281999946           ,4.0
0.1282999963           ,4.0
0.12839999789999998    ,4.80000019
0.1284999996           ,5.20000029
0.12860000130000002    ,6.0
0.128700003            ,6.4000001
0.12879998980000001    ,7.20000029
0.1288999915           ,9.199999809
0.1289999932           ,12.8000002
0.12909999490000001    ,16.8000011
0.1291999966           ,20.39999962
0.1292999983           ,22.0
0.1294                 ,20.80000114
0.1295000017           ,18.3999996
0.12959998849999999    ,15.6000004
0.1296999902           ,12.8000002
0.1297999918           ,10.8000002
0.1298999935           ,9.600000381000001
0.1299999952           ,8.400000572
0.1300999969           ,7.20000029
0.1301999986           ,6.80000019
0.1303000003           ,6.0
0.130400002            ,5.5999999
0.13049998880000002    ,5.20000029
0.1305999905           ,4.80000019
0.1306999922           ,4.80000019
0.1307999939           ,4.4000001
0.1308999956           ,4.0
0.1309999973           ,4.0
0.131099999            ,4.0
0.1312000006           ,4.0
0.1313000023           ,4.0
0.1313999891           ,4.0
0.1314999908           ,3.60000014
0.1315999925           ,4.0
0.1316999942           ,3.60000014
0.1317999959           ,4.0
0.13189999759999999    ,3.60000014
0.1319999993           ,4.0
0.132100001            ,4.0
0.13220000269999999    ,4.0
0.1322999895           ,4.0
0.13239999119999998    ,4.0
0.1324999928           ,4.0
0.13259999449999998    ,4.0
0.1326999962           ,4.0
0.1327999979           ,4.0
0.1328999996           ,4.0
0.1330000013           ,3.60000014
0.1330999881           ,3.60000014
0.1331999898           ,3.60000014
0.1332999915           ,3.60000014
0.1333999932           ,3.60000014
0.1334999949           ,4.0
0.1335999966           ,3.60000014
0.1336999983           ,4.0
0.1338                 ,4.0
0.1339000016           ,3.60000014
0.1339999884           ,4.0
0.1340999901           ,4.0
0.1341999918           ,4.0
0.1342999935           ,4.0
0.13439999519999998    ,4.0
0.1344999969           ,4.0
0.1345999986           ,4.0
0.13470000029999998    ,4.0
0.134800002            ,4.0
0.1348999888           ,4.0
0.1349999905           ,4.0
0.13509999220000002    ,4.0
0.1351999938           ,4.0
0.13529999550000002    ,4.0
0.1353999972           ,4.0
0.1354999989           ,4.0
0.1356000006           ,4.0
0.1357000023           ,4.0
0.1357999891           ,4.0
0.1358999908           ,4.4000001
0.1359999925           ,4.80000019
0.1360999942           ,5.5999999
0.1361999959           ,6.0
0.1362999976           ,6.0
0.1363999993           ,7.20000029
0.136500001            ,8.800000191
0.1366000026           ,12.0
0.1366999894           ,16.0
0.1367999911           ,19.6000004
0.13689999279999998    ,21.20000076
0.1369999945           ,20.39999962
0.1370999962           ,17.6000004
0.13719999789999998    ,14.4000006
0.1372999996           ,12.4000006
0.13740000130000002    ,10.4000006
0.1374999881           ,8.800000191
0.13759998980000002    ,7.599999905
0.1376999915           ,7.20000029
0.1377999932           ,6.80000019
0.1378999949           ,6.4000001
0.1379999965           ,6.0
0.1380999982           ,5.20000029
0.1381999999           ,4.80000019
0.1383000016           ,4.80000019
0.1383999884           ,4.4000001
0.1384999901           ,4.4000001
0.1385999918           ,4.4000001
0.1386999935           ,4.0
0.1387999952           ,4.0
0.1388999969           ,4.0
0.1389999986           ,4.0
0.1391000003           ,4.0
0.139200002            ,4.0
0.1392999887           ,4.0
0.13939999039999998    ,4.0
0.1394999921           ,4.0
0.13959999380000002    ,4.0
0.1396999955           ,4.0
0.1397999972           ,4.0
0.13989999890000002    ,4.0
0.1400000006           ,4.0
0.1401000023           ,4.0
0.1401999891           ,4.0
0.1402999908           ,4.0
0.1403999925           ,4.0
0.1404999942           ,4.0
0.1405999959           ,4.0
0.1406999975           ,4.0
0.1407999992           ,4.0
0.1409000009           ,4.0
0.1410000026           ,4.0
0.1410999894           ,4.0
0.1411999911           ,4.0
0.1412999928           ,3.60000014
0.1413999945           ,4.0
0.1414999962           ,3.60000014
0.1415999979           ,4.0
0.14169999960000002    ,4.0
0.1418000013           ,4.0
0.1418999881           ,4.0
0.1419999897           ,4.0
0.14209999140000001    ,4.0
0.1421999931           ,4.0
0.1422999948           ,4.0
0.14239999650000001    ,4.0
0.1424999982           ,4.0
0.1425999999           ,4.0
0.14270000160000001    ,4.0
0.1427999884           ,4.0
0.14289999009999999    ,4.0
0.1429999918           ,4.0
0.1430999935           ,4.0
0.14319999519999999    ,3.60000014
0.1432999969           ,4.0
0.1433999985           ,4.0
0.1435000002           ,4.0
0.1436000019           ,4.4000001
0.1436999887           ,4.80000019
0.1437999904           ,5.5999999
0.1438999921           ,6.4000001
0.1439999938           ,6.80000019
0.1440999955           ,8.800000191
0.1441999972           ,12.0
0.1442999989           ,16.3999996
0.1444000006           ,19.6000004
0.1445000023           ,21.20000076
0.1445999891           ,20.39999962
0.1446999907           ,18.3999996
0.1447999924           ,15.6000004
0.1448999941           ,12.4000006
0.1449999958           ,10.8000002
0.1450999975           ,9.199999809
0.1451999992           ,7.599999905
0.1453000009           ,7.20000029
0.1454000026           ,6.4000001
0.1454999894           ,6.0
0.1455999911           ,6.0
0.14569999279999998    ,5.5999999
0.1457999945           ,4.80000019
0.1458999962           ,4.80000019
0.14599999789999998    ,4.4000001
0.1460999995           ,4.0
0.14620000119999998    ,4.0
0.14629998800000002    ,4.0
0.1463999897           ,4.0
0.1464999914           ,3.60000014
0.1465999931           ,4.0
0.1466999948           ,4.0
0.1467999965           ,4.0
0.1468999982           ,4.0
0.1469999999           ,4.0
0.1471000016           ,4.0
0.1471999884           ,4.0
0.1472999901           ,4.0
0.1473999918           ,4.0
0.1474999934           ,3.60000014
0.1475999951           ,3.60000014
0.1476999968           ,4.0
0.1477999985           ,3.60000014
0.1479000002           ,4.0
0.14800000189999998    ,4.0
0.1480999887           ,4.4000001
0.14819999039999998    ,3.60000014
0.1482999921           ,4.0
0.14839999380000002    ,4.0
0.14849999547          ,4.0
0.14859999715999997    ,4.0
0.14869999886          ,4.4000001
0.14880000055          ,4.0
0.14890000224000002    ,4.0
0.14899998903          ,4.0
0.14909999073          ,4.0
0.14919999242          ,4.0
0.14929999410999997    ,4.0
0.1493999958           ,4.0
0.1494999975           ,4.0
0.14959999919000003    ,4.0
0.14970000088          ,4.0
0.14979998767          ,4.0
0.14989998937000001    ,4.0
0.14999999105999998    ,4.0
0.15009999275          ,4.0
0.15019999444          ,4.0
0.15029999614          ,4.0
0.15039999783          ,3.60000014
0.15049999951999998    ,3.60000014
0.15060000122          ,3.60000014
0.15069998800999998    ,3.60000014
0.1507999897           ,3.60000014
0.15089999139000002    ,3.60000014
0.15099999309          ,4.0
0.15109999478          ,4.4000001
0.15119999647          ,4.80000019
0.15129999816          ,5.20000029
0.15139999986          ,6.0
0.15150000154999999    ,6.4000001
0.15159998834000002    ,6.80000019
0.15169999002999998    ,8.800000191
0.15179999173          ,12.0
0.15189999342          ,16.0
0.15199999511          ,18.8000011
0.15209999681          ,20.39999962
0.1521999985           ,19.6000004
0.15230000019          ,16.8000011
0.15240000188          ,14.0
0.15249998867999998    ,11.6000004
0.15259999037          ,10.0
0.15269999205999998    ,8.800000191
0.15279999375          ,7.599999905
0.15289999545          ,6.80000019
0.15299999714          ,6.4000001
0.15309999883          ,6.0
0.15320000052000002    ,5.5999999
0.15330000222          ,5.5999999
0.15339998901          ,4.80000019
0.1534999907           ,4.4000001
0.15359999239          ,4.80000019
0.15369999409000001    ,4.80000019
0.15379999578          ,4.4000001
0.15389999747000002    ,4.4000001
0.15399999917          ,4.0
0.15410000086          ,4.0
0.15419998765          ,4.0
0.15429998934          ,4.0
0.15439999104          ,4.0
0.15449999273          ,4.0
0.15459999442          ,4.0
0.15469999611          ,3.60000014
0.15479999781          ,4.0
0.1548999995           ,4.0
0.15500000119000001    ,4.0
0.15509998798          ,3.60000014
0.15519998968          ,3.60000014
0.15529999137          ,4.0
0.15539999306          ,4.0
0.15549999475          ,4.0
0.15559999645          ,4.4000001
0.15569999814000002    ,4.80000019
0.15579999982999998    ,5.20000029
0.15590000153          ,5.20000029
0.15599998832          ,4.80000019
0.15609999001          ,4.4000001
0.1561999917           ,4.4000001
0.1562999934           ,4.4000001
0.15639999509000002    ,4.0
0.15649999677999998    ,4.0
0.15659999847          ,4.0
0.15670000017000002    ,4.0
0.15680000185999998    ,4.0
0.15689998865          ,4.0
0.15699999034          ,4.0
0.15709999204000002    ,4.0
0.15719999373          ,4.0
0.15729999542          ,4.0
0.15739999712000002    ,4.0
0.15749999880999999    ,4.0
0.1576000005           ,4.0
0.15770000219          ,4.0
0.15779998899          ,4.0
0.15789999068          ,3.60000014
0.15799999237          ,3.60000014
0.15809999406          ,3.60000014
0.15819999576          ,3.60000014
0.15829999744999998    ,4.0
0.15839999914          ,4.0
0.15850000083          ,4.0
0.15859998763          ,4.0
0.15869998932          ,4.0
0.15879999101          ,4.0
0.1588999927           ,4.0
0.15899999439999998    ,4.0
0.15909999609          ,4.0
0.15919999778          ,4.0
0.15929999947999998    ,4.0
0.15940000117          ,4.80000019
0.15949998795999998    ,4.80000019
0.15959998965          ,5.20000029
0.15969999135          ,5.20000029
0.15979999304          ,5.20000029
0.15989999473          ,4.80000019
0.15999999642          ,4.80000019
0.16009999812          ,4.4000001
0.16019999981          ,4.4000001
0.1603000015           ,4.4000001
0.16039998829000002    ,4.4000001
0.16049998999          ,4.0
0.16059999168          ,4.0
0.16069999337000002    ,4.0
0.16079999505999998    ,4.0
0.16089999676          ,4.0
0.16099999845000001    ,4.0
0.16110000014          ,4.0
0.16120000184          ,4.0
0.16129998863          ,4.0
0.16139999032          ,4.0
0.16149999200999998    ,4.0
0.16159999371          ,4.0
0.1616999954           ,3.60000014
0.16179999709          ,4.0
0.16189999878          ,4.0
0.16200000048000002    ,4.0
0.16210000217          ,3.60000014
0.16219998895999999    ,4.0
0.16229999065          ,3.60000014
0.16239999235          ,4.0
0.16249999404          ,3.60000014
0.16259999573          ,4.0
0.16269999743          ,3.60000014
0.16279999912          ,3.60000014
0.16290000080999997    ,3.60000014
0.1629999876           ,4.0
0.1630999893           ,4.0
0.16319999099000002    ,4.0
0.16329999268          ,4.0
0.16339999437          ,4.4000001
0.16349999607000001    ,4.0
0.16359999775999998    ,4.4000001
0.16369999945          ,4.4000001
0.16380000114          ,4.4000001
0.16389998794000002    ,4.4000001
0.16399998962999998    ,4.0
0.16409999132          ,4.0
0.16419999301          ,4.0
0.16429999470999998    ,4.0
0.1643999964           ,4.0
0.16449999809000002    ,4.0
0.16459999979          ,4.0
0.16470000148          ,4.0
0.16479998827          ,4.0
0.16489998996          ,4.0
0.16499999165999998    ,3.60000014
0.16509999335          ,3.60000014
0.16519999504000002    ,4.0
0.16529999673          ,4.0
0.16539999843          ,4.0
0.16550000012          ,4.0
0.16560000181          ,3.60000014
0.1656999886           ,4.0
0.1657999903           ,4.0
0.16589999199000002    ,3.60000014
0.16599999367999999    ,4.0
0.16609999537          ,3.60000014
0.16619999707          ,4.0
0.16629999875999998    ,4.0
0.16640000045          ,4.0
0.16649998724          ,3.60000014
0.16659998894          ,4.0
0.16669999063          ,4.0
0.16679999232          ,3.60000014
0.16689999402          ,4.0
0.16699999571          ,3.60000014
0.1670999974           ,4.0
0.16719999909000002    ,4.0
0.16730000079000001    ,4.0
0.16739998758          ,4.0
0.16749998927          ,4.0
0.16759999096          ,4.0
0.16769999266          ,4.0
0.16779999434999998    ,4.0
0.16789999604000003    ,4.0
0.16799999774          ,4.0
0.16809999943          ,4.0
0.16820000112          ,4.0
0.16829998790999998    ,4.0
0.16839998960000002    ,4.0
0.16849999129999998    ,3.60000014
0.16859999299000003    ,3.60000014
0.16869999468          ,4.0
0.16879999638          ,3.60000014
0.16889999807          ,4.0
0.16899999976          ,3.60000014
0.16910000145          ,3.60000014
0.16919998825          ,3.60000014
0.16929998994000003    ,4.0
0.16939999163          ,4.0
0.16949999332000001    ,4.0
0.16959999502          ,4.0
0.16969999671          ,4.0
0.16979999839999999    ,4.0
0.1699000001           ,4.0
0.17000000179000002    ,4.0
0.17009998858          ,4.0
0.17019999027          ,3.60000014
0.17029999197          ,3.60000014
0.17039999366          ,4.0
0.17049999535          ,4.0
0.17059999704          ,3.60000014
0.17069999874000003    ,4.0
0.17080000043          ,3.60000014
0.17089998722          ,4.0
0.17099998890999998    ,3.60000014
0.17109999061          ,4.0
0.1711999923           ,4.0
0.17129999399          ,4.0
0.17139999568          ,4.0
0.17149999738          ,4.0
0.17159999907          ,4.0
0.17170000075999997    ,4.0
0.17179998754999998    ,4.0
0.17189998925          ,3.60000014
0.17199999094          ,4.0
0.17209999263          ,4.0
0.17219999433          ,3.60000014
0.17229999602          ,3.60000014
0.17239999770999997    ,4.0
0.17249999940000002    ,4.0
0.17260000109999998    ,4.0
0.17269998789000002    ,3.60000014
0.17279998958          ,4.0
0.17289999127          ,3.60000014
0.17299999297000002    ,3.60000014
0.17309999465999998    ,4.0
0.17319999635000002    ,3.60000014
0.17329999804000001    ,4.0
0.17339999974          ,4.0
0.17350000143          ,3.60000014
0.17359998822          ,3.60000014
0.17369998991          ,4.0
0.17379999160999998    ,4.0
0.17389999329999997    ,4.0
0.17399999499000002    ,4.0
0.17409999669          ,4.0
0.17419999838          ,4.0
0.17430000007          ,4.0
0.17440000175999998    ,4.0
0.17449998855999999    ,3.60000014
0.17459999024999998    ,4.0
0.17469999194000002    ,4.0
0.17479999362999998    ,4.0
0.17489999533          ,4.0
0.17499999702          ,3.60000014
0.17509999870999998    ,4.0
0.17520000040999997    ,4.0
0.17529998719999998    ,4.0
0.17539998889000002    ,4.0
0.17549999058          ,4.0
0.17559999228          ,4.0
0.17569999397          ,3.60000014
0.17579999565999999    ,4.0
0.17589999735          ,4.0
0.17599999905000002    ,4.0
0.17610000074          ,4.0
0.17619998753          ,4.0
0.17629998922          ,4.0
0.17639999092          ,4.0
0.17649999261          ,4.0
0.1765999943           ,4.0
0.17669999599          ,3.60000014
0.17679999769000002    ,4.0
0.17689999938          ,4.0
0.17700000107          ,4.0
0.17709998785999997    ,4.0
0.17719998956          ,4.0
0.17729999125          ,4.0
0.17739999294          ,4.0
0.17749999464000002    ,4.0
0.17759999633          ,4.0
0.17769999802          ,4.0
0.17779999971000002    ,4.0
0.17790000140999998    ,4.0
0.17799998820000001    ,4.0
0.17809998989          ,4.0
0.17819999158          ,4.0
0.17829999327999999    ,4.0
0.17839999497          ,4.4000001
0.17849999665999997    ,4.0
0.17859999835          ,4.0
0.17870000005          ,4.0
0.17880000174000002    ,4.0
0.17889998853          ,4.0
0.17899999022          ,4.0
0.17909999192          ,3.60000014
0.17919999360999997    ,4.0
0.17929999530000001    ,4.0
0.179399997            ,4.0
0.17949999869000002    ,4.0
0.17960000037999999    ,3.60000014
0.17969998717          ,4.0
0.17979998887          ,4.0
0.17989999055999997    ,4.0
0.17999999225000002    ,4.0
0.18009999394          ,4.0
0.18019999564          ,4.0
0.18029999733          ,3.60000014
0.18039999901999998    ,4.0
0.18050000072          ,3.60000014
0.18059998750999998    ,4.0
0.18069998920000002    ,3.60000014
0.18079999089          ,3.60000014
0.18089999259          ,4.0
0.18099999428          ,4.0
0.18109999596999998    ,4.0
0.18119999766          ,4.0
0.18129999936000002    ,4.0
0.18140000105          ,4.0
0.18149998784000002    ,4.0
0.18159998952999998    ,4.0
0.18169999123          ,3.60000014
0.18179999292          ,4.0
0.18189999461          ,4.0
0.1819999963           ,4.0
0.182099998            ,3.60000014
0.18219999969          ,3.60000014
0.18230000138          ,4.0
0.18239998817000003    ,4.0
0.18249998987          ,4.0
0.18259999156          ,4.0
0.18269999325          ,4.0
0.18279999495000002    ,4.0
0.18289999664          ,4.0
0.18299999833          ,4.0
0.18310000002000001    ,4.0
0.18319998682          ,3.60000014
0.18329998851          ,3.60000014
0.1833999902           ,3.60000014
0.18349999189          ,3.60000014
0.18359999359          ,3.60000014
0.18369999528          ,3.60000014
0.18379999697000002    ,4.0
0.18389999866          ,4.0
0.18400000035999997    ,4.0
0.18409998715          ,4.0
0.18419998884          ,4.0
0.18429999052999999    ,4.0
0.18439999223          ,3.60000014
0.18449999392000002    ,3.60000014
0.18459999561          ,4.0
0.18469999730999997    ,4.0
0.184799999            ,4.0
0.18490000069          ,4.0
0.18499998748          ,3.60000014
0.18509998917999998    ,4.0
0.18519999087000003    ,4.0
0.18529999255999996    ,4.0
0.18539999425          ,4.0
0.18549999595          ,4.0
0.18559999764000001    ,4.0
0.18569999932999998    ,4.0
0.18580000103          ,4.0
0.18589998782000003    ,4.0
0.18599998950999996    ,4.0
0.1860999912           ,4.0
0.1861999929           ,3.60000014
0.18629999459000002    ,4.0
0.18639999627999998    ,4.0
0.18649999797000003    ,4.0
0.18659999967          ,4.0
0.18670000136          ,3.60000014
0.18679998815          ,3.60000014
0.18689998984          ,4.0
0.18699999154          ,3.60000014
0.18709999322999998    ,4.0
0.18719999491999997    ,4.0
0.18729999661          ,4.0
0.18739999831          ,4.0
0.1875                 ,4.0
0.18759998679          ,4.0
0.18769998848000002    ,4.0
0.18779999018          ,4.0
0.18789999186999998    ,4.0
0.18799999356          ,4.0
0.18809999526          ,3.60000014
0.18819999695          ,4.0
0.18829999864          ,4.0
0.18840000033          ,4.0
0.18849998713          ,4.0
0.18859998881999998    ,3.60000014
0.18869999051          ,4.0
0.1887999922           ,3.60000014
0.1888999939           ,3.60000014
0.18899999559          ,4.0
0.18909999728000002    ,3.60000014
0.18919999897          ,4.0
0.18930000067000002    ,4.0
0.18939998746          ,4.0
0.18949998915          ,4.0
0.18959999084000004    ,4.0
0.18969999254          ,4.0
0.18979999423          ,4.0
0.18989999592          ,4.0
0.18999999762000003    ,4.0
0.19009999931          ,4.0
0.190200001            ,4.0
0.19029998778999999    ,4.0
0.19039998949          ,4.0
0.19049999118          ,4.0
0.19059999287          ,4.0
0.19069999456          ,4.0
0.19079999626          ,4.0
0.19089999795          ,4.0
0.19099999964000003    ,4.0
0.19110000134          ,4.0
0.19119998813          ,4.0
0.19129998982000002    ,4.0
0.19139999151          ,4.0
0.19149999321          ,4.0
0.1915999949           ,4.0
0.19169999659          ,4.0
0.19179999827999997    ,4.0
0.19189999997999999    ,4.0
0.19199998677000002    ,4.0
0.19209998846          ,4.0
0.19219999015          ,4.0
0.19229999185          ,4.0
0.19239999354          ,4.0
0.19249999522999997    ,4.0
0.19259999692000002    ,4.0
0.19269999862          ,4.0
0.19280000031          ,4.0
0.1928999871           ,4.0
0.19299998879          ,4.0
0.19309999049          ,4.0
0.19319999217999997    ,4.0
0.19329999387000002    ,3.60000014
0.19339999557          ,4.0
0.19349999726          ,4.0
0.19359999895          ,3.60000014
0.19370000063999998    ,4.0
0.19379998744000002    ,3.60000014
0.19389998912999998    ,4.0
0.19399999082000002    ,4.0
0.19409999250999999    ,3.60000014
0.19419999421          ,4.0
0.1942999959           ,3.60000014
0.19439999758999998    ,3.60000014
0.19449999928          ,4.0
0.19460000098000002    ,4.0
0.19469998777          ,4.0
0.19479998946          ,4.0
0.19489999114999998    ,4.0
0.19499999285          ,4.0
0.19509999454          ,4.0
0.19519999623          ,4.0
0.19529999792999997    ,3.60000014
0.19539999962000001    ,4.0
0.19550000130999998    ,4.0
0.19559998809999998    ,4.0
0.1956999898           ,3.60000014
0.19579999149          ,4.0
0.19589999318          ,3.60000014
0.19599999487          ,4.0
0.19609999657000002    ,4.0
0.19619999825999998    ,3.60000014
0.19629999995          ,3.60000014
0.19639998674000003    ,3.60000014
0.19649998844          ,3.60000014
0.19659999013          ,3.60000014
0.19669999182          ,3.60000014
0.19679999352000002    ,4.0
0.19689999520999998    ,4.0
0.1969999969           ,3.60000014
0.19709999859000002    ,3.60000014
0.19720000028999998    ,3.60000014
0.19729998708000002    ,3.60000014
0.19739998877          ,3.60000014
0.19749999046          ,4.0
0.19759999216          ,3.60000014
0.19769999385          ,3.60000014
0.19779999554000002    ,4.0
0.19789999723          ,4.0
0.19799999893          ,4.0
0.19810000062          ,4.0
0.19819998741          ,4.0
0.1982999891           ,4.0
0.19839999079999998    ,3.60000014
0.19849999249000003    ,3.60000014
0.19859999418          ,3.60000014
0.19869999588          ,4.0
0.19879999757          ,3.60000014
0.19889999926          ,3.60000014
0.19900000094999998    ,3.60000014
0.19909998774999998    ,4.0
0.19919998944000003    ,3.60000014
0.19929999113          ,4.0
0.19939999282          ,4.0
0.19949999452          ,4.0
0.19959999621          ,3.60000014
0.19969999789999998    ,4.0
0.19979999959000003    ,4.0
0.19989998639000003    ,4.0
0.19999998808          ,3.60000014
0.20009998977000001    ,4.0
0.20019999145999998    ,4.0
0.20029999316          ,3.60000014
0.20039999484999999    ,3.60000014
0.20049999654          ,3.60000014
0.20059999824000002    ,3.60000014
0.20069999993          ,4.0
0.20079998672000002    ,4.0
0.20089998840999998    ,4.0
0.20099999011          ,4.0
0.2010999918           ,3.60000014
0.20119999349          ,3.60000014
0.20129999518          ,3.60000014
0.20139999688000002    ,3.60000014
0.20149999857          ,3.60000014
0.20160000026          ,3.60000014
0.20169998704999997    ,4.0
0.20179998875          ,4.0
0.20189999044          ,4.0
0.20199999213          ,4.0
0.20209999382          ,4.0
0.20219999552          ,4.0
0.20229999721          ,4.0
0.20239999890000002    ,4.0
0.20250000059999998    ,4.0
0.20259998739          ,4.0
0.20269998908          ,3.60000014
0.20279999077          ,4.0
0.20289999247          ,4.0
0.20299999415999997    ,3.60000014
0.20309999585000002    ,4.0
0.20319999754          ,3.60000014
0.20329999924000003    ,3.60000014
0.20340000093          ,3.60000014
0.20349998772          ,3.60000014
0.20359998941          ,3.60000014
0.20369999110999998    ,3.60000014
0.20379999280000002    ,3.60000014
0.20389999449          ,3.60000014
0.20399999619000003    ,3.60000014
0.20409999788          ,3.60000014
0.20419999957          ,4.0
0.20429998636          ,4.0
0.20439998805999998    ,4.0
0.20449998975000003    ,4.0
0.20459999144000002    ,4.0
0.20469999313          ,4.0
0.20479999483          ,4.0
0.20489999652          ,4.0
0.20499999820999998    ,4.0
0.2050999999           ,4.0
0.20519998670000003    ,4.0
0.20529998839000002    ,4.0
0.20539999008          ,4.0
0.20549999177          ,4.0
0.20559999347          ,3.60000014
0.20569999515999998    ,4.0
0.20579999685          ,4.0
0.20589999855          ,3.60000014
0.20600000024          ,4.0
0.20609998703          ,4.0
0.20619998872          ,4.0
0.20629999042          ,3.60000014
0.20639999210999999    ,3.60000014
0.20649999379999998    ,3.60000014
0.20659999549000002    ,4.0
0.20669999719          ,4.0
0.20679999888          ,4.0
0.20690000057          ,4.0
0.20699998735999997    ,4.0
0.20709998906          ,4.0
0.20719999074999998    ,4.0
0.20729999244000002    ,4.0
0.20739999413          ,4.0
0.20749999583          ,4.0
0.20759999752          ,4.0
0.20769999921          ,4.0
0.20780000090999998    ,4.0
0.20789998769999998    ,4.0
0.20799998939          ,4.0
0.20809999108          ,4.0
0.20819999278          ,4.0
0.20829999447          ,4.0
0.20839999616000002    ,4.0
0.20849999785          ,4.0
0.20859999954999997    ,4.0
0.20869998634          ,4.0
0.20879998803          ,4.0
0.20889998971999998    ,4.0
0.20899999142          ,4.0
0.20909999311          ,4.0
0.2091999948           ,4.0
0.20929999649999997    ,4.0
0.20939999819000002    ,4.0
0.20949999987999998    ,4.0
0.20959998667          ,4.0
0.20969998837          ,4.0
0.20979999005999997    ,4.0
0.20989999175000001    ,4.0
0.20999999344          ,4.0
0.21009999514000002    ,4.0
0.21019999682999999    ,4.0
0.21029999852000003    ,4.0
0.21040000020999997    ,4.0
0.21049998700999997    ,4.0
0.21059998870000002    ,4.0
0.21069999039          ,3.60000014
0.21079999208          ,3.60000014
0.21089999378          ,4.0
0.21099999547000003    ,4.0
0.21109999715999997    ,4.0
0.21119999886          ,4.0
0.21130000055          ,4.0
0.21139998734          ,4.4000001
0.21149998903          ,4.0
0.21159999073          ,4.0
0.21169999241999998    ,4.0
0.21179999410999997    ,4.0
0.2118999958           ,3.60000014
0.2119999975           ,4.0
0.21209999919          ,4.0
0.21220000088          ,3.60000014
0.21229998767          ,4.0
0.21239998937          ,3.60000014
0.21249999105999998    ,4.0
0.21259999275          ,3.60000014
0.21269999444          ,3.60000014
0.21279999614          ,4.0
0.21289999783          ,4.0
0.21299999951999998    ,3.60000014
0.21309998630999996    ,4.0
0.21319998800999998    ,4.0
0.2132999897           ,4.0
0.21339999139000002    ,4.0
0.21349999309          ,4.0
0.21359999478          ,4.0
0.21369999647          ,4.0
0.21379999816          ,4.0
0.21389999985999997    ,4.0
0.21399998665          ,4.0
0.21409998834000002    ,4.0
0.21419999002999998    ,4.0
0.21429999173          ,4.0
0.21439999342          ,4.0
0.21449999511          ,4.0
0.21459999680999997    ,4.0
0.21469999850000002    ,4.0
0.21480000019          ,4.0
0.21489998698          ,4.0
0.21499998868          ,3.60000014
0.21509999036999997    ,4.0
0.21519999206          ,4.0
0.21529999375          ,4.0
0.21539999545000002    ,4.0
0.21549999714          ,4.0
0.21559999883          ,4.0
0.21570000051999996    ,4.0
0.21579998731999997    ,4.0
0.21589998901000002    ,4.0
0.2159999907           ,4.0
0.21609999239          ,4.0
0.21619999409000001    ,4.0
0.21629999578          ,4.0
0.21639999746999997    ,3.60000014
0.21649999916999998    ,3.60000014
0.21659998596000002    ,4.0
0.21669998765          ,4.0
0.21679998934          ,4.0
0.21689999104000002    ,4.0
0.21699999273          ,4.0
0.21709999441999997    ,4.0
0.21719999611          ,4.0
0.21729999781          ,4.0
0.2173999995           ,4.0
0.21749998629          ,4.0
0.21759998798          ,4.0
0.21769998968          ,4.0
0.21779999136999997    ,4.0
0.21789999306          ,4.0
0.21799999475          ,4.0
0.21809999645          ,4.0
0.21819999814          ,3.60000014
0.21829999983000004    ,4.0
0.21839998661999996    ,4.0
0.21849998831999998    ,4.0
0.21859999001          ,4.0
0.2186999917           ,4.0
0.2187999934           ,4.0
0.21889999509          ,4.0
0.21899999678000004    ,4.0
0.21909999847          ,3.60000014
0.21920000016999996    ,3.60000014
0.21929998696          ,4.0
0.21939998865          ,4.0
0.21949999034          ,4.0
0.21959999204          ,4.0
0.21969999373000004    ,3.60000014
0.21979999542          ,3.60000014
0.21989999711999997    ,4.0
0.21999999880999999    ,4.0
0.2201000005           ,4.0
0.22019998729          ,3.60000014
0.22029998899          ,3.60000014
0.22039999068000005    ,4.0
0.22049999237          ,4.0
0.22059999406          ,4.0
0.22069999575999996    ,4.0
0.22079999745          ,4.0
0.22089999914          ,4.0
0.22099998593000003    ,3.60000014
0.22109998763          ,3.60000014
0.22119998931999996    ,4.0
0.22129999101          ,3.60000014
0.2213999927           ,3.60000014
0.2214999944           ,3.60000014
0.22159999609          ,4.0
0.22169999778000002    ,3.60000014
0.22179999948000004    ,4.0
0.22189998626999996    ,3.60000014
0.22199998796          ,3.60000014
0.22209998965          ,4.0
0.22219999135000001    ,4.0
0.22229999304          ,4.0
0.22239999473000002    ,4.0
0.22249999641999998    ,4.0
0.22259999812          ,4.0
0.22269999981          ,4.0
0.2227999866           ,4.0
0.22289998829          ,4.0
0.22299998999          ,4.0
0.22309999168000003    ,4.0
0.22319999337          ,3.60000014
0.22329999505999998    ,3.60000014
0.22339999676          ,4.0
0.22349999845          ,4.0
0.22360000014000003    ,4.0
0.22369998693000004    ,4.0
0.22379998863000003    ,4.0
0.22389999031999996    ,3.60000014
0.22399999200999998    ,4.0
0.22409999371          ,3.60000014
0.2241999954           ,4.0
0.22429999709000004    ,4.0
0.22439999878000003    ,4.0
0.22450000048000002    ,4.0
0.22459998726999997    ,3.60000014
0.22469998895999999    ,4.0
0.22479999065          ,3.60000014
0.22489999235          ,4.0
0.22499999403999998    ,3.60000014
0.22509999573000003    ,3.60000014
0.22519999743000002    ,4.0
0.22529999911999996    ,3.60000014
0.22539998591          ,4.0
0.2254999876           ,3.60000014
0.2255999893           ,3.60000014
0.22569999099          ,4.0
0.22579999268000003    ,4.0
0.22589999437          ,4.0
0.22599999606999996    ,4.0
0.22609999776          ,4.0
0.22619999945          ,4.0
0.22629998624000003    ,4.0
0.22639998794          ,4.0
0.22649998963000004    ,4.0
0.22659999132          ,3.60000014
0.22669999301          ,4.0
0.22679999471          ,4.0
0.2268999964           ,4.0
0.22699999809000002    ,4.0
0.22709999979000003    ,4.0
0.22719998658000004    ,4.0
0.22729998827          ,3.60000014
0.22739998996          ,3.60000014
0.22749999165999998    ,3.60000014
0.22759999335          ,3.60000014
0.22769999504000002    ,4.0
0.22779999673          ,3.60000014
0.22789999843000003    ,3.60000014
0.22800000012          ,4.0
0.22809998691          ,4.0
0.2281999886           ,4.0
0.2282999903           ,3.60000014
0.22839999199000002    ,4.0
0.22849999368          ,4.0
0.22859999536999998    ,3.60000014
0.22869999707          ,3.60000014
0.22879999875999998    ,4.0
0.22890000045000003    ,4.0
0.22899998724          ,3.60000014
0.22909998894          ,4.0
0.22919999063000002    ,3.60000014
0.22929999231999998    ,4.0
0.22939999402          ,3.60000014
0.22949999571          ,3.60000014
0.22959999739999998    ,4.0
0.22969999909000002    ,3.60000014
0.22979998589          ,3.60000014
0.22989998758000002    ,3.60000014
0.22999998926999998    ,4.0
0.23009999096          ,4.0
0.23019999266          ,4.0
0.23029999434999998    ,4.0
0.23039999604000003    ,4.0
0.23049999774          ,3.60000014
0.23059999943000004    ,4.0
0.23069998622          ,4.0
0.23079998790999998    ,4.0
0.23089998960000002    ,3.60000014
0.23099999129999998    ,4.0
0.23109999299000003    ,4.0
0.23119999468000002    ,4.0
0.23129999638          ,4.0
0.23139999806999997    ,4.0
0.23149999976          ,4.0
0.23159998655000003    ,4.0
0.23169998825          ,4.0
0.23179998994000003    ,4.0
0.23189999163000002    ,4.0
0.23199999332          ,3.60000014
0.23209999501999998    ,3.60000014
0.23219999671          ,3.60000014
0.23229999839999999    ,3.60000014
0.2324000001           ,4.0
0.23249998688999998    ,4.0
0.23259998858000003    ,4.0
0.23269999027          ,4.0
0.23279999196999998    ,4.0
0.23289999366          ,4.0
0.23299999535          ,4.0
0.23309999704          ,4.0
0.23319999874000003    ,4.0
0.23329998553000003    ,3.60000014
0.23339998722          ,3.60000014
0.23349998890999998    ,4.0
0.23359999061          ,3.60000014
0.2336999923           ,4.0
0.23379999399          ,3.60000014
0.23389999568000003    ,4.0
